ISO-10303-21;
HEADER;
FILE_DESCRIPTION (( 'STEP AP214' ),
    '1' );
FILE_NAME ('Bottom.STEP',
    '2026-05-12T13:53:39',
    ( '' ),
    ( '' ),
    'SwSTEP 2.0',
    'SolidWorks 2025',
    '' );
FILE_SCHEMA (( 'AUTOMOTIVE_DESIGN' ));
ENDSEC;

DATA;
#1 = ORIENTED_EDGE ( 'NONE', *, *, #1287, .F. ) ;
#2 = EDGE_CURVE ( 'NONE', #672, #2041, #1941, .T. ) ;
#3 = CIRCLE ( 'NONE', #1642, 2.999999999999891642 ) ;
#4 = DIRECTION ( 'NONE',  ( 0.000000000000000000, 0.000000000000000000, 1.000000000000000000 ) ) ;
#5 = ORIENTED_EDGE ( 'NONE', *, *, #1741, .F. ) ;
#6 = DIRECTION ( 'NONE',  ( 0.000000000000000000, -1.000000000000000000, 0.000000000000000000 ) ) ;
#7 = FACE_OUTER_BOUND ( 'NONE', #2470, .T. ) ;
#8 = DIRECTION ( 'NONE',  ( 0.000000000000000000, 1.000000000000000000, 0.000000000000000000 ) ) ;
#9 = ORIENTED_EDGE ( 'NONE', *, *, #830, .F. ) ;
#10 = FACE_OUTER_BOUND ( 'NONE', #2331, .T. ) ;
#11 = EDGE_CURVE ( 'NONE', #1002, #681, #389, .T. ) ;
#12 = CIRCLE ( 'NONE', #1082, 0.7500000000000284217 ) ;
#13 = CIRCLE ( 'NONE', #2158, 1.250000000000084377 ) ;
#14 = EDGE_LOOP ( 'NONE', ( #2355, #761, #1799, #2389 ) ) ;
#15 = ADVANCED_FACE ( 'NONE', ( #1716 ), #673, .F. ) ;
#16 = CARTESIAN_POINT ( 'NONE',  ( 1004.669040948425391, 1036.688488887152062, 980.6486763635596162 ) ) ;
#17 = VECTOR ( 'NONE', #144, 1000.000000000000000 ) ;
#18 = AXIS2_PLACEMENT_3D ( 'NONE', #462, #2501, #2487 ) ;
#19 = LINE ( 'NONE', #2067, #2073 ) ;
#20 = CIRCLE ( 'NONE', #356, 1.419999999999976836 ) ;
#21 = VERTEX_POINT ( 'NONE', #331 ) ;
#22 = DIRECTION ( 'NONE',  ( 0.000000000000000000, 1.000000000000000000, 0.000000000000000000 ) ) ;
#23 = PRODUCT_CONTEXT ( 'NONE', #2495, 'mechanical' ) ;
#24 = ORIENTED_EDGE ( 'NONE', *, *, #2411, .T. ) ;
#25 = CARTESIAN_POINT ( 'NONE',  ( 1083.669040948425391, 1039.188488887152062, 1040.648676363559616 ) ) ;
#26 = EDGE_LOOP ( 'NONE', ( #665, #367, #697, #654 ) ) ;
#27 = CARTESIAN_POINT ( 'NONE',  ( 1339.846403555971847, 1036.194772072523392, 1042.648676363559616 ) ) ;
#28 = ORIENTED_EDGE ( 'NONE', *, *, #1497, .F. ) ;
#29 = DIRECTION ( 'NONE',  ( 0.000000000000000000, 0.000000000000000000, -1.000000000000000000 ) ) ;
#30 = CARTESIAN_POINT ( 'NONE',  ( 999.6690409484253905, 1040.688488887152062, 978.6486763635596162 ) ) ;
#31 = CARTESIAN_POINT ( 'NONE',  ( 1001.669040948425504, 1041.688488887152289, 1039.898676363559616 ) ) ;
#32 = EDGE_CURVE ( 'NONE', #1054, #2392, #1112, .T. ) ;
#33 = EDGE_CURVE ( 'NONE', #1535, #821, #1115, .T. ) ;
#34 = CARTESIAN_POINT ( 'NONE',  ( 1086.669040948425391, 1040.688488887152062, 977.6486763635597299 ) ) ;
#35 = VERTEX_POINT ( 'NONE', #293 ) ;
#36 = FACE_OUTER_BOUND ( 'NONE', #782, .T. ) ;
#37 = DIRECTION ( 'NONE',  ( 0.000000000000000000, -0.000000000000000000, -1.000000000000000000 ) ) ;
#38 = ORIENTED_EDGE ( 'NONE', *, *, #1775, .T. ) ;
#39 = CARTESIAN_POINT ( 'NONE',  ( 998.6690409484253905, 1040.688488887152062, 977.6486763635597299 ) ) ;
#40 = ORIENTED_EDGE ( 'NONE', *, *, #1710, .T. ) ;
#41 = DIRECTION ( 'NONE',  ( -1.000000000000000000, 0.000000000000000000, -2.135044278125301096E-16 ) ) ;
#42 = CARTESIAN_POINT ( 'NONE',  ( 1001.669040948425504, 1036.693550349649968, 1035.648676363559616 ) ) ;
#43 = CARTESIAN_POINT ( 'NONE',  ( 1079.669040948425163, 1036.194423006669240, 1040.648676363559616 ) ) ;
#44 = VERTEX_POINT ( 'NONE', #932 ) ;
#45 = CARTESIAN_POINT ( 'NONE',  ( 1001.669040948425504, 1039.188488887152062, 1040.648676363559616 ) ) ;
#46 = DIRECTION ( 'NONE',  ( 1.000000000000000000, 0.000000000000000000, 0.000000000000000000 ) ) ;
#47 = DIRECTION ( 'NONE',  ( -0.000000000000000000, 1.000000000000000000, -0.000000000000000000 ) ) ;
#48 = PRODUCT_DEFINITION ( 'UNKNOWN', '', #1485, #602 ) ;
#49 = DIRECTION ( 'NONE',  ( 0.000000000000000000, 1.000000000000000000, 0.000000000000000000 ) ) ;
#50 = VECTOR ( 'NONE', #2387, 1000.000000000000000 ) ;
#51 = VECTOR ( 'NONE', #67, 1000.000000000000000 ) ;
#52 = ORIENTED_EDGE ( 'NONE', *, *, #78, .T. ) ;
#53 = CARTESIAN_POINT ( 'NONE',  ( 1080.669040948425391, 1036.688488887152062, 980.6486763635596162 ) ) ;
#54 = ORIENTED_EDGE ( 'NONE', *, *, #2612, .F. ) ;
#55 = AXIS2_PLACEMENT_3D ( 'NONE', #1045, #2104, #56 ) ;
#56 = DIRECTION ( 'NONE',  ( 0.000000000000000000, 0.000000000000000000, -1.000000000000000000 ) ) ;
#57 = LINE ( 'NONE', #31, #1343 ) ;
#58 = ORIENTED_EDGE ( 'NONE', *, *, #797, .T. ) ;
#59 = AXIS2_PLACEMENT_3D ( 'NONE', #277, #683, #1509 ) ;
#60 = CARTESIAN_POINT ( 'NONE',  ( 1001.669040948425504, 1046.345343136644715, 980.6486763635596162 ) ) ;
#61 = CIRCLE ( 'NONE', #1438, 2.000000000000001776 ) ;
#62 = CARTESIAN_POINT ( 'NONE',  ( 1001.669040948425504, 1040.688488887152062, 983.6486763635596162 ) ) ;
#63 = ADVANCED_FACE ( 'NONE', ( #1151 ), #703, .F. ) ;
#64 = ORIENTED_EDGE ( 'NONE', *, *, #2521, .F. ) ;
#65 = CARTESIAN_POINT ( 'NONE',  ( 997.6690409484253905, 1036.188488887152289, 1006.648676363559616 ) ) ;
#66 = ORIENTED_EDGE ( 'NONE', *, *, #1231, .F. ) ;
#67 = DIRECTION ( 'NONE',  ( -0.000000000000000000, -0.000000000000000000, 1.000000000000000000 ) ) ;
#68 = CARTESIAN_POINT ( 'NONE',  ( 1083.669040948425391, 1041.688488887152289, 1038.648676363559616 ) ) ;
#69 = EDGE_CURVE ( 'NONE', #1054, #1559, #2348, .T. ) ;
#70 = DIRECTION ( 'NONE',  ( -1.000000000000000000, 0.000000000000000000, 0.000000000000000000 ) ) ;
#71 = ORIENTED_EDGE ( 'NONE', *, *, #676, .F. ) ;
#72 = EDGE_LOOP ( 'NONE', ( #1646, #2386, #327, #2435, #236 ) ) ;
#73 = DIRECTION ( 'NONE',  ( 0.000000000000000000, 1.000000000000000000, -0.000000000000000000 ) ) ;
#74 = FACE_OUTER_BOUND ( 'NONE', #2140, .T. ) ;
#75 = VERTEX_POINT ( 'NONE', #1757 ) ;
#76 = DIRECTION ( 'NONE',  ( 0.000000000000000000, 0.000000000000000000, 1.000000000000000000 ) ) ;
#77 = CARTESIAN_POINT ( 'NONE',  ( 1044.669040948425163, 1036.688488887152062, 980.4486763635595707 ) ) ;
#78 = EDGE_CURVE ( 'NONE', #1555, #1559, #318, .T. ) ;
#79 = ORIENTED_EDGE ( 'NONE', *, *, #1177, .F. ) ;
#80 = DIRECTION ( 'NONE',  ( 0.000000000000000000, -0.000000000000000000, -1.000000000000000000 ) ) ;
#81 = AXIS2_PLACEMENT_3D ( 'NONE', #325, #938, #2130 ) ;
#82 = DIRECTION ( 'NONE',  ( -0.000000000000000000, -1.000000000000000000, 0.000000000000000000 ) ) ;
#83 = ORIENTED_EDGE ( 'NONE', *, *, #1592, .F. ) ;
#84 = DIRECTION ( 'NONE',  ( -0.000000000000000000, 1.000000000000000000, -0.000000000000000000 ) ) ;
#85 = PLANE ( 'NONE',  #848 ) ;
#86 = AXIS2_PLACEMENT_3D ( 'NONE', #1894, #2111, #2523 ) ;
#87 = EDGE_LOOP ( 'NONE', ( #702, #2260, #38, #2332 ) ) ;
#88 = CARTESIAN_POINT ( 'NONE',  ( 1005.669040948425732, 1036.193724874961390, 1036.648676363559616 ) ) ;
#89 = PLANE ( 'NONE',  #1870 ) ;
#90 = ORIENTED_EDGE ( 'NONE', *, *, #927, .T. ) ;
#91 = CARTESIAN_POINT ( 'NONE',  ( 998.6690409484253905, 1041.688488887152289, 1041.648676363559844 ) ) ;
#92 = DIRECTION ( 'NONE',  ( 0.000000000000000000, 0.000000000000000000, -1.000000000000000000 ) ) ;
#93 = EDGE_CURVE ( 'NONE', #314, #1817, #107, .T. ) ;
#94 = ORIENTED_EDGE ( 'NONE', *, *, #2279, .F. ) ;
#95 = CARTESIAN_POINT ( 'NONE',  ( 1044.669040948425163, 1040.688488887152289, 980.4486763635595707 ) ) ;
#96 = AXIS2_PLACEMENT_3D ( 'NONE', #1968, #2327, #512 ) ;
#97 = CYLINDRICAL_SURFACE ( 'NONE', #1654, 2.000000000000001776 ) ;
#98 = DIRECTION ( 'NONE',  ( 0.000000000000000000, 0.000000000000000000, 1.000000000000000000 ) ) ;
#99 = VECTOR ( 'NONE', #547, 1000.000000000000000 ) ;
#100 = VERTEX_POINT ( 'NONE', #1305 ) ;
#101 = CARTESIAN_POINT ( 'NONE',  ( 997.6690409484253905, 1036.194772072523392, 1042.648676363559616 ) ) ;
#102 = DIRECTION ( 'NONE',  ( -0.000000000000000000, -1.000000000000000000, 0.000000000000000000 ) ) ;
#103 = EDGE_LOOP ( 'NONE', ( #2096, #1389, #1344, #2304 ) ) ;
#104 = CARTESIAN_POINT ( 'NONE',  ( 1004.669040948425391, 1036.694073948430741, 1038.648676363559616 ) ) ;
#105 = DIRECTION ( 'NONE',  ( -0.000000000000000000, -1.000000000000000000, -0.000000000000000000 ) ) ;
#106 = VERTEX_POINT ( 'NONE', #2602 ) ;
#107 = LINE ( 'NONE', #921, #299 ) ;
#108 = ADVANCED_FACE ( 'NONE', ( #944 ), #1319, .T. ) ;
#109 = EDGE_CURVE ( 'NONE', #893, #374, #2360, .T. ) ;
#110 = CARTESIAN_POINT ( 'NONE',  ( 1085.669040948425391, 1036.688488887152062, 1006.648659150767458 ) ) ;
#111 = ORIENTED_EDGE ( 'NONE', *, *, #597, .T. ) ;
#112 = FACE_BOUND ( 'NONE', #219, .T. ) ;
#113 = CARTESIAN_POINT ( 'NONE',  ( 1080.669040948425391, 1040.688488887152062, 980.6486763635596162 ) ) ;
#114 = VERTEX_POINT ( 'NONE', #908 ) ;
#115 = FACE_OUTER_BOUND ( 'NONE', #1827, .T. ) ;
#116 = DIRECTION ( 'NONE',  ( 0.000000000000000000, 0.000000000000000000, -1.000000000000000000 ) ) ;
#117 = AXIS2_PLACEMENT_3D ( 'NONE', #324, #181, #577 ) ;
#118 = ORIENTED_EDGE ( 'NONE', *, *, #1661, .F. ) ;
#119 = CARTESIAN_POINT ( 'NONE',  ( 1001.669040948425504, 1040.688488887152062, 1041.648676363559844 ) ) ;
#120 = CARTESIAN_POINT ( 'NONE',  ( 1004.669040948425391, 1040.688488887152062, 978.6486763635596162 ) ) ;
#121 = DIRECTION ( 'NONE',  ( 0.000000000000000000, -1.000000000000000000, 0.000000000000000000 ) ) ;
#122 = EDGE_CURVE ( 'NONE', #2573, #178, #638, .T. ) ;
#123 = PRODUCT_DEFINITION ( 'UNKNOWN', '', #1478, #1641 ) ;
#124 = ORIENTED_EDGE ( 'NONE', *, *, #2195, .F. ) ;
#125 = DIRECTION ( 'NONE',  ( 0.000000000000000000, 0.000000000000000000, 1.000000000000000000 ) ) ;
#126 = LINE ( 'NONE', #1557, #1124 ) ;
#127 = ORIENTED_EDGE ( 'NONE', *, *, #1710, .F. ) ;
#128 = PLANE ( 'NONE',  #1952 ) ;
#129 = DIRECTION ( 'NONE',  ( 1.000000000000000000, 0.000000000000000000, 5.551115123125777653E-14 ) ) ;
#130 = DIRECTION ( 'NONE',  ( 0.000000000000000000, 1.000000000000000000, -0.000000000000000000 ) ) ;
#131 = VECTOR ( 'NONE', #623, 1000.000000000000000 ) ;
#132 = AXIS2_PLACEMENT_3D ( 'NONE', #716, #1981, #1551 ) ;
#133 = EDGE_CURVE ( 'NONE', #1413, #1354, #984, .T. ) ;
#134 = VECTOR ( 'NONE', #1210, 1000.000000000000000 ) ;
#135 = ORIENTED_EDGE ( 'NONE', *, *, #1497, .T. ) ;
#136 = FACE_OUTER_BOUND ( 'NONE', #1704, .T. ) ;
#137 = CYLINDRICAL_SURFACE ( 'NONE', #2127, 1.249999999999973355 ) ;
#138 = LINE ( 'NONE', #1403, #988 ) ;
#139 = VECTOR ( 'NONE', #29, 1000.000000000000000 ) ;
#140 = ORIENTED_EDGE ( 'NONE', *, *, #630, .F. ) ;
#141 = AXIS2_PLACEMENT_3D ( 'NONE', #1288, #713, #1940 ) ;
#142 = DIRECTION ( 'NONE',  ( 5.551115123125777653E-14, 0.000000000000000000, -1.000000000000000000 ) ) ;
#143 = DIRECTION ( 'NONE',  ( 1.000000000000000000, 0.000000000000000000, 0.000000000000000000 ) ) ;
#144 = DIRECTION ( 'NONE',  ( -0.000000000000000000, -1.000000000000000000, -0.000000000000000000 ) ) ;
#145 = EDGE_CURVE ( 'NONE', #2258, #1613, #3, .T. ) ;
#146 = VECTOR ( 'NONE', #552, 1000.000000000000000 ) ;
#147 = ORIENTED_EDGE ( 'NONE', *, *, #957, .T. ) ;
#148 = DIRECTION ( 'NONE',  ( 0.000000000000000000, 0.000000000000000000, 1.000000000000000000 ) ) ;
#149 = ORIENTED_EDGE ( 'NONE', *, *, #1527, .T. ) ;
#150 = FACE_BOUND ( 'NONE', #1279, .T. ) ;
#151 = ORIENTED_EDGE ( 'NONE', *, *, #225, .F. ) ;
#152 = CARTESIAN_POINT ( 'NONE',  ( 998.6690409484253905, 1040.728488887152253, 977.6486763635597299 ) ) ;
#153 = CARTESIAN_POINT ( 'NONE',  ( 0.000000000000000000, 0.000000000000000000, 0.000000000000000000 ) ) ;
#154 = ORIENTED_EDGE ( 'NONE', *, *, #718, .F. ) ;
#155 = CARTESIAN_POINT ( 'NONE',  ( 1001.669040948425504, 1040.688488887152062, 980.6486763635596162 ) ) ;
#156 = FACE_OUTER_BOUND ( 'NONE', #2242, .T. ) ;
#157 = ORIENTED_EDGE ( 'NONE', *, *, #1376, .F. ) ;
#158 = CARTESIAN_POINT ( 'NONE',  ( 1001.669040948425504, 1041.688488887152289, 980.6486763635596162 ) ) ;
#159 = LINE ( 'NONE', #1811, #1238 ) ;
#160 = VERTEX_POINT ( 'NONE', #1970 ) ;
#161 = CARTESIAN_POINT ( 'NONE',  ( 931.4402707650676803, 1041.688488887152289, 976.6486763635596162 ) ) ;
#162 = CARTESIAN_POINT ( 'NONE',  ( 1087.669040948425618, 1036.194423006669240, 1040.648676363559616 ) ) ;
#163 = ORIENTED_EDGE ( 'NONE', *, *, #563, .F. ) ;
#164 = LINE ( 'NONE', #976, #482 ) ;
#165 = ADVANCED_FACE ( 'NONE', ( #136 ), #2547, .F. ) ;
#166 = VERTEX_POINT ( 'NONE', #2374 ) ;
#167 = DIRECTION ( 'NONE',  ( -0.000000000000000000, -1.000000000000000000, 0.000000000000000000 ) ) ;
#168 = CARTESIAN_POINT ( 'NONE',  ( 1083.669040948425391, 1036.688488887152062, 983.6486763635595025 ) ) ;
#169 = ORIENTED_EDGE ( 'NONE', *, *, #1287, .T. ) ;
#170 = LINE ( 'NONE', #2610, #1130 ) ;
#171 = ORIENTED_EDGE ( 'NONE', *, *, #1469, .F. ) ;
#172 = PLANE ( 'NONE',  #1682 ) ;
#173 = VECTOR ( 'NONE', #1578, 1000.000000000000000 ) ;
#175 = EDGE_CURVE ( 'NONE', #392, #1413, #741, .T. ) ;
#174 = CARTESIAN_POINT ( 'NONE',  ( 1086.669040948425391, 1041.688488887152289, 980.6486763635596162 ) ) ;
#176 = EDGE_CURVE ( 'NONE', #1496, #481, #1767, .T. ) ;
#177 = AXIS2_PLACEMENT_3D ( 'NONE', #403, #785, #1633 ) ;
#178 = VERTEX_POINT ( 'NONE', #530 ) ;
#179 = CARTESIAN_POINT ( 'NONE',  ( 1086.669040948425391, 1040.688488887152062, 977.6486763635597299 ) ) ;
#180 = ORIENTED_EDGE ( 'NONE', *, *, #1004, .T. ) ;
#181 = DIRECTION ( 'NONE',  ( 0.000000000000000000, -1.000000000000000000, 0.000000000000000000 ) ) ;
#182 = DIRECTION ( 'NONE',  ( 0.000000000000000000, -1.000000000000000000, 0.000000000000000000 ) ) ;
#183 = DIRECTION ( 'NONE',  ( 0.000000000000000000, 0.000000000000000000, 1.000000000000000000 ) ) ;
#184 = AXIS2_PLACEMENT_3D ( 'NONE', #854, #1477, #2265 ) ;
#185 = VECTOR ( 'NONE', #1426, 1000.000000000000000 ) ;
#186 = AXIS2_PLACEMENT_3D ( 'NONE', #1093, #675, #2337 ) ;
#187 = ORIENTED_EDGE ( 'NONE', *, *, #1465, .F. ) ;
#188 = LINE ( 'NONE', #2444, #1339 ) ;
#189 = AXIS2_PLACEMENT_3D ( 'NONE', #575, #1020, #811 ) ;
#190 = VERTEX_POINT ( 'NONE', #2395 ) ;
#191 = DIRECTION ( 'NONE',  ( -0.000000000000000000, -1.000000000000000000, -0.000000000000000000 ) ) ;
#192 = EDGE_LOOP ( 'NONE', ( #1539, #257, #1043, #1733, #1095, #2382 ) ) ;
#193 = DIRECTION ( 'NONE',  ( 0.000000000000000000, 0.000000000000000000, 1.000000000000000000 ) ) ;
#194 = ADVANCED_FACE ( 'NONE', ( #1355 ), #894, .F. ) ;
#195 = VERTEX_POINT ( 'NONE', #2638 ) ;
#196 = DIRECTION ( 'NONE',  ( -0.000000000000000000, -1.000000000000000000, -0.000000000000000000 ) ) ;
#197 = LINE ( 'NONE', #2620, #534 ) ;
#198 = LINE ( 'NONE', #979, #266 ) ;
#199 = VERTEX_POINT ( 'NONE', #2432 ) ;
#200 = CARTESIAN_POINT ( 'NONE',  ( 1083.669040948425391, 1041.688488887152289, 1039.898676363559616 ) ) ;
#201 = VERTEX_POINT ( 'NONE', #1606 ) ;
#202 = LINE ( 'NONE', #1196, #348 ) ;
#203 = DIRECTION ( 'NONE',  ( -0.000000000000000000, -1.000000000000000000, -0.000000000000000000 ) ) ;
#204 = ORIENTED_EDGE ( 'NONE', *, *, #656, .F. ) ;
#205 = DIRECTION ( 'NONE',  ( -1.000000000000000000, 0.000000000000000000, -0.000000000000000000 ) ) ;
#206 = DIRECTION ( 'NONE',  ( 0.000000000000000000, 0.000000000000000000, 1.000000000000000000 ) ) ;
#207 = EDGE_CURVE ( 'NONE', #1382, #1698, #2114, .T. ) ;
#208 = AXIS2_PLACEMENT_3D ( 'NONE', #1572, #142, #2184 ) ;
#209 = ORIENTED_EDGE ( 'NONE', *, *, #580, .T. ) ;
#210 = CARTESIAN_POINT ( 'NONE',  ( 1080.669040948425391, 1036.688488887152062, 978.6486763635596162 ) ) ;
#211 = DIRECTION ( 'NONE',  ( -1.000000000000000000, 0.000000000000000000, 0.000000000000000000 ) ) ;
#212 = ADVANCED_FACE ( 'NONE', ( #769 ), #172, .F. ) ;
#213 = EDGE_LOOP ( 'NONE', ( #1715, #1372, #2143, #2022 ) ) ;
#214 = DIRECTION ( 'NONE',  ( 1.000000000000000000, 0.000000000000000000, 0.000000000000000000 ) ) ;
#215 = VERTEX_POINT ( 'NONE', #1814 ) ;
#216 = CARTESIAN_POINT ( 'NONE',  ( 1087.669040948425391, 1036.188488887152289, 1042.648676363559616 ) ) ;
#217 = EDGE_CURVE ( 'NONE', #2035, #1947, #2231, .T. ) ;
#218 = CYLINDRICAL_SURFACE ( 'NONE', #644, 1.250000000000084377 ) ;
#219 = EDGE_LOOP ( 'NONE', ( #58, #862 ) ) ;
#220 = DIRECTION ( 'NONE',  ( 1.000000000000000000, 0.000000000000000000, -2.891205793294676354E-16 ) ) ;
#221 = ORIENTED_EDGE ( 'NONE', *, *, #2427, .F. ) ;
#222 = PLANE ( 'NONE',  #2665 ) ;
#223 = ORIENTED_EDGE ( 'NONE', *, *, #301, .F. ) ;
#224 = FACE_OUTER_BOUND ( 'NONE', #2534, .T. ) ;
#225 = EDGE_CURVE ( 'NONE', #371, #672, #2448, .T. ) ;
#226 = CIRCLE ( 'NONE', #1830, 2.000000000000112799 ) ;
#227 = EDGE_CURVE ( 'NONE', #1067, #114, #594, .T. ) ;
#228 = AXIS2_PLACEMENT_3D ( 'NONE', #1286, #2079, #439 ) ;
#229 = ORIENTED_EDGE ( 'NONE', *, *, #2554, .T. ) ;
#230 = LINE ( 'NONE', #2116, #1387 ) ;
#231 = CARTESIAN_POINT ( 'NONE',  ( 931.4402707650676803, 1036.188488887152289, 976.6486763635596162 ) ) ;
#232 = VECTOR ( 'NONE', #513, 1000.000000000000000 ) ;
#233 = VERTEX_POINT ( 'NONE', #1648 ) ;
#234 = CARTESIAN_POINT ( 'NONE',  ( 1040.419040948425391, 1039.488488887152016, 978.4486763635595707 ) ) ;
#235 = DIRECTION ( 'NONE',  ( 0.000000000000000000, -1.000000000000000000, 0.000000000000000000 ) ) ;
#236 = ORIENTED_EDGE ( 'NONE', *, *, #2024, .T. ) ;
#237 = FACE_OUTER_BOUND ( 'NONE', #529, .T. ) ;
#238 = ORIENTED_EDGE ( 'NONE', *, *, #1694, .F. ) ;
#239 = LINE ( 'NONE', #632, #2586 ) ;
#240 = DIRECTION ( 'NONE',  ( 1.000000000000000000, 0.000000000000000000, 0.000000000000000000 ) ) ;
#241 = ORIENTED_EDGE ( 'NONE', *, *, #468, .F. ) ;
#242 = FACE_OUTER_BOUND ( 'NONE', #87, .T. ) ;
#243 = FACE_OUTER_BOUND ( 'NONE', #1820, .T. ) ;
#244 = EDGE_CURVE ( 'NONE', #1667, #1413, #2649, .T. ) ;
#245 = ORIENTED_EDGE ( 'NONE', *, *, #1984, .F. ) ;
#246 = CARTESIAN_POINT ( 'NONE',  ( 1080.669040948425391, 1040.688488887152062, 1038.648676363559616 ) ) ;
#247 = ORIENTED_EDGE ( 'NONE', *, *, #1688, .T. ) ;
#248 = DIRECTION ( 'NONE',  ( 0.000000000000000000, 1.000000000000000000, -0.000000000000000000 ) ) ;
#249 = PLANE ( 'NONE',  #397 ) ;
#250 = DIRECTION ( 'NONE',  ( -1.000000000000000000, 0.000000000000000000, -2.168404344971008868E-16 ) ) ;
#251 = ORIENTED_EDGE ( 'NONE', *, *, #254, .T. ) ;
#252 = EDGE_CURVE ( 'NONE', #950, #776, #1621, .T. ) ;
#253 = LINE ( 'NONE', #1665, #1872 ) ;
#254 = EDGE_CURVE ( 'NONE', #190, #593, #2218, .T. ) ;
#255 = FACE_OUTER_BOUND ( 'NONE', #425, .T. ) ;
#256 = AXIS2_PLACEMENT_3D ( 'NONE', #2615, #2407, #364 ) ;
#257 = ORIENTED_EDGE ( 'NONE', *, *, #468, .T. ) ;
#258 = PLANE ( 'NONE',  #1145 ) ;
#259 = DIRECTION ( 'NONE',  ( 1.000000000000000000, 0.000000000000000000, 0.000000000000000000 ) ) ;
#260 = VERTEX_POINT ( 'NONE', #1373 ) ;
#261 = LINE ( 'NONE', #1266, #1777 ) ;
#262 = FACE_OUTER_BOUND ( 'NONE', #192, .T. ) ;
#263 = VECTOR ( 'NONE', #337, 1000.000000000000000 ) ;
#264 = VERTEX_POINT ( 'NONE', #2664 ) ;
#265 = CARTESIAN_POINT ( 'NONE',  ( 1041.169040948425391, 1039.488488887152016, 980.4486763635595707 ) ) ;
#266 = VECTOR ( 'NONE', #749, 1000.000000000000000 ) ;
#267 = VECTOR ( 'NONE', #2275, 1000.000000000000000 ) ;
#268 = EDGE_CURVE ( 'NONE', #2513, #1851, #1828, .T. ) ;
#269 = FACE_OUTER_BOUND ( 'NONE', #361, .T. ) ;
#270 = CARTESIAN_POINT ( 'NONE',  ( 1037.269040948425300, 1037.738488887152243, 976.6486763635596162 ) ) ;
#271 = APPLICATION_CONTEXT ( 'automotive_design' ) ;
#272 = EDGE_LOOP ( 'NONE', ( #2520, #800, #1119, #241 ) ) ;
#273 = CARTESIAN_POINT ( 'NONE',  ( 1080.669040948425391, 1040.688488887152062, 1040.648676363559616 ) ) ;
#274 = CARTESIAN_POINT ( 'NONE',  ( 1044.669040948425163, 1036.688488887152062, 978.6486763635596162 ) ) ;
#275 = ORIENTED_EDGE ( 'NONE', *, *, #1765, .F. ) ;
#276 = CARTESIAN_POINT ( 'NONE',  ( 1004.969040948425572, 1036.688488887152062, 980.6486763635596162 ) ) ;
#277 = CARTESIAN_POINT ( 'NONE',  ( 1016.559040948429356, 1039.308488887152180, 987.7244683400209624 ) ) ;
#278 = ORIENTED_EDGE ( 'NONE', *, *, #353, .T. ) ;
#279 = CARTESIAN_POINT ( 'NONE',  ( 1083.669040948425391, 1041.688488887152289, 1038.648676363559616 ) ) ;
#280 = CIRCLE ( 'NONE', #535, 1.419999999999976836 ) ;
#281 = FACE_OUTER_BOUND ( 'NONE', #1182, .T. ) ;
#282 = EDGE_CURVE ( 'NONE', #1719, #160, #202, .T. ) ;
#283 = ORIENTED_EDGE ( 'NONE', *, *, #2077, .T. ) ;
#284 = EDGE_CURVE ( 'NONE', #593, #2616, #1591, .T. ) ;
#285 = FACE_OUTER_BOUND ( 'NONE', #469, .T. ) ;
#286 = CARTESIAN_POINT ( 'NONE',  ( 1001.669040948425504, 1039.188488887152062, 979.3986763635595025 ) ) ;
#287 = ADVANCED_FACE ( 'NONE', ( #1015 ), #756, .F. ) ;
#288 = ORIENTED_EDGE ( 'NONE', *, *, #1310, .T. ) ;
#289 = LINE ( 'NONE', #91, #1608 ) ;
#290 = DIRECTION ( 'NONE',  ( 0.000000000000000000, 0.000000000000000000, 1.000000000000000000 ) ) ;
#291 = CIRCLE ( 'NONE', #2266, 2.999999999999891642 ) ;
#292 = VERTEX_POINT ( 'NONE', #2021 ) ;
#293 = CARTESIAN_POINT ( 'NONE',  ( 1001.669040948425504, 1039.188488887152062, 978.6486763635595025 ) ) ;
#294 = FACE_OUTER_BOUND ( 'NONE', #813, .T. ) ;
#295 = CARTESIAN_POINT ( 'NONE',  ( 1083.669040948425391, 1039.188488887152062, 1038.648676363559616 ) ) ;
#296 = VECTOR ( 'NONE', #1492, 1000.000000000000000 ) ;
#297 = ORIENTED_EDGE ( 'NONE', *, *, #2577, .F. ) ;
#298 = CARTESIAN_POINT ( 'NONE',  ( 1083.669040948425391, 1036.188488887152289, 982.6486763635597299 ) ) ;
#299 = VECTOR ( 'NONE', #84, 1000.000000000000000 ) ;
#300 = ORIENTED_EDGE ( 'NONE', *, *, #69, .T. ) ;
#301 = EDGE_CURVE ( 'NONE', #1216, #2038, #1852, .T. ) ;
#302 = CARTESIAN_POINT ( 'NONE',  ( 999.6690409484253905, 1036.688488887152062, 983.6486763635596162 ) ) ;
#303 = DIRECTION ( 'NONE',  ( 2.135044278125300850E-16, 0.000000000000000000, -1.000000000000000000 ) ) ;
#304 = DIRECTION ( 'NONE',  ( 0.000000000000000000, 0.000000000000000000, -1.000000000000000000 ) ) ;
#305 = VERTEX_POINT ( 'NONE', #2036 ) ;
#306 = CARTESIAN_POINT ( 'NONE',  ( 1001.669040948425504, 1039.188488887152062, 1038.648676363559616 ) ) ;
#307 = VECTOR ( 'NONE', #1383, 1000.000000000000000 ) ;
#308 = VECTOR ( 'NONE', #1951, 1000.000000000000000 ) ;
#309 = LINE ( 'NONE', #923, #2551 ) ;
#310 = VECTOR ( 'NONE', #1636, 1000.000000000000000 ) ;
#311 = AXIS2_PLACEMENT_3D ( 'NONE', #570, #983, #1780 ) ;
#312 = ORIENTED_EDGE ( 'NONE', *, *, #2427, .T. ) ;
#313 = CARTESIAN_POINT ( 'NONE',  ( 1001.669040948425504, 1036.688488887152062, 980.4486763635595707 ) ) ;
#314 = VERTEX_POINT ( 'NONE', #1000 ) ;
#315 = LINE ( 'NONE', #276, #2376 ) ;
#316 = CARTESIAN_POINT ( 'NONE',  ( 1030.069040948425254, 1041.238488887152243, 976.6486763635596162 ) ) ;
#317 = EDGE_LOOP ( 'NONE', ( #877, #2621 ) ) ;
#318 = LINE ( 'NONE', #1929, #1072 ) ;
#319 = PRODUCT_RELATED_PRODUCT_CATEGORY ( 'part', '', ( #667 ) ) ;
#320 = DIRECTION ( 'NONE',  ( -0.000000000000000000, 1.000000000000000000, -0.000000000000000000 ) ) ;
#321 = LINE ( 'NONE', #1611, #1131 ) ;
#322 = ORIENTED_EDGE ( 'NONE', *, *, #1530, .T. ) ;
#323 = EDGE_CURVE ( 'NONE', #438, #681, #2010, .T. ) ;
#324 = CARTESIAN_POINT ( 'NONE',  ( 1001.669040948425504, 1039.188488887152062, 980.6486763635596162 ) ) ;
#325 = CARTESIAN_POINT ( 'NONE',  ( 931.4402707650676803, 1041.688488887152289, 1042.648676363559616 ) ) ;
#326 = LINE ( 'NONE', #1107, #2160 ) ;
#327 = ORIENTED_EDGE ( 'NONE', *, *, #1602, .T. ) ;
#328 = DIRECTION ( 'NONE',  ( 0.000000000000000000, -1.000000000000000000, 0.000000000000000000 ) ) ;
#329 = ORIENTED_EDGE ( 'NONE', *, *, #1833, .F. ) ;
#330 = ADVANCED_FACE ( 'NONE', ( #150, #959, #1798 ), #559, .T. ) ;
#331 = CARTESIAN_POINT ( 'NONE',  ( 1016.559040948429356, 1040.728488887152253, 977.6486763635597299 ) ) ;
#332 = CARTESIAN_POINT ( 'NONE',  ( 931.4402707650676803, 1041.688488887152289, 1042.648676363559616 ) ) ;
#333 = VECTOR ( 'NONE', #2541, 1000.000000000000000 ) ;
#334 =( BOUNDED_CURVE ( )  B_SPLINE_CURVE ( 3, ( #1888, #2133, #43, #1488 ),
 .UNSPECIFIED., .F., .F. ) 
 B_SPLINE_CURVE_WITH_KNOTS ( ( 4, 4 ),
 ( 0.000000000000000000, 3.141592653589793116 ),
 .UNSPECIFIED. ) 
 CURVE ( )  GEOMETRIC_REPRESENTATION_ITEM ( )  RATIONAL_B_SPLINE_CURVE ( ( 1.000000000000000000, 0.3333333333333333703, 0.3333333333333333703, 1.000000000000000000 ) ) 
 REPRESENTATION_ITEM ( '' )  );
#335 = FACE_OUTER_BOUND ( 'NONE', #1738, .T. ) ;
#336 = EDGE_CURVE ( 'NONE', #233, #524, #1861, .T. ) ;
#337 = DIRECTION ( 'NONE',  ( 0.000000000000000000, 1.000000000000000000, -0.000000000000000000 ) ) ;
#338 = ORIENTED_EDGE ( 'NONE', *, *, #78, .F. ) ;
#339 = CARTESIAN_POINT ( 'NONE',  ( 998.6690409484253905, 1040.688488887152062, 1038.648676363559616 ) ) ;
#340 = DIRECTION ( 'NONE',  ( 0.000000000000000000, 0.000000000000000000, -1.000000000000000000 ) ) ;
#341 = CARTESIAN_POINT ( 'NONE',  ( 1080.669040948425391, 930.1701454405800860, 1040.648676363559616 ) ) ;
#342 = VECTOR ( 'NONE', #841, 1000.000000000000000 ) ;
#343 = EDGE_LOOP ( 'NONE', ( #598, #964, #789, #1525 ) ) ;
#344 = FACE_OUTER_BOUND ( 'NONE', #1127, .T. ) ;
#345 = CARTESIAN_POINT ( 'NONE',  ( 1010.779040948429156, 1040.728488887152253, 976.6486763635596162 ) ) ;
#346 = VECTOR ( 'NONE', #986, 1000.000000000000000 ) ;
#347 = VECTOR ( 'NONE', #47, 1000.000000000000000 ) ;
#348 = VECTOR ( 'NONE', #972, 1000.000000000000000 ) ;
#349 = ORIENTED_EDGE ( 'NONE', *, *, #2365, .F. ) ;
#350 = CARTESIAN_POINT ( 'NONE',  ( 1010.779040948429156, 1040.728488887152253, 987.7244683400209624 ) ) ;
#351 = FACE_BOUND ( 'NONE', #943, .T. ) ;
#352 = VECTOR ( 'NONE', #1702, 1000.000000000000000 ) ;
#353 = EDGE_CURVE ( 'NONE', #2009, #2172, #453, .T. ) ;
#354 = CIRCLE ( 'NONE', #228, 1.250000000000084377 ) ;
#355 = ORIENTED_EDGE ( 'NONE', *, *, #1923, .F. ) ;
#356 = AXIS2_PLACEMENT_3D ( 'NONE', #2568, #709, #1545 ) ;
#357 = SURFACE_SIDE_STYLE ('',( #1805 ) ) ;
#358 = LINE ( 'NONE', #2440, #881 ) ;
#359 = LINE ( 'NONE', #1176, #2595 ) ;
#360 = VECTOR ( 'NONE', #1460, 1000.000000000000000 ) ;
#361 = EDGE_LOOP ( 'NONE', ( #725, #584, #1026, #1854 ) ) ;
#362 = FACE_BOUND ( 'NONE', #2408, .T. ) ;
#363 = ORIENTED_EDGE ( 'NONE', *, *, #1323, .F. ) ;
#364 = DIRECTION ( 'NONE',  ( 0.000000000000000000, 0.000000000000000000, 1.000000000000000000 ) ) ;
#365 = ORIENTED_EDGE ( 'NONE', *, *, #489, .F. ) ;
#366 = LINE ( 'NONE', #2617, #866 ) ;
#367 = ORIENTED_EDGE ( 'NONE', *, *, #373, .T. ) ;
#368 = CARTESIAN_POINT ( 'NONE',  ( 1083.669040948425391, 1036.194423006669240, 1040.648676363559616 ) ) ;
#369 = CARTESIAN_POINT ( 'NONE',  ( 931.4402707650676803, 1041.238488887152243, 976.6486763635596162 ) ) ;
#370 = DIRECTION ( 'NONE',  ( 0.000000000000000000, 0.000000000000000000, 1.000000000000000000 ) ) ;
#371 = VERTEX_POINT ( 'NONE', #1670 ) ;
#372 = CARTESIAN_POINT ( 'NONE',  ( 1010.444376937815264, 1040.688488887152062, 987.7244683400209624 ) ) ;
#373 = EDGE_CURVE ( 'NONE', #166, #1496, #1498, .T. ) ;
#374 = VERTEX_POINT ( 'NONE', #1471 ) ;
#375 = CARTESIAN_POINT ( 'NONE',  ( 1086.669040948425391, 1040.688488887152062, 1041.648676363559844 ) ) ;
#376 = DIRECTION ( 'NONE',  ( 0.000000000000000000, 0.000000000000000000, -1.000000000000000000 ) ) ;
#377 = DIRECTION ( 'NONE',  ( 0.000000000000000000, 1.000000000000000000, 0.000000000000000000 ) ) ;
#378 = LINE ( 'NONE', #744, #2040 ) ;
#379 = VECTOR ( 'NONE', #2014, 1000.000000000000000 ) ;
#380 = EDGE_LOOP ( 'NONE', ( #490, #312, #1190, #804 ) ) ;
#381 =( LENGTH_UNIT ( ) NAMED_UNIT ( * ) SI_UNIT ( .MILLI., .METRE. ) );
#382 = CARTESIAN_POINT ( 'NONE',  ( 1001.669040948425504, 1039.188488887152062, 980.6486763635596162 ) ) ;
#383 = CARTESIAN_POINT ( 'NONE',  ( 999.6690409484253905, 930.1701454405800860, 1035.648676363559616 ) ) ;
#384 = VERTEX_POINT ( 'NONE', #2503 ) ;
#385 = LINE ( 'NONE', #592, #1214 ) ;
#386 = EDGE_CURVE ( 'NONE', #1067, #461, #1877, .T. ) ;
#387 = ORIENTED_EDGE ( 'NONE', *, *, #1891, .F. ) ;
#388 = DIRECTION ( 'NONE',  ( 1.000000000000000000, 0.000000000000000000, -5.551115123125469682E-14 ) ) ;
#389 = CIRCLE ( 'NONE', #1727, 0.7500000000000284217 ) ;
#390 = LINE ( 'NONE', #2650, #2378 ) ;
#391 = VECTOR ( 'NONE', #1057, 1000.000000000000000 ) ;
#392 = VERTEX_POINT ( 'NONE', #2093 ) ;
#393 = CARTESIAN_POINT ( 'NONE',  ( 1010.779040948429156, 1039.308488887152180, 978.6486763635596162 ) ) ;
#394 = ORIENTED_EDGE ( 'NONE', *, *, #336, .T. ) ;
#395 = CARTESIAN_POINT ( 'NONE',  ( 1087.669040948425391, 1041.688488887152289, 1042.648676363559616 ) ) ;
#396 = CYLINDRICAL_SURFACE ( 'NONE', #2164, 2.999999999999891642 ) ;
#397 = AXIS2_PLACEMENT_3D ( 'NONE', #2544, #454, #493 ) ;
#398 = ORIENTED_EDGE ( 'NONE', *, *, #435, .T. ) ;
#399 = CIRCLE ( 'NONE', #18, 1.250000000000084377 ) ;
#400 = CARTESIAN_POINT ( 'NONE',  ( 1026.169040948425163, 1039.488488887152016, 978.4486763635595707 ) ) ;
#401 = VECTOR ( 'NONE', #1882, 1000.000000000000000 ) ;
#402 = ORIENTED_EDGE ( 'NONE', *, *, #2072, .T. ) ;
#403 = CARTESIAN_POINT ( 'NONE',  ( 1001.669040948425504, 1039.188488887152062, 1038.648676363559616 ) ) ;
#404 = VECTOR ( 'NONE', #121, 1000.000000000000000 ) ;
#405 = EDGE_CURVE ( 'NONE', #1354, #1273, #239, .T. ) ;
#406 = CARTESIAN_POINT ( 'NONE',  ( 1085.669040948425391, 1040.688488887152062, 978.6486763635596162 ) ) ;
#407 =( NAMED_UNIT ( * ) SI_UNIT ( $, .STERADIAN. ) SOLID_ANGLE_UNIT ( ) );
#408 = VERTEX_POINT ( 'NONE', #2490 ) ;
#409 = CARTESIAN_POINT ( 'NONE',  ( 1001.669040948425504, 1046.345343136644715, 1040.648676363559616 ) ) ;
#410 = FACE_OUTER_BOUND ( 'NONE', #72, .T. ) ;
#411 = EDGE_CURVE ( 'NONE', #1060, #1936, #1444, .T. ) ;
#412 = ORIENTED_EDGE ( 'NONE', *, *, #1812, .F. ) ;
#413 = CARTESIAN_POINT ( 'NONE',  ( 1001.669040948425504, 1041.688488887152289, 979.3986763635595025 ) ) ;
#414 = ORIENTED_EDGE ( 'NONE', *, *, #2577, .T. ) ;
#415 = VECTOR ( 'NONE', #952, 1000.000000000000000 ) ;
#416 = CARTESIAN_POINT ( 'NONE',  ( 1083.669040948425391, 1039.188488887152062, 1039.898676363559616 ) ) ;
#417 = CARTESIAN_POINT ( 'NONE',  ( 1001.669040948425504, 1039.188488887152062, 1039.898676363559616 ) ) ;
#418 = ORIENTED_EDGE ( 'NONE', *, *, #1307, .F. ) ;
#419 = PRODUCT_CONTEXT ( 'NONE', #946, 'mechanical' ) ;
#420 = ADVANCED_FACE ( 'NONE', ( #621 ), #1899, .F. ) ;
#421 = ORIENTED_EDGE ( 'NONE', *, *, #641, .F. ) ;
#422 = CARTESIAN_POINT ( 'NONE',  ( 1030.069040948425254, 1041.238488887152243, 976.6486513635595657 ) ) ;
#423 = PLANE ( 'NONE',  #1524 ) ;
#424 = EDGE_CURVE ( 'NONE', #2286, #727, #658, .T. ) ;
#425 = EDGE_LOOP ( 'NONE', ( #1116, #2115, #2473, #1367 ) ) ;
#426 = CARTESIAN_POINT ( 'NONE',  ( 1001.669040948425504, 1041.688488887152289, 1037.398676363559616 ) ) ;
#427 = ORIENTED_EDGE ( 'NONE', *, *, #1323, .T. ) ;
#428 = CARTESIAN_POINT ( 'NONE',  ( 1030.069040948425254, 1041.238488887152243, 976.6486513635595657 ) ) ;
#429 = LINE ( 'NONE', #836, #1252 ) ;
#430 = ORIENTED_EDGE ( 'NONE', *, *, #1396, .F. ) ;
#431 =( NAMED_UNIT ( * ) PLANE_ANGLE_UNIT ( ) SI_UNIT ( $, .RADIAN. ) );
#432 = CARTESIAN_POINT ( 'NONE',  ( 1083.669040948425391, 1036.188488887152289, 980.6486763635596162 ) ) ;
#433 = ORIENTED_EDGE ( 'NONE', *, *, #1195, .T. ) ;
#434 = LINE ( 'NONE', #860, #2594 ) ;
#435 = EDGE_CURVE ( 'NONE', #160, #2009, #1455, .T. ) ;
#436 = AXIS2_PLACEMENT_3D ( 'NONE', #1742, #2404, #1161 ) ;
#437 = AXIS2_PLACEMENT_3D ( 'NONE', #1137, #328, #1352 ) ;
#438 = VERTEX_POINT ( 'NONE', #846 ) ;
#439 = DIRECTION ( 'NONE',  ( 0.000000000000000000, 0.000000000000000000, -1.000000000000000000 ) ) ;
#440 = DIRECTION ( 'NONE',  ( 0.000000000000000000, 0.000000000000000000, -1.000000000000000000 ) ) ;
#441 = VECTOR ( 'NONE', #2349, 1000.000000000000000 ) ;
#442 = ORIENTED_EDGE ( 'NONE', *, *, #1860, .T. ) ;
#443 = EDGE_CURVE ( 'NONE', #106, #2553, #1699, .T. ) ;
#444 = CARTESIAN_POINT ( 'NONE',  ( 1083.669040948425391, 1041.688488887152289, 1037.398676363559616 ) ) ;
#445 = SHAPE_REPRESENTATION_RELATIONSHIP ( 'NONE' , 'NONE' ,  #1531, #1787 ) ;
#446 = DIRECTION ( 'NONE',  ( -0.000000000000000000, -1.000000000000000000, 0.000000000000000000 ) ) ;
#447 = LINE ( 'NONE', #1024, #2056 ) ;
#448 = EDGE_CURVE ( 'NONE', #371, #44, #354, .T. ) ;
#449 = VERTEX_POINT ( 'NONE', #416 ) ;
#450 = DIRECTION ( 'NONE',  ( 0.000000000000000000, 0.000000000000000000, -1.000000000000000000 ) ) ;
#451 = ORIENTED_EDGE ( 'NONE', *, *, #2019, .F. ) ;
#452 = EDGE_CURVE ( 'NONE', #2546, #314, #230, .T. ) ;
#453 = LINE ( 'NONE', #428, #51 ) ;
#454 = DIRECTION ( 'NONE',  ( -0.000000000000000000, 0.000000000000000000, 1.000000000000000000 ) ) ;
#455 = CARTESIAN_POINT ( 'NONE',  ( 1026.919040948425163, 1039.488488887152016, 980.4486763635595707 ) ) ;
#456 = ORIENTED_EDGE ( 'NONE', *, *, #93, .F. ) ;
#457 = LINE ( 'NONE', #1754, #1433 ) ;
#458 = EDGE_CURVE ( 'NONE', #2546, #950, #261, .T. ) ;
#459 = DIRECTION ( 'NONE',  ( 0.000000000000000000, -1.000000000000000000, 0.000000000000000000 ) ) ;
#460 = PRESENTATION_LAYER_ASSIGNMENT (  '', '', ( #1366 ) ) ;
#461 = VERTEX_POINT ( 'NONE', #1914 ) ;
#462 = CARTESIAN_POINT ( 'NONE',  ( 1001.669040948425504, 1040.688488887152062, 980.6486763635596162 ) ) ;
#463 = AXIS2_PLACEMENT_3D ( 'NONE', #1875, #1681, #805 ) ;
#464 = EDGE_LOOP ( 'NONE', ( #1304, #2475, #221, #707 ) ) ;
#465 = CARTESIAN_POINT ( 'NONE',  ( 1044.669040948425163, 1040.688488887152289, 980.4486763635595707 ) ) ;
#466 = CARTESIAN_POINT ( 'NONE',  ( 1004.969040948425572, 1037.688488887152062, 977.6486763635596162 ) ) ;
#467 = PLANE ( 'NONE',  #141 ) ;
#468 = EDGE_CURVE ( 'NONE', #21, #642, #878, .T. ) ;
#469 = EDGE_LOOP ( 'NONE', ( #475, #1594, #2366, #2058 ) ) ;
#470 = DIRECTION ( 'NONE',  ( 0.000000000000000000, 0.000000000000000000, -1.000000000000000000 ) ) ;
#471 = DIRECTION ( 'NONE',  ( -0.000000000000000000, 1.000000000000000000, 0.000000000000000000 ) ) ;
#472 = VECTOR ( 'NONE', #191, 1000.000000000000000 ) ;
#473 = ORIENTED_EDGE ( 'NONE', *, *, #1619, .F. ) ;
#474 = CARTESIAN_POINT ( 'NONE',  ( 1083.669040948425391, 1040.688488887152062, 1035.648676363559616 ) ) ;
#475 = ORIENTED_EDGE ( 'NONE', *, *, #757, .F. ) ;
#476 = DIRECTION ( 'NONE',  ( 1.000000000000000000, 0.000000000000000000, 0.000000000000000000 ) ) ;
#477 = DIRECTION ( 'NONE',  ( 1.000000000000000000, 0.000000000000000000, 0.000000000000000000 ) ) ;
#478 = VECTOR ( 'NONE', #1684, 1000.000000000000000 ) ;
#479 = EDGE_LOOP ( 'NONE', ( #1097, #913, #365, #1849, #997, #1796, #2424 ) ) ;
#480 = AXIS2_PLACEMENT_3D ( 'NONE', #1878, #2315, #477 ) ;
#481 = VERTEX_POINT ( 'NONE', #646 ) ;
#482 = VECTOR ( 'NONE', #377, 1000.000000000000000 ) ;
#483 = LINE ( 'NONE', #1103, #2623 ) ;
#484 = ADVANCED_FACE ( 'NONE', ( #1487 ), #2305, .F. ) ;
#485 = CIRCLE ( 'NONE', #1303, 1.419999999999976836 ) ;
#486 = ORIENTED_EDGE ( 'NONE', *, *, #1310, .F. ) ;
#487 = CARTESIAN_POINT ( 'NONE',  ( 1005.669040948425732, 1036.194423006669240, 1040.648676363559616 ) ) ;
#488 = FACE_OUTER_BOUND ( 'NONE', #2267, .T. ) ;
#489 = EDGE_CURVE ( 'NONE', #1532, #199, #1863, .T. ) ;
#490 = ORIENTED_EDGE ( 'NONE', *, *, #2322, .T. ) ;
#491 = DIRECTION ( 'NONE',  ( 0.000000000000000000, 0.000000000000000000, -1.000000000000000000 ) ) ;
#492 = DIRECTION ( 'NONE',  ( 0.000000000000000000, 1.000000000000000000, -0.000000000000000000 ) ) ;
#493 = DIRECTION ( 'NONE',  ( 1.000000000000000000, 0.000000000000000000, 0.000000000000000000 ) ) ;
#494 = VERTEX_POINT ( 'NONE', #1659 ) ;
#495 = DIRECTION ( 'NONE',  ( -0.000000000000000000, 1.000000000000000000, -0.000000000000000000 ) ) ;
#496 = CARTESIAN_POINT ( 'NONE',  ( 999.6690409484253905, 930.1701454405800860, 983.6486763635596162 ) ) ;
#497 = DIRECTION ( 'NONE',  ( 1.000000000000000000, 0.000000000000000000, -2.168404344971008868E-16 ) ) ;
#498 = ADVANCED_FACE ( 'NONE', ( #1121, #1547 ), #1955, .T. ) ;
#499 = EDGE_CURVE ( 'NONE', #1613, #1019, #1522, .T. ) ;
#500 = ORIENTED_EDGE ( 'NONE', *, *, #1815, .T. ) ;
#501 = CARTESIAN_POINT ( 'NONE',  ( 1004.969040948425572, 1037.688488887152062, 977.6486763635596162 ) ) ;
#502 = ORIENTED_EDGE ( 'NONE', *, *, #2316, .T. ) ;
#503 = CARTESIAN_POINT ( 'NONE',  ( 997.6690409484253905, 1041.688488887152289, 976.6486763635596162 ) ) ;
#504 = CARTESIAN_POINT ( 'NONE',  ( 1001.669040948425504, 1046.345343136644715, 978.6486763635595025 ) ) ;
#505 = ORIENTED_EDGE ( 'NONE', *, *, #2410, .F. ) ;
#506 = CARTESIAN_POINT ( 'NONE',  ( 1085.669040948425391, 930.1701454405800860, 983.6486763635596162 ) ) ;
#507 = DIRECTION ( 'NONE',  ( -0.000000000000000000, -1.000000000000000000, -0.000000000000000000 ) ) ;
#508 = AXIS2_PLACEMENT_3D ( 'NONE', #2537, #497, #693 ) ;
#509 = ORIENTED_EDGE ( 'NONE', *, *, #2481, .T. ) ;
#510 = CARTESIAN_POINT ( 'NONE',  ( 1080.669040948425391, 930.1701454405800860, 980.6486763635596162 ) ) ;
#511 = ORIENTED_EDGE ( 'NONE', *, *, #2234, .F. ) ;
#512 = DIRECTION ( 'NONE',  ( 0.000000000000000000, 0.000000000000000000, -1.000000000000000000 ) ) ;
#513 = DIRECTION ( 'NONE',  ( -0.000000000000000000, 1.000000000000000000, -0.000000000000000000 ) ) ;
#514 = DIRECTION ( 'NONE',  ( 0.000000000000000000, -0.000000000000000000, -1.000000000000000000 ) ) ;
#515 = EDGE_CURVE ( 'NONE', #524, #536, #698, .T. ) ;
#516 = EDGE_LOOP ( 'NONE', ( #1624, #355 ) ) ;
#517 = CARTESIAN_POINT ( 'NONE',  ( 1044.669040948425163, 1040.688488887152289, 980.4486763635595707 ) ) ;
#518 = CIRCLE ( 'NONE', #1436, 1.250000000000084377 ) ;
#519 = CARTESIAN_POINT ( 'NONE',  ( 1339.846403555971847, 1036.194772072523392, 1042.648676363559616 ) ) ;
#520 = CIRCLE ( 'NONE', #311, 2.000000000000112799 ) ;
#521 = EDGE_LOOP ( 'NONE', ( #576, #500, #999, #2489, #1763, #1265, #2486, #402 ) ) ;
#522 = LINE ( 'NONE', #679, #2103 ) ;
#523 = CARTESIAN_POINT ( 'NONE',  ( 1086.669040948425391, 1041.688488887152289, 977.6486763635597299 ) ) ;
#524 = VERTEX_POINT ( 'NONE', #1713 ) ;
#525 = FACE_OUTER_BOUND ( 'NONE', #479, .T. ) ;
#526 = FACE_OUTER_BOUND ( 'NONE', #940, .T. ) ;
#527 = PLANE ( 'NONE',  #436 ) ;
#528 = EDGE_CURVE ( 'NONE', #681, #1002, #1259, .T. ) ;
#529 = EDGE_LOOP ( 'NONE', ( #2229, #1884, #2233, #1783, #1902, #5, #54, #1776, #349, #1708, #2288, #554 ) ) ;
#530 = CARTESIAN_POINT ( 'NONE',  ( 1001.669040948425504, 1039.188488887152062, 1036.648676363559616 ) ) ;
#531 = LINE ( 'NONE', #332, #1782 ) ;
#532 = CARTESIAN_POINT ( 'NONE',  ( 1083.669040948425391, 1046.345343136644715, 1036.648676363559616 ) ) ;
#533 = ADVANCED_FACE ( 'NONE', ( #115 ), #711, .F. ) ;
#534 = VECTOR ( 'NONE', #1007, 1000.000000000000000 ) ;
#535 = AXIS2_PLACEMENT_3D ( 'NONE', #578, #1421, #2185 ) ;
#536 = VERTEX_POINT ( 'NONE', #1938 ) ;
#537 = DIRECTION ( 'NONE',  ( 1.000000000000000000, 0.000000000000000000, 0.000000000000000000 ) ) ;
#538 = DIRECTION ( 'NONE',  ( -1.000000000000000000, 0.000000000000000000, 0.000000000000000000 ) ) ;
#539 = EDGE_LOOP ( 'NONE', ( #2221, #1918 ) ) ;
#540 = CYLINDRICAL_SURFACE ( 'NONE', #1826, 1.250000000000084377 ) ;
#541 = MECHANICAL_DESIGN_GEOMETRIC_PRESENTATION_REPRESENTATION (  '', ( #1366 ), #2283 ) ;
#542 = VECTOR ( 'NONE', #143, 1000.000000000000000 ) ;
#543 = ORIENTED_EDGE ( 'NONE', *, *, #1937, .F. ) ;
#544 = DIRECTION ( 'NONE',  ( -0.000000000000000000, -0.000000000000000000, 1.000000000000000000 ) ) ;
#545 = EDGE_CURVE ( 'NONE', #1835, #2614, #289, .T. ) ;
#546 = ORIENTED_EDGE ( 'NONE', *, *, #1029, .F. ) ;
#547 = DIRECTION ( 'NONE',  ( 1.000000000000000000, 0.000000000000000000, 0.000000000000000000 ) ) ;
#548 = ADVANCED_FACE ( 'NONE', ( #1328 ), #2153, .F. ) ;
#549 = EDGE_LOOP ( 'NONE', ( #1980, #180, #1229, #2145 ) ) ;
#550 = CARTESIAN_POINT ( 'NONE',  ( 1083.669040948425391, 1040.688488887152062, 977.6486763635597299 ) ) ;
#551 = CARTESIAN_POINT ( 'NONE',  ( 1001.669040948425504, 1040.688488887152062, 1038.648676363559616 ) ) ;
#552 = DIRECTION ( 'NONE',  ( -0.000000000000000000, 1.000000000000000000, -0.000000000000000000 ) ) ;
#553 = CIRCLE ( 'NONE', #1423, 3.000000000000002665 ) ;
#554 = ORIENTED_EDGE ( 'NONE', *, *, #1562, .T. ) ;
#555 = DIRECTION ( 'NONE',  ( 1.000000000000000000, 0.000000000000000000, 0.000000000000000000 ) ) ;
#556 = DIRECTION ( 'NONE',  ( -1.000000000000000000, 0.000000000000000000, 0.000000000000000000 ) ) ;
#557 = AXIS2_PLACEMENT_3D ( 'NONE', #34, #250, #2307 ) ;
#558 = ORIENTED_EDGE ( 'NONE', *, *, #2612, .T. ) ;
#559 = PLANE ( 'NONE',  #1207 ) ;
#560 = ORIENTED_EDGE ( 'NONE', *, *, #1746, .T. ) ;
#561 = LINE ( 'NONE', #179, #310 ) ;
#562 = VECTOR ( 'NONE', #1135, 1000.000000000000000 ) ;
#563 = EDGE_CURVE ( 'NONE', #1616, #1635, #1536, .T. ) ;
#564 = VERTEX_POINT ( 'NONE', #2583 ) ;
#565 = VECTOR ( 'NONE', #183, 1000.000000000000000 ) ;
#566 = DIRECTION ( 'NONE',  ( 0.000000000000000000, 0.000000000000000000, -1.000000000000000000 ) ) ;
#567 = VECTOR ( 'NONE', #827, 1000.000000000000227 ) ;
#568 = ORIENTED_EDGE ( 'NONE', *, *, #411, .F. ) ;
#569 = CARTESIAN_POINT ( 'NONE',  ( 1026.169040948425163, 1039.488488887152016, 980.4486763635595707 ) ) ;
#570 = CARTESIAN_POINT ( 'NONE',  ( 1001.669040948425504, 1039.188488887152062, 980.6486763635596162 ) ) ;
#571 = EDGE_CURVE ( 'NONE', #2134, #1351, #13, .T. ) ;
#572 = ORIENTED_EDGE ( 'NONE', *, *, #2409, .F. ) ;
#573 = DIRECTION ( 'NONE',  ( 0.000000000000000000, -0.000000000000000000, -1.000000000000000000 ) ) ;
#574 = ORIENTED_EDGE ( 'NONE', *, *, #2019, .T. ) ;
#575 = CARTESIAN_POINT ( 'NONE',  ( 1041.169040948425391, 1039.488488887152016, 978.4486763635595707 ) ) ;
#576 = ORIENTED_EDGE ( 'NONE', *, *, #145, .F. ) ;
#577 = DIRECTION ( 'NONE',  ( 0.000000000000000000, 0.000000000000000000, -1.000000000000000000 ) ) ;
#578 = CARTESIAN_POINT ( 'NONE',  ( 1010.779040948429156, 1039.308488887152180, 976.6486763635596162 ) ) ;
#579 = CARTESIAN_POINT ( 'NONE',  ( 997.6690409484253905, 1041.688488887152289, 1042.648676363559616 ) ) ;
#580 = EDGE_CURVE ( 'NONE', #195, #1508, #1091, .T. ) ;
#581 = VERTEX_POINT ( 'NONE', #503 ) ;
#582 = DIRECTION ( 'NONE',  ( -1.000000000000000000, 0.000000000000000000, 0.000000000000000000 ) ) ;
#583 = CARTESIAN_POINT ( 'NONE',  ( 1004.669040948425391, 1036.688488887152062, 980.6486763635596162 ) ) ;
#584 = ORIENTED_EDGE ( 'NONE', *, *, #545, .F. ) ;
#585 = CARTESIAN_POINT ( 'NONE',  ( 999.6690409484253905, 1036.688488887152062, 983.6486763635596162 ) ) ;
#586 = DIRECTION ( 'NONE',  ( 1.000000000000000000, 0.000000000000000000, -0.000000000000000000 ) ) ;
#587 = ORIENTED_EDGE ( 'NONE', *, *, #1244, .F. ) ;
#588 = ORIENTED_EDGE ( 'NONE', *, *, #2472, .T. ) ;
#589 = DIRECTION ( 'NONE',  ( -7.656710514656246399E-15, 0.000000000000000000, -1.000000000000000000 ) ) ;
#590 = CARTESIAN_POINT ( 'NONE',  ( 1037.269040948425300, 1041.238488887152243, 980.4486763635595707 ) ) ;
#591 = ORIENTED_EDGE ( 'NONE', *, *, #1094, .F. ) ;
#592 = CARTESIAN_POINT ( 'NONE',  ( 1001.669040948425504, 930.1701454405800860, 1035.648676363559616 ) ) ;
#593 = VERTEX_POINT ( 'NONE', #302 ) ;
#594 = LINE ( 'NONE', #2051, #1982 ) ;
#595 = DIRECTION ( 'NONE',  ( -0.000000000000000000, -1.000000000000000000, -0.000000000000000000 ) ) ;
#596 = FACE_OUTER_BOUND ( 'NONE', #26, .T. ) ;
#597 = EDGE_CURVE ( 'NONE', #564, #2050, #2384, .T. ) ;
#598 = ORIENTED_EDGE ( 'NONE', *, *, #724, .T. ) ;
#599 = CARTESIAN_POINT ( 'NONE',  ( 1001.669040948425504, 1040.688488887152062, 980.6486763635596162 ) ) ;
#600 = DIRECTION ( 'NONE',  ( -0.000000000000000000, -1.000000000000000000, 0.000000000000000000 ) ) ;
#601 = AXIS2_PLACEMENT_3D ( 'NONE', #2297, #206, #2236 ) ;
#602 = PRODUCT_DEFINITION_CONTEXT ( 'detailed design', #2120, 'design' ) ;
#603 = AXIS2_PLACEMENT_3D ( 'NONE', #1560, #2531, #929 ) ;
#604 = AXIS2_PLACEMENT_3D ( 'NONE', #1295, #1309, #2125 ) ;
#605 = VERTEX_POINT ( 'NONE', #726 ) ;
#606 = CARTESIAN_POINT ( 'NONE',  ( 1016.559040948429356, 1037.888488887152334, 976.6486763635596162 ) ) ;
#607 = EDGE_CURVE ( 'NONE', #1603, #2082, #315, .T. ) ;
#608 = VECTOR ( 'NONE', #1152, 1000.000000000000000 ) ;
#609 = ORIENTED_EDGE ( 'NONE', *, *, #1293, .T. ) ;
#610 = DIRECTION ( 'NONE',  ( -2.168404344971008868E-16, 0.000000000000000000, -1.000000000000000000 ) ) ;
#611 = DIRECTION ( 'NONE',  ( 0.000000000000000000, 0.000000000000000000, 1.000000000000000000 ) ) ;
#612 = ADVANCED_FACE ( 'NONE', ( #525 ), #1753, .F. ) ;
#613 = DIRECTION ( 'NONE',  ( 0.000000000000000000, 1.000000000000000000, 0.000000000000000000 ) ) ;
#614 = ORIENTED_EDGE ( 'NONE', *, *, #282, .T. ) ;
#615 = ORIENTED_EDGE ( 'NONE', *, *, #1893, .T. ) ;
#616 = DIRECTION ( 'NONE',  ( 0.000000000000000000, 0.000000000000000000, -1.000000000000000000 ) ) ;
#617 = DIRECTION ( 'NONE',  ( 0.000000000000000000, 0.000000000000000000, 1.000000000000000000 ) ) ;
#618 = ORIENTED_EDGE ( 'NONE', *, *, #93, .T. ) ;
#619 = DIRECTION ( 'NONE',  ( -0.000000000000000000, 1.000000000000000000, -0.000000000000000000 ) ) ;
#620 = ORIENTED_EDGE ( 'NONE', *, *, #336, .F. ) ;
#621 = FACE_OUTER_BOUND ( 'NONE', #2581, .T. ) ;
#622 = VECTOR ( 'NONE', #1233, 1000.000000000000000 ) ;
#623 = DIRECTION ( 'NONE',  ( 0.000000000000000000, 1.000000000000000000, 0.000000000000000000 ) ) ;
#624 = ORIENTED_EDGE ( 'NONE', *, *, #2536, .F. ) ;
#625 = LINE ( 'NONE', #444, #360 ) ;
#626 = ADVANCED_FACE ( 'NONE', ( #1979 ), #128, .T. ) ;
#627 = FACE_BOUND ( 'NONE', #1824, .T. ) ;
#628 = ORIENTED_EDGE ( 'NONE', *, *, #175, .T. ) ;
#629 = LINE ( 'NONE', #2474, #1581 ) ;
#630 = EDGE_CURVE ( 'NONE', #1470, #461, #2335, .T. ) ;
#631 = ORIENTED_EDGE ( 'NONE', *, *, #2479, .T. ) ;
#632 = CARTESIAN_POINT ( 'NONE',  ( 998.6690409484253905, 1040.688488887152062, 1041.648676363559844 ) ) ;
#633 = DIRECTION ( 'NONE',  ( 0.000000000000000000, 0.000000000000000000, -1.000000000000000000 ) ) ;
#634 = CARTESIAN_POINT ( 'NONE',  ( 1037.269040948425300, 1041.238488887152243, 976.6486763635596162 ) ) ;
#635 = LINE ( 'NONE', #1663, #934 ) ;
#636 = ORIENTED_EDGE ( 'NONE', *, *, #1662, .F. ) ;
#637 = DIRECTION ( 'NONE',  ( -0.000000000000000000, -0.000000000000000000, 1.000000000000000000 ) ) ;
#638 = CIRCLE ( 'NONE', #1290, 2.000000000000001776 ) ;
#639 = FACE_OUTER_BOUND ( 'NONE', #2526, .T. ) ;
#640 = ADVANCED_FACE ( 'NONE', ( #1160 ), #982, .F. ) ;
#641 = EDGE_CURVE ( 'NONE', #2597, #564, #1398, .T. ) ;
#642 = VERTEX_POINT ( 'NONE', #1410 ) ;
#643 = LINE ( 'NONE', #413, #1168 ) ;
#644 = AXIS2_PLACEMENT_3D ( 'NONE', #770, #595, #823 ) ;
#645 = EDGE_LOOP ( 'NONE', ( #1429, #90, #1454, #1650 ) ) ;
#646 = CARTESIAN_POINT ( 'NONE',  ( 1022.369040948424981, 1036.488488887152243, 977.6486763635596162 ) ) ;
#647 = CARTESIAN_POINT ( 'NONE',  ( 1080.669040948425391, 930.1701454405800860, 980.6486763635596162 ) ) ;
#648 = AXIS2_PLACEMENT_3D ( 'NONE', #2469, #1184, #2011 ) ;
#649 = DIRECTION ( 'NONE',  ( 0.000000000000000000, 0.000000000000000000, -1.000000000000000000 ) ) ;
#650 = ORIENTED_EDGE ( 'NONE', *, *, #2351, .T. ) ;
#651 = LINE ( 'NONE', #2295, #909 ) ;
#652 = CARTESIAN_POINT ( 'NONE',  ( 998.6690409484253905, 1040.688488887152062, 1038.648676363559616 ) ) ;
#653 = DIRECTION ( 'NONE',  ( 1.000000000000000000, 0.000000000000000000, 0.000000000000000000 ) ) ;
#654 = ORIENTED_EDGE ( 'NONE', *, *, #1628, .F. ) ;
#655 = CARTESIAN_POINT ( 'NONE',  ( 1080.669040948425391, 1036.694419769369688, 1040.630084370166969 ) ) ;
#656 = EDGE_CURVE ( 'NONE', #2061, #2311, #1181, .T. ) ;
#657 = ORIENTED_EDGE ( 'NONE', *, *, #2273, .T. ) ;
#658 = LINE ( 'NONE', #2261, #1865 ) ;
#659 = FACE_OUTER_BOUND ( 'NONE', #2587, .T. ) ;
#660 = AXIS2_PLACEMENT_3D ( 'NONE', #551, #167, #340 ) ;
#661 = CARTESIAN_POINT ( 'NONE',  ( 1083.669040948425391, 1046.345343136644715, 980.6486763635596162 ) ) ;
#662 = ORIENTED_EDGE ( 'NONE', *, *, #2460, .T. ) ;
#663 = CARTESIAN_POINT ( 'NONE',  ( 1001.669040948425504, 1039.188488887152062, 980.6486763635596162 ) ) ;
#664 = DIRECTION ( 'NONE',  ( -0.000000000000000000, -0.000000000000000000, 1.000000000000000000 ) ) ;
#665 = ORIENTED_EDGE ( 'NONE', *, *, #1688, .F. ) ;
#666 = PLANE ( 'NONE',  #1281 ) ;
#667 = PRODUCT ( 'Part2^Assem1', 'Part2^Assem1', '', ( #23 ) ) ;
#668 = VERTEX_POINT ( 'NONE', #1369 ) ;
#669 = CARTESIAN_POINT ( 'NONE',  ( 1087.669040948425391, 0.000000000000000000, 0.000000000000000000 ) ) ;
#670 = CARTESIAN_POINT ( 'NONE',  ( 1080.669040948425391, 1040.688488887152062, 978.6486763635596162 ) ) ;
#671 = EDGE_CURVE ( 'NONE', #2064, #1384, #2034, .T. ) ;
#672 = VERTEX_POINT ( 'NONE', #794 ) ;
#673 = CYLINDRICAL_SURFACE ( 'NONE', #2285, 0.7500000000000284217 ) ;
#674 = DIRECTION ( 'NONE',  ( 0.000000000000000000, 0.000000000000000000, -1.000000000000000000 ) ) ;
#675 = DIRECTION ( 'NONE',  ( -0.000000000000000000, -1.000000000000000000, -0.000000000000000000 ) ) ;
#676 = EDGE_CURVE ( 'NONE', #292, #1603, #1191, .T. ) ;
#677 = AXIS2_PLACEMENT_3D ( 'NONE', #1274, #1068, #2476 ) ;
#678 = ORIENTED_EDGE ( 'NONE', *, *, #1212, .F. ) ;
#679 = CARTESIAN_POINT ( 'NONE',  ( 1083.669040948425391, 930.1701454405800860, 983.6486763635595025 ) ) ;
#680 = CARTESIAN_POINT ( 'NONE',  ( 1010.779040948429156, 1040.728488887152253, 977.6486763635597299 ) ) ;
#681 = VERTEX_POINT ( 'NONE', #1825 ) ;
#682 = DIRECTION ( 'NONE',  ( -0.000000000000000000, -1.000000000000000000, -0.000000000000000000 ) ) ;
#683 = DIRECTION ( 'NONE',  ( 2.135044278125300850E-16, -0.000000000000000000, -1.000000000000000000 ) ) ;
#684 = VECTOR ( 'NONE', #440, 1000.000000000000000 ) ;
#685 = EDGE_LOOP ( 'NONE', ( #1311, #1186, #2074, #1101 ) ) ;
#686 = AXIS2_PLACEMENT_3D ( 'NONE', #341, #1158, #1736 ) ;
#687 = DIRECTION ( 'NONE',  ( 0.000000000000000000, 0.000000000000000000, -1.000000000000000000 ) ) ;
#688 =( BOUNDED_CURVE ( )  B_SPLINE_CURVE ( 3, ( #2430, #2244, #2049, #2380 ),
 .UNSPECIFIED., .F., .T. ) 
 B_SPLINE_CURVE_WITH_KNOTS ( ( 4, 4 ),
 ( 3.141592653589793116, 4.712388980384689674 ),
 .UNSPECIFIED. ) 
 CURVE ( )  GEOMETRIC_REPRESENTATION_ITEM ( )  RATIONAL_B_SPLINE_CURVE ( ( 1.000000000000000000, 0.8047378541243649375, 0.8047378541243649375, 1.000000000000000000 ) ) 
 REPRESENTATION_ITEM ( '' )  );
#689 = ADVANCED_FACE ( 'NONE', ( #344 ), #540, .F. ) ;
#690 = ADVANCED_FACE ( 'NONE', ( #1778 ), #1589, .F. ) ;
#691 = AXIS2_PLACEMENT_3D ( 'NONE', #1122, #2493, #1476 ) ;
#692 = LINE ( 'NONE', #1944, #1260 ) ;
#693 = DIRECTION ( 'NONE',  ( -2.168404344971008868E-16, 0.000000000000000000, -1.000000000000000000 ) ) ;
#694 = ORIENTED_EDGE ( 'NONE', *, *, #424, .T. ) ;
#695 = FACE_OUTER_BOUND ( 'NONE', #343, .T. ) ;
#696 = CARTESIAN_POINT ( 'NONE',  ( 999.6690409484253905, 1040.688488887152062, 983.6486763635596162 ) ) ;
#697 = ORIENTED_EDGE ( 'NONE', *, *, #1180, .F. ) ;
#698 = LINE ( 'NONE', #1340, #2417 ) ;
#699 = CARTESIAN_POINT ( 'NONE',  ( 1083.669040948425391, 1040.688488887152062, 1037.398676363559616 ) ) ;
#700 = LINE ( 'NONE', #504, #2339 ) ;
#701 = FACE_BOUND ( 'NONE', #1432, .T. ) ;
#702 = ORIENTED_EDGE ( 'NONE', *, *, #1661, .T. ) ;
#703 = PLANE ( 'NONE',  #2452 ) ;
#704 = LINE ( 'NONE', #1570, #1520 ) ;
#705 = FACE_OUTER_BOUND ( 'NONE', #1065, .T. ) ;
#706 = EDGE_CURVE ( 'NONE', #1470, #837, #2007, .T. ) ;
#707 = ORIENTED_EDGE ( 'NONE', *, *, #2368, .T. ) ;
#708 = LINE ( 'NONE', #474, #2271 ) ;
#709 = DIRECTION ( 'NONE',  ( -0.000000000000000000, 0.000000000000000000, 1.000000000000000000 ) ) ;
#710 = ORIENTED_EDGE ( 'NONE', *, *, #571, .F. ) ;
#711 = CYLINDRICAL_SURFACE ( 'NONE', #96, 1.250000000000084377 ) ;
#712 = DIRECTION ( 'NONE',  ( -0.000000000000000000, -1.000000000000000000, -0.000000000000000000 ) ) ;
#713 = DIRECTION ( 'NONE',  ( -0.000000000000000000, 0.000000000000000000, -1.000000000000000000 ) ) ;
#714 = B_SPLINE_CURVE_WITH_KNOTS ( 'NONE', 3,
 ( #1844, #1639, #2300, #2455 ),
 .UNSPECIFIED., .F., .F.,
 ( 4, 4 ),
 ( 0.000000000000000000, 0.7360465116279485409 ),
 .UNSPECIFIED. ) ;
#715 = EDGE_LOOP ( 'NONE', ( #1409, #1005, #958, #636 ) ) ;
#716 = CARTESIAN_POINT ( 'NONE',  ( 1001.669040948425504, 1040.688488887152062, 1038.648676363559616 ) ) ;
#717 = LINE ( 'NONE', #1786, #608 ) ;
#718 = EDGE_CURVE ( 'NONE', #727, #605, #188, .T. ) ;
#719 = AXIS2_PLACEMENT_3D ( 'NONE', #1183, #2625, #573 ) ;
#720 = ORIENTED_EDGE ( 'NONE', *, *, #2107, .T. ) ;
#721 = EDGE_CURVE ( 'NONE', #1508, #2597, #385, .T. ) ;
#722 = CARTESIAN_POINT ( 'NONE',  ( 1044.669040948425163, 1040.688488887152289, 980.4486763635595707 ) ) ;
#723 = FACE_BOUND ( 'NONE', #521, .T. ) ;
#724 = EDGE_CURVE ( 'NONE', #1194, #826, #751, .T. ) ;
#725 = ORIENTED_EDGE ( 'NONE', *, *, #1784, .F. ) ;
#726 = CARTESIAN_POINT ( 'NONE',  ( 1083.669040948425391, 1036.693550349649740, 1035.648676363559616 ) ) ;
#727 = VERTEX_POINT ( 'NONE', #2216 ) ;
#728 = CARTESIAN_POINT ( 'NONE',  ( 1022.369040948424981, 1036.488488887152243, 977.6486763635596162 ) ) ;
#729 = VECTOR ( 'NONE', #752, 1000.000000000000000 ) ;
#730 = AXIS2_PLACEMENT_3D ( 'NONE', #39, #2302, #214 ) ;
#731 = CARTESIAN_POINT ( 'NONE',  ( 1080.669040948425391, 1036.694073948430741, 1038.648676363559616 ) ) ;
#732 = VECTOR ( 'NONE', #2414, 1000.000000000000000 ) ;
#733 = ORIENTED_EDGE ( 'NONE', *, *, #656, .T. ) ;
#734 = FILL_AREA_STYLE_COLOUR ( '', #1412 ) ;
#735 = CARTESIAN_POINT ( 'NONE',  ( 1001.669040948425504, 1041.688488887152289, 980.6486763635596162 ) ) ;
#736 = ORIENTED_EDGE ( 'NONE', *, *, #1694, .T. ) ;
#737 = EDGE_CURVE ( 'NONE', #1752, #1610, #1689, .T. ) ;
#738 = DIRECTION ( 'NONE',  ( 0.000000000000000000, 0.000000000000000000, 1.000000000000000000 ) ) ;
#739 = ORIENTED_EDGE ( 'NONE', *, *, #1593, .F. ) ;
#740 = EDGE_CURVE ( 'NONE', #2352, #2566, #170, .T. ) ;
#741 = LINE ( 'NONE', #119, #173 ) ;
#742 = PLANE ( 'NONE',  #604 ) ;
#743 = CARTESIAN_POINT ( 'NONE',  ( 1010.444376937815264, 1040.688488887152062, 977.6486763635597299 ) ) ;
#744 = CARTESIAN_POINT ( 'NONE',  ( 1025.419040948425163, 1039.488488887152016, 978.4486763635595707 ) ) ;
#745 = ADVANCED_FACE ( 'NONE', ( #783 ), #2243, .F. ) ;
#746 = ORIENTED_EDGE ( 'NONE', *, *, #1593, .T. ) ;
#747 = CARTESIAN_POINT ( 'NONE',  ( 1016.893704959043134, 1040.688488887152062, 977.6486763635597299 ) ) ;
#748 = CARTESIAN_POINT ( 'NONE',  ( 1003.202374281754828, 1036.688488894868669, 1006.648676942515181 ) ) ;
#749 = DIRECTION ( 'NONE',  ( -0.000000000000000000, 1.000000000000000000, -0.000000000000000000 ) ) ;
#750 = ORIENTED_EDGE ( 'NONE', *, *, #1306, .F. ) ;
#751 = LINE ( 'NONE', #2018, #185 ) ;
#752 = DIRECTION ( 'NONE',  ( -0.000000000000000000, -0.000000000000000000, 1.000000000000000000 ) ) ;
#753 = ADVANCED_FACE ( 'NONE', ( #362, #1617, #1810 ), #2418, .T. ) ;
#754 = AXIS2_PLACEMENT_3D ( 'NONE', #510, #2379, #2161 ) ;
#755 = EDGE_LOOP ( 'NONE', ( #981, #433, #288, #2398 ) ) ;
#756 = PLANE ( 'NONE',  #256 ) ;
#757 = EDGE_CURVE ( 'NONE', #1032, #1437, #2429, .T. ) ;
#758 = ORIENTED_EDGE ( 'NONE', *, *, #1904, .T. ) ;
#759 = CARTESIAN_POINT ( 'NONE',  ( 1083.669040948425391, 1040.688488887152062, 977.6486763635597299 ) ) ;
#760 = DIRECTION ( 'NONE',  ( 0.000000000000000000, 0.000000000000000000, 1.000000000000000000 ) ) ;
#761 = ORIENTED_EDGE ( 'NONE', *, *, #1123, .T. ) ;
#762 = PRESENTATION_STYLE_ASSIGNMENT (( #2004 ) ) ;
#763 = CARTESIAN_POINT ( 'NONE',  ( 1339.846403555971847, 1036.694772064907738, 1042.648589097097556 ) ) ;
#764 = CARTESIAN_POINT ( 'NONE',  ( 1083.669040948425391, 1039.188488887152062, 1037.398676363559616 ) ) ;
#765 = CIRCLE ( 'NONE', #980, 2.000000000000001776 ) ;
#766 = ORIENTED_EDGE ( 'NONE', *, *, #2, .F. ) ;
#767 = DIRECTION ( 'NONE',  ( 0.000000000000000000, -1.000000000000000000, 0.000000000000000000 ) ) ;
#768 = ORIENTED_EDGE ( 'NONE', *, *, #2600, .F. ) ;
#769 = FACE_OUTER_BOUND ( 'NONE', #272, .T. ) ;
#770 = CARTESIAN_POINT ( 'NONE',  ( 1083.669040948425391, 1041.688488887152289, 980.6486763635596162 ) ) ;
#771 = PRODUCT_DEFINITION_FORMATION_WITH_SPECIFIED_SOURCE ( 'ANY', '', #667, .NOT_KNOWN. ) ;
#772 = CARTESIAN_POINT ( 'NONE',  ( 1083.669040948425391, 1036.188488887152289, 978.6486763635595025 ) ) ;
#773 = EDGE_CURVE ( 'NONE', #75, #1039, #1066, .T. ) ;
#774 = AXIS2_PLACEMENT_3D ( 'NONE', #1069, #82, #880 ) ;
#775 = VECTOR ( 'NONE', #1251, 1000.000000000000000 ) ;
#776 = VERTEX_POINT ( 'NONE', #246 ) ;
#777 = VECTOR ( 'NONE', #1359, 1000.000000000000000 ) ;
#778 = CYLINDRICAL_SURFACE ( 'NONE', #1063, 2.999999999999891642 ) ;
#779 = DIRECTION ( 'NONE',  ( 0.000000000000000000, 0.0001745329243167994800, 0.9999999847691289911 ) ) ;
#780 = SHAPE_REPRESENTATION ( 'Bottom', ( #1990, #601 ), #2122 ) ;
#781 = CYLINDRICAL_SURFACE ( 'NONE', #1388, 3.000000000000002665 ) ;
#782 = EDGE_LOOP ( 'NONE', ( #283, #920, #2343, #587 ) ) ;
#783 = FACE_OUTER_BOUND ( 'NONE', #1721, .T. ) ;
#784 = ORIENTED_EDGE ( 'NONE', *, *, #1462, .T. ) ;
#785 = DIRECTION ( 'NONE',  ( 0.000000000000000000, -1.000000000000000000, 0.000000000000000000 ) ) ;
#786 = PLANE ( 'NONE',  #815 ) ;
#787 = ORIENTED_EDGE ( 'NONE', *, *, #452, .F. ) ;
#788 = CARTESIAN_POINT ( 'NONE',  ( 1001.669040948425504, 1046.345343136644715, 1038.648676363559616 ) ) ;
#789 = ORIENTED_EDGE ( 'NONE', *, *, #957, .F. ) ;
#790 = DIRECTION ( 'NONE',  ( 0.000000000000000000, 1.000000000000000000, 0.000000000000000000 ) ) ;
#791 = DIRECTION ( 'NONE',  ( 0.000000000000000000, 0.000000000000000000, 1.000000000000000000 ) ) ;
#792 = ORIENTED_EDGE ( 'NONE', *, *, #2411, .F. ) ;
#793 =( BOUNDED_CURVE ( )  B_SPLINE_CURVE ( 3, ( #1356, #162, #1707, #1920 ),
 .UNSPECIFIED., .F., .T. ) 
 B_SPLINE_CURVE_WITH_KNOTS ( ( 4, 4 ),
 ( 3.141592653589793116, 6.283185307179586232 ),
 .UNSPECIFIED. ) 
 CURVE ( )  GEOMETRIC_REPRESENTATION_ITEM ( )  RATIONAL_B_SPLINE_CURVE ( ( 1.000000000000000000, 0.3333333333333333703, 0.3333333333333333703, 1.000000000000000000 ) ) 
 REPRESENTATION_ITEM ( '' )  );
#794 = CARTESIAN_POINT ( 'NONE',  ( 1001.669040948425504, 1039.188488887152062, 981.8986763635596162 ) ) ;
#795 = ORIENTED_EDGE ( 'NONE', *, *, #411, .T. ) ;
#796 = DIRECTION ( 'NONE',  ( 0.000000000000000000, 0.000000000000000000, -1.000000000000000000 ) ) ;
#797 = EDGE_CURVE ( 'NONE', #44, #371, #399, .T. ) ;
#798 = ORIENTED_EDGE ( 'NONE', *, *, #1893, .F. ) ;
#799 = DIRECTION ( 'NONE',  ( -0.000000000000000000, -1.000000000000000000, -0.000000000000000000 ) ) ;
#800 = ORIENTED_EDGE ( 'NONE', *, *, #217, .T. ) ;
#801 = CARTESIAN_POINT ( 'NONE',  ( 1004.969040948425572, 1036.488488887152243, 977.6486763635596162 ) ) ;
#802 = PLANE ( 'NONE',  #1711 ) ;
#803 = CARTESIAN_POINT ( 'NONE',  ( 1001.669040948425504, 1040.688488887152062, 1037.398676363559616 ) ) ;
#804 = ORIENTED_EDGE ( 'NONE', *, *, #2365, .T. ) ;
#805 = DIRECTION ( 'NONE',  ( -1.000000000000000000, 0.000000000000000000, 0.000000000000000000 ) ) ;
#806 = EDGE_CURVE ( 'NONE', #44, #2041, #643, .T. ) ;
#807 = EDGE_LOOP ( 'NONE', ( #171, #1632, #1221, #624 ) ) ;
#808 = DIRECTION ( 'NONE',  ( 0.000000000000000000, 0.000000000000000000, 1.000000000000000000 ) ) ;
#809 = DIRECTION ( 'NONE',  ( -0.000000000000000000, 1.000000000000000000, -0.000000000000000000 ) ) ;
#810 = EDGE_LOOP ( 'NONE', ( #1792, #2226, #1146, #628 ) ) ;
#811 = DIRECTION ( 'NONE',  ( 1.000000000000000000, 0.000000000000000000, 0.000000000000000000 ) ) ;
#812 = APPLICATION_PROTOCOL_DEFINITION ( 'draft international standard', 'automotive_design', 1998, #946 ) ;
#813 = EDGE_LOOP ( 'NONE', ( #1511, #2420, #40, #917 ) ) ;
#814 = CARTESIAN_POINT ( 'NONE',  ( 1083.669040948425391, 1039.188488887152062, 1036.648676363559616 ) ) ;
#815 = AXIS2_PLACEMENT_3D ( 'NONE', #2626, #1607, #586 ) ;
#816 = VERTEX_POINT ( 'NONE', #1859 ) ;
#817 = VECTOR ( 'NONE', #2101, 1000.000000000000000 ) ;
#818 = CYLINDRICAL_SURFACE ( 'NONE', #1083, 1.419999999999976836 ) ;
#819 = VECTOR ( 'NONE', #799, 1000.000000000000000 ) ;
#820 = ADVANCED_FACE ( 'NONE', ( #10 ), #818, .F. ) ;
#821 = VERTEX_POINT ( 'NONE', #2287 ) ;
#822 = DIRECTION ( 'NONE',  ( 0.000000000000000000, 0.000000000000000000, -1.000000000000000000 ) ) ;
#823 = DIRECTION ( 'NONE',  ( 0.000000000000000000, 0.000000000000000000, -1.000000000000000000 ) ) ;
#824 = CARTESIAN_POINT ( 'NONE',  ( 1083.669040948425391, 1039.188488887152062, 980.6486763635596162 ) ) ;
#825 = ADVANCED_FACE ( 'NONE', ( #237 ), #1262, .T. ) ;
#826 = VERTEX_POINT ( 'NONE', #53 ) ;
#827 = DIRECTION ( 'NONE',  ( -0.000000000000000000, 0.0001745329243167994800, 0.9999999847691289911 ) ) ;
#828 = SHAPE_DEFINITION_REPRESENTATION ( #2533, #1531 ) ;
#829 = CARTESIAN_POINT ( 'NONE',  ( 1001.669040948425504, 930.1701454405800860, 983.6486763635595025 ) ) ;
#830 = EDGE_CURVE ( 'NONE', #1851, #481, #434, .T. ) ;
#831 = ORIENTED_EDGE ( 'NONE', *, *, #2230, .T. ) ;
#832 = CARTESIAN_POINT ( 'NONE',  ( 998.6690409484253905, 1041.688488887152289, 977.6486763635597299 ) ) ;
#833 = EDGE_LOOP ( 'NONE', ( #1443, #792, #2047, #1687 ) ) ;
#834 = DIRECTION ( 'NONE',  ( -1.000000000000000000, 0.000000000000000000, 0.000000000000000000 ) ) ;
#835 = CARTESIAN_POINT ( 'NONE',  ( 1022.669040948425391, 1040.688488887152289, 980.4486763635595707 ) ) ;
#836 = CARTESIAN_POINT ( 'NONE',  ( 997.6690409484253905, 1041.688488887152289, 1042.648676363559616 ) ) ;
#837 = VERTEX_POINT ( 'NONE', #606 ) ;
#838 = EDGE_CURVE ( 'NONE', #2616, #1532, #291, .T. ) ;
#839 = CYLINDRICAL_SURFACE ( 'NONE', #691, 2.000000000000001776 ) ;
#840 = EDGE_CURVE ( 'NONE', #2274, #2546, #2514, .T. ) ;
#841 = DIRECTION ( 'NONE',  ( -0.000000000000000000, -0.000000000000000000, 1.000000000000000000 ) ) ;
#842 = VECTOR ( 'NONE', #1483, 1000.000000000000227 ) ;
#843 = ORIENTED_EDGE ( 'NONE', *, *, #2613, .F. ) ;
#844 = CARTESIAN_POINT ( 'NONE',  ( 1001.669040948425504, 1036.194423006669240, 1040.648676363559616 ) ) ;
#845 = ORIENTED_EDGE ( 'NONE', *, *, #2525, .T. ) ;
#846 = CARTESIAN_POINT ( 'NONE',  ( 1041.919040948425391, 1039.488488887152016, 978.4486763635595707 ) ) ;
#847 = DIRECTION ( 'NONE',  ( 0.000000000000000000, 1.000000000000000000, -0.000000000000000000 ) ) ;
#848 = AXIS2_PLACEMENT_3D ( 'NONE', #2512, #471, #1294 ) ;
#849 = LINE ( 'NONE', #231, #1378 ) ;
#850 = AXIS2_PLACEMENT_3D ( 'NONE', #824, #2507, #649 ) ;
#851 = ORIENTED_EDGE ( 'NONE', *, *, #1253, .F. ) ;
#852 = AXIS2_PLACEMENT_3D ( 'NONE', #1035, #1678, #1873 ) ;
#853 = VECTOR ( 'NONE', #796, 1000.000000000000000 ) ;
#854 = CARTESIAN_POINT ( 'NONE',  ( 0.000000000000000000, 0.000000000000000000, 0.000000000000000000 ) ) ;
#855 = EDGE_CURVE ( 'NONE', #581, #264, #629, .T. ) ;
#856 = EDGE_CURVE ( 'NONE', #2208, #1698, #1495, .T. ) ;
#857 = FACE_OUTER_BOUND ( 'NONE', #1271, .T. ) ;
#858 = ORIENTED_EDGE ( 'NONE', *, *, #721, .T. ) ;
#859 = CIRCLE ( 'NONE', #1220, 1.249999999999973355 ) ;
#860 = CARTESIAN_POINT ( 'NONE',  ( 1022.369040948424981, 1037.688488887152062, 977.6486763635596162 ) ) ;
#861 = AXIS2_PLACEMENT_3D ( 'NONE', #2611, #1371, #304 ) ;
#862 = ORIENTED_EDGE ( 'NONE', *, *, #448, .T. ) ;
#863 = DIRECTION ( 'NONE',  ( -0.000000000000000000, 0.0001745329243167994800, 0.9999999847691289911 ) ) ;
#864 = DIRECTION ( 'NONE',  ( 1.000000000000000000, 0.000000000000000000, 0.000000000000000000 ) ) ;
#865 = LINE ( 'NONE', #1473, #352 ) ;
#866 = VECTOR ( 'NONE', #1818, 1000.000000000000000 ) ;
#867 = DIRECTION ( 'NONE',  ( 2.135044245606716870E-16, 0.0001745329243167994529, 0.9999999847691289911 ) ) ;
#868 = AXIS2_PLACEMENT_3D ( 'NONE', #1623, #1974, #2641 ) ;
#869 = VERTEX_POINT ( 'NONE', #1668 ) ;
#870 = EDGE_LOOP ( 'NONE', ( #9, #886, #1841, #157 ) ) ;
#871 = CARTESIAN_POINT ( 'NONE',  ( 1080.669040948425391, 1036.694423014284666, 1040.648676363559616 ) ) ;
#872 = CARTESIAN_POINT ( 'NONE',  ( 1086.669040948425391, 1040.688488887152062, 1041.648676363559844 ) ) ;
#873 = DIRECTION ( 'NONE',  ( -1.000000000000000000, 0.000000000000000000, 0.000000000000000000 ) ) ;
#874 = ORIENTED_EDGE ( 'NONE', *, *, #1457, .T. ) ;
#875 = EDGE_CURVE ( 'NONE', #260, #449, #2312, .T. ) ;
#876 = DIRECTION ( 'NONE',  ( 0.000000000000000000, -1.000000000000000000, 0.000000000000000000 ) ) ;
#877 = ORIENTED_EDGE ( 'NONE', *, *, #528, .F. ) ;
#878 = LINE ( 'NONE', #1886, #478 ) ;
#879 = PLANE ( 'NONE',  #1360 ) ;
#880 = DIRECTION ( 'NONE',  ( 0.000000000000000000, 0.000000000000000000, -1.000000000000000000 ) ) ;
#881 = VECTOR ( 'NONE', #1188, 1000.000000000000000 ) ;
#882 = ORIENTED_EDGE ( 'NONE', *, *, #2167, .F. ) ;
#883 = DIRECTION ( 'NONE',  ( 1.000000000000000000, 0.000000000000000000, 0.000000000000000000 ) ) ;
#884 = PLANE ( 'NONE',  #508 ) ;
#885 = PLANE ( 'NONE',  #1995 ) ;
#886 = ORIENTED_EDGE ( 'NONE', *, *, #1326, .T. ) ;
#887 = CARTESIAN_POINT ( 'NONE',  ( 1042.669040948425391, 1040.688488887152062, 1042.648676363559616 ) ) ;
#888 = VERTEX_POINT ( 'NONE', #1272 ) ;
#889 = EDGE_CURVE ( 'NONE', #2205, #936, #1996, .T. ) ;
#890 = CARTESIAN_POINT ( 'NONE',  ( 1016.559040948429356, 1039.308488887152180, 978.6486763635596162 ) ) ;
#891 = DIRECTION ( 'NONE',  ( 0.000000000000000000, -1.000000000000000000, 0.000000000000000000 ) ) ;
#892 = ADVANCED_FACE ( 'NONE', ( #1012, #2076, #224 ), #2062, .F. ) ;
#893 = VERTEX_POINT ( 'NONE', #1644 ) ;
#894 = PLANE ( 'NONE',  #719 ) ;
#895 = AXIS2_PLACEMENT_3D ( 'NONE', #432, #235, #2059 ) ;
#896 = CARTESIAN_POINT ( 'NONE',  ( 1083.669040948425391, 1039.188488887152062, 1038.648676363559616 ) ) ;
#897 = VECTOR ( 'NONE', #867, 1000.000000000000114 ) ;
#898 = ORIENTED_EDGE ( 'NONE', *, *, #2596, .F. ) ;
#899 = CARTESIAN_POINT ( 'NONE',  ( 1001.669040948425504, 1036.193724874961390, 1036.648676363559616 ) ) ;
#900 = CARTESIAN_POINT ( 'NONE',  ( 931.4402707650676803, 1041.688488887152289, 1042.648676363559616 ) ) ;
#901 = ORIENTED_EDGE ( 'NONE', *, *, #1651, .T. ) ;
#902 = DIRECTION ( 'NONE',  ( -2.168404344971008868E-16, 0.000000000000000000, -1.000000000000000000 ) ) ;
#903 = FACE_OUTER_BOUND ( 'NONE', #755, .T. ) ;
#904 = VECTOR ( 'NONE', #70, 1000.000000000000000 ) ;
#905 = VECTOR ( 'NONE', #682, 1000.000000000000000 ) ;
#906 = ORIENTED_EDGE ( 'NONE', *, *, #721, .F. ) ;
#907 = AXIS2_PLACEMENT_3D ( 'NONE', #1791, #2044, #791 ) ;
#908 = CARTESIAN_POINT ( 'NONE',  ( 1030.069040948425254, 1040.688488887152062, 977.6486763635597299 ) ) ;
#909 = VECTOR ( 'NONE', #22, 1000.000000000000000 ) ;
#910 = EDGE_CURVE ( 'NONE', #816, #1610, #2459, .T. ) ;
#911 = PLANE ( 'NONE',  #2086 ) ;
#912 = FACE_BOUND ( 'NONE', #2502, .T. ) ;
#913 = ORIENTED_EDGE ( 'NONE', *, *, #1905, .F. ) ;
#914 = ADVANCED_FACE ( 'NONE', ( #1467 ), #1027, .F. ) ;
#915 = LINE ( 'NONE', #2150, #1368 ) ;
#916 = DIRECTION ( 'NONE',  ( 1.000000000000000000, 0.000000000000000000, 2.135044278125301096E-16 ) ) ;
#917 = ORIENTED_EDGE ( 'NONE', *, *, #2139, .T. ) ;
#918 = CARTESIAN_POINT ( 'NONE',  ( 999.6690409484253905, 1040.688488887152062, 1040.648676363559616 ) ) ;
#919 = LINE ( 'NONE', #2154, #232 ) ;
#920 = ORIENTED_EDGE ( 'NONE', *, *, #1211, .T. ) ;
#921 = CARTESIAN_POINT ( 'NONE',  ( 1004.669040948425391, 930.1701454405800860, 1040.648676363559616 ) ) ;
#922 = AXIS2_PLACEMENT_3D ( 'NONE', #1175, #2630, #1822 ) ;
#923 = CARTESIAN_POINT ( 'NONE',  ( 1080.669040948425391, 1037.688488887152062, 978.6486763635596162 ) ) ;
#924 = EDGE_CURVE ( 'NONE', #1959, #1559, #2555, .T. ) ;
#925 = CIRCLE ( 'NONE', #660, 1.249999999999973355 ) ;
#926 = ORIENTED_EDGE ( 'NONE', *, *, #1231, .T. ) ;
#927 = EDGE_CURVE ( 'NONE', #1532, #2566, #915, .T. ) ;
#928 = ORIENTED_EDGE ( 'NONE', *, *, #2108, .T. ) ;
#929 = DIRECTION ( 'NONE',  ( 1.000000000000000000, 0.000000000000000000, 0.000000000000000000 ) ) ;
#930 = CARTESIAN_POINT ( 'NONE',  ( 1083.669040948425391, 1036.688488887152062, 980.6486763635596162 ) ) ;
#931 = ORIENTED_EDGE ( 'NONE', *, *, #2057, .T. ) ;
#932 = CARTESIAN_POINT ( 'NONE',  ( 1001.669040948425504, 1040.688488887152062, 979.3986763635595025 ) ) ;
#933 = EDGE_CURVE ( 'NONE', #605, #869, #1911, .T. ) ;
#934 = VECTOR ( 'NONE', #613, 1000.000000000000000 ) ;
#935 = VECTOR ( 'NONE', #1163, 1000.000000000000000 ) ;
#936 = VERTEX_POINT ( 'NONE', #1709 ) ;
#937 = CARTESIAN_POINT ( 'NONE',  ( 1041.169040948425391, 1039.488488887152016, 978.4486763635595707 ) ) ;
#938 = DIRECTION ( 'NONE',  ( -0.000000000000000000, 1.000000000000000000, 0.000000000000000000 ) ) ;
#939 = CARTESIAN_POINT ( 'NONE',  ( 1010.444376937815264, 1040.688488887152062, 978.6486763635596162 ) ) ;
#940 = EDGE_LOOP ( 'NONE', ( #994, #2293, #1620, #2373 ) ) ;
#941 = DIRECTION ( 'NONE',  ( -0.000000000000000000, 0.000000000000000000, 1.000000000000000000 ) ) ;
#942 = DIRECTION ( 'NONE',  ( 0.000000000000000000, -1.000000000000000000, 0.000000000000000000 ) ) ;
#943 = EDGE_LOOP ( 'NONE', ( #2277, #975 ) ) ;
#944 = FACE_OUTER_BOUND ( 'NONE', #2128, .T. ) ;
#945 = CARTESIAN_POINT ( 'NONE',  ( 1001.669040948425504, 1039.188488887152062, 1037.398676363559616 ) ) ;
#946 = APPLICATION_CONTEXT ( 'automotive_design' ) ;
#947 = VECTOR ( 'NONE', #1415, 1000.000000000000000 ) ;
#948 = VECTOR ( 'NONE', #320, 1000.000000000000000 ) ;
#949 = LINE ( 'NONE', #2605, #404 ) ;
#950 = VERTEX_POINT ( 'NONE', #273 ) ;
#951 = FACE_OUTER_BOUND ( 'NONE', #1978, .T. ) ;
#952 = DIRECTION ( 'NONE',  ( -0.000000000000000000, 1.000000000000000000, -0.000000000000000000 ) ) ;
#953 = CARTESIAN_POINT ( 'NONE',  ( 1083.669040948425391, 1040.688488887152062, 1038.648676363559616 ) ) ;
#954 = EDGE_LOOP ( 'NONE', ( #1022, #831 ) ) ;
#955 = CARTESIAN_POINT ( 'NONE',  ( 1004.969040948425572, 930.1701454405800860, 978.6486763635596162 ) ) ;
#956 = CARTESIAN_POINT ( 'NONE',  ( 1001.669040948425504, 1040.688488887152062, 1035.648676363559616 ) ) ;
#957 = EDGE_CURVE ( 'NONE', #1837, #1535, #1335, .T. ) ;
#958 = ORIENTED_EDGE ( 'NONE', *, *, #1448, .F. ) ;
#959 = FACE_BOUND ( 'NONE', #715, .T. ) ;
#960 = ADVANCED_FACE ( 'NONE', ( #695 ), #1544, .F. ) ;
#961 = ORIENTED_EDGE ( 'NONE', *, *, #244, .F. ) ;
#962 = DIRECTION ( 'NONE',  ( 7.656710514656246399E-15, 0.000000000000000000, 1.000000000000000000 ) ) ;
#963 = DIRECTION ( 'NONE',  ( 0.000000000000000000, 1.000000000000000000, 0.000000000000000000 ) ) ;
#964 = ORIENTED_EDGE ( 'NONE', *, *, #1855, .T. ) ;
#965 = CARTESIAN_POINT ( 'NONE',  ( 1022.669040948425391, 1040.688488887152289, 980.4486763635595707 ) ) ;
#966 = CYLINDRICAL_SURFACE ( 'NONE', #922, 1.419999999999976836 ) ;
#967 = PLANE ( 'NONE',  #1695 ) ;
#968 = VERTEX_POINT ( 'NONE', #298 ) ;
#969 = DIRECTION ( 'NONE',  ( 0.000000000000000000, 0.000000000000000000, 1.000000000000000000 ) ) ;
#970 = ADVANCED_FACE ( 'NONE', ( #1134 ), #258, .F. ) ;
#971 = ORIENTED_EDGE ( 'NONE', *, *, #1396, .T. ) ;
#972 = DIRECTION ( 'NONE',  ( -1.000000000000000000, 0.000000000000000000, -2.135044278125301096E-16 ) ) ;
#973 = AXIS2_PLACEMENT_3D ( 'NONE', #382, #2656, #566 ) ;
#974 = CARTESIAN_POINT ( 'NONE',  ( 1004.669040948425391, 930.1701454405800860, 1038.648676363559616 ) ) ;
#975 = ORIENTED_EDGE ( 'NONE', *, *, #1029, .T. ) ;
#976 = CARTESIAN_POINT ( 'NONE',  ( 1086.669040948425391, 1040.688488887152062, 980.6486763635596162 ) ) ;
#977 = ORIENTED_EDGE ( 'NONE', *, *, #1042, .F. ) ;
#978 = CARTESIAN_POINT ( 'NONE',  ( 1083.669040948425391, 1041.688488887152289, 977.6486763635597299 ) ) ;
#979 = CARTESIAN_POINT ( 'NONE',  ( 1080.669040948425391, 930.1701454405800860, 978.6486763635596162 ) ) ;
#980 = AXIS2_PLACEMENT_3D ( 'NONE', #896, #1529, #2336 ) ;
#981 = ORIENTED_EDGE ( 'NONE', *, *, #284, .T. ) ;
#982 = PLANE ( 'NONE',  #1125 ) ;
#983 = DIRECTION ( 'NONE',  ( 0.000000000000000000, 1.000000000000000000, -0.000000000000000000 ) ) ;
#984 = CIRCLE ( 'NONE', #132, 2.999999999999891642 ) ;
#985 = ORIENTED_EDGE ( 'NONE', *, *, #1106, .F. ) ;
#986 = DIRECTION ( 'NONE',  ( -1.000000000000000000, 0.000000000000000000, 0.000000000000000000 ) ) ;
#987 = VERTEX_POINT ( 'NONE', #65 ) ;
#988 = VECTOR ( 'NONE', #1171, 1000.000000000000000 ) ;
#989 = FACE_OUTER_BOUND ( 'NONE', #1588, .T. ) ;
#990 = VECTOR ( 'NONE', #2598, 1000.000000000000000 ) ;
#991 = DIRECTION ( 'NONE',  ( -0.000000000000000000, -0.000000000000000000, 1.000000000000000000 ) ) ;
#992 = CIRCLE ( 'NONE', #2509, 2.000000000000112799 ) ;
#993 = AXIS2_PLACEMENT_3D ( 'NONE', #2622, #767, #1604 ) ;
#994 = ORIENTED_EDGE ( 'NONE', *, *, #301, .T. ) ;
#995 = AXIS2_PLACEMENT_3D ( 'NONE', #953, #102, #2342 ) ;
#996 = DIRECTION ( 'NONE',  ( 0.000000000000000000, 0.9999999847691291022, -0.0001745329243167995071 ) ) ;
#997 = ORIENTED_EDGE ( 'NONE', *, *, #284, .F. ) ;
#998 = DIRECTION ( 'NONE',  ( -0.000000000000000000, -1.000000000000000000, -0.000000000000000000 ) ) ;
#999 = ORIENTED_EDGE ( 'NONE', *, *, #1726, .F. ) ;
#1000 = CARTESIAN_POINT ( 'NONE',  ( 1004.669040948425391, 1036.694423014284666, 1040.648676363559616 ) ) ;
#1001 = DIRECTION ( 'NONE',  ( 0.000000000000000000, 0.000000000000000000, -1.000000000000000000 ) ) ;
#1002 = VERTEX_POINT ( 'NONE', #1117 ) ;
#1003 = LINE ( 'NONE', #2652, #819 ) ;
#1004 = EDGE_CURVE ( 'NONE', #2149, #821, #522, .T. ) ;
#1005 = ORIENTED_EDGE ( 'NONE', *, *, #282, .F. ) ;
#1006 = LINE ( 'NONE', #2042, #2539 ) ;
#1007 = DIRECTION ( 'NONE',  ( 0.000000000000000000, -1.000000000000000000, 0.000000000000000000 ) ) ;
#1008 = CARTESIAN_POINT ( 'NONE',  ( 1004.669040948425391, 1040.688488887152062, 1038.648676363559616 ) ) ;
#1009 = VECTOR ( 'NONE', #1394, 1000.000000000000000 ) ;
#1010 = UNCERTAINTY_MEASURE_WITH_UNIT (LENGTH_MEASURE( 1.000000000000000082E-05 ), #2482, 'distance_accuracy_value', 'NONE');
#1011 = ORIENTED_EDGE ( 'NONE', *, *, #1510, .T. ) ;
#1012 = FACE_BOUND ( 'NONE', #317, .T. ) ;
#1013 = ADVANCED_FACE ( 'NONE', ( #1105, #2113, #1507, #112, #2527 ), #666, .F. ) ;
#1014 = ORIENTED_EDGE ( 'NONE', *, *, #1701, .T. ) ;
#1015 = FACE_OUTER_BOUND ( 'NONE', #2183, .T. ) ;
#1016 = DIRECTION ( 'NONE',  ( 0.000000000000000000, -1.000000000000000000, 0.000000000000000000 ) ) ;
#1017 = VECTOR ( 'NONE', #2629, 1000.000000000000000 ) ;
#1018 = DIRECTION ( 'NONE',  ( -1.000000000000000000, -0.000000000000000000, -0.000000000000000000 ) ) ;
#1019 = VERTEX_POINT ( 'NONE', #1312 ) ;
#1020 = DIRECTION ( 'NONE',  ( 0.000000000000000000, 0.000000000000000000, 1.000000000000000000 ) ) ;
#1021 = APPLICATION_PROTOCOL_DEFINITION ( 'draft international standard', 'automotive_design', 1998, #2088 ) ;
#1022 = ORIENTED_EDGE ( 'NONE', *, *, #2409, .T. ) ;
#1023 = FACE_OUTER_BOUND ( 'NONE', #2118, .T. ) ;
#1024 = CARTESIAN_POINT ( 'NONE',  ( 1339.846403555971847, 1036.688488894767715, 1006.648676363559616 ) ) ;
#1025 = EDGE_CURVE ( 'NONE', #2561, #1216, #1720, .T. ) ;
#1026 = ORIENTED_EDGE ( 'NONE', *, *, #1062, .F. ) ;
#1027 = CYLINDRICAL_SURFACE ( 'NONE', #1147, 0.7500000000000284217 ) ;
#1028 = VECTOR ( 'NONE', #2655, 1000.000000000000227 ) ;
#1029 = EDGE_CURVE ( 'NONE', #936, #2205, #1075, .T. ) ;
#1030 = ORIENTED_EDGE ( 'NONE', *, *, #1891, .T. ) ;
#1031 = DIRECTION ( 'NONE',  ( 0.000000000000000000, 0.000000000000000000, 1.000000000000000000 ) ) ;
#1032 = VERTEX_POINT ( 'NONE', #2325 ) ;
#1033 = CARTESIAN_POINT ( 'NONE',  ( 1022.369040948424981, 1037.688488887152062, 978.6486763635596162 ) ) ;
#1034 = ORIENTED_EDGE ( 'NONE', *, *, #1177, .T. ) ;
#1035 = CARTESIAN_POINT ( 'NONE',  ( 1004.669040948425391, 930.1701454405800860, 1038.648676363559616 ) ) ;
#1036 = AXIS2_PLACEMENT_3D ( 'NONE', #2066, #2080, #1431 ) ;
#1037 = VECTOR ( 'NONE', #2558, 1000.000000000000000 ) ;
#1038 = CIRCLE ( 'NONE', #1953, 1.249999999999973355 ) ;
#1039 = VERTEX_POINT ( 'NONE', #101 ) ;
#1040 = DIRECTION ( 'NONE',  ( -0.000000000000000000, -1.000000000000000000, -0.000000000000000000 ) ) ;
#1041 = VECTOR ( 'NONE', #220, 1000.000000000000000 ) ;
#1042 = EDGE_CURVE ( 'NONE', #1719, #1853, #1735, .T. ) ;
#1043 = ORIENTED_EDGE ( 'NONE', *, *, #1647, .T. ) ;
#1044 = EDGE_CURVE ( 'NONE', #869, #1676, #708, .T. ) ;
#1045 = CARTESIAN_POINT ( 'NONE',  ( 1001.669040948425504, 1041.688488887152289, 1038.648676363559616 ) ) ;
#1046 = FACE_OUTER_BOUND ( 'NONE', #2326, .T. ) ;
#1047 = CARTESIAN_POINT ( 'NONE',  ( 1016.559040948429356, 1037.888488887152334, 978.6486763635596162 ) ) ;
#1048 = ORIENTED_EDGE ( 'NONE', *, *, #1401, .T. ) ;
#1049 = DIRECTION ( 'NONE',  ( 0.000000000000000000, 0.000000000000000000, -1.000000000000000000 ) ) ;
#1050 = PRODUCT_CONTEXT ( 'NONE', #2088, 'mechanical' ) ;
#1051 = ADVANCED_FACE ( 'NONE', ( #285 ), #1750, .F. ) ;
#1052 = DIRECTION ( 'NONE',  ( 1.000000000000000000, 0.000000000000000000, 0.000000000000000000 ) ) ;
#1053 = CYLINDRICAL_SURFACE ( 'NONE', #1317, 2.999999999999891642 ) ;
#1054 = VERTEX_POINT ( 'NONE', #722 ) ;
#1055 = DIRECTION ( 'NONE',  ( -0.000000000000000000, -1.000000000000000000, -0.000000000000000000 ) ) ;
#1056 = VERTEX_POINT ( 'NONE', #368 ) ;
#1057 = DIRECTION ( 'NONE',  ( 0.000000000000000000, -1.000000000000000000, 0.000000000000000000 ) ) ;
#1058 = CARTESIAN_POINT ( 'NONE',  ( 1083.669040948425391, 1039.188488887152062, 980.6486763635596162 ) ) ;
#1059 = EDGE_CURVE ( 'NONE', #816, #2614, #1808, .T. ) ;
#1060 = VERTEX_POINT ( 'NONE', #965 ) ;
#1061 = CYLINDRICAL_SURFACE ( 'NONE', #1558, 2.000000000000112799 ) ;
#1062 = EDGE_CURVE ( 'NONE', #1354, #1835, #2030, .T. ) ;
#1063 = AXIS2_PLACEMENT_3D ( 'NONE', #1349, #2390, #1789 ) ;
#1064 = PLANE ( 'NONE',  #86 ) ;
#1065 = EDGE_LOOP ( 'NONE', ( #363, #1 ) ) ;
#1066 = LINE ( 'NONE', #27, #817 ) ;
#1067 = VERTEX_POINT ( 'NONE', #747 ) ;
#1068 = DIRECTION ( 'NONE',  ( 0.000000000000000000, 0.000000000000000000, 1.000000000000000000 ) ) ;
#1069 = CARTESIAN_POINT ( 'NONE',  ( 1083.669040948425391, 1040.688488887152062, 980.6486763635596162 ) ) ;
#1070 = CIRCLE ( 'NONE', #2582, 0.7500000000000284217 ) ;
#1071 = DIRECTION ( 'NONE',  ( -2.135044278125301096E-16, 0.000000000000000000, -1.000000000000000000 ) ) ;
#1072 = VECTOR ( 'NONE', #2179, 1000.000000000000000 ) ;
#1073 = ORIENTED_EDGE ( 'NONE', *, *, #2410, .T. ) ;
#1074 = CARTESIAN_POINT ( 'NONE',  ( 1087.669040948425391, 1036.012763988476763, -0.1808183400824598386 ) ) ;
#1075 =( BOUNDED_CURVE ( )  B_SPLINE_CURVE ( 3, ( #2341, #487, #88, #899 ),
 .UNSPECIFIED., .F., .F. ) 
 B_SPLINE_CURVE_WITH_KNOTS ( ( 4, 4 ),
 ( 3.141592653589793116, 6.283185307179586232 ),
 .UNSPECIFIED. ) 
 CURVE ( )  GEOMETRIC_REPRESENTATION_ITEM ( )  RATIONAL_B_SPLINE_CURVE ( ( 1.000000000000000000, 0.3333333333333333703, 0.3333333333333333703, 1.000000000000000000 ) ) 
 REPRESENTATION_ITEM ( '' )  );
#1076 = EDGE_CURVE ( 'NONE', #1936, #114, #2013, .T. ) ;
#1077 = CARTESIAN_POINT ( 'NONE',  ( 1040.419040948425391, 1039.488488887152016, 978.4486763635595707 ) ) ;
#1078 = EDGE_CURVE ( 'NONE', #199, #2352, #2439, .T. ) ;
#1079 = ORIENTED_EDGE ( 'NONE', *, *, #2075, .T. ) ;
#1080 = DIRECTION ( 'NONE',  ( 0.000000000000000000, -1.000000000000000000, 0.000000000000000000 ) ) ;
#1081 = ADVANCED_FACE ( 'NONE', ( #1584 ), #778, .T. ) ;
#1082 = AXIS2_PLACEMENT_3D ( 'NONE', #1225, #611, #2434 ) ;
#1083 = AXIS2_PLACEMENT_3D ( 'NONE', #1896, #1657, #1453 ) ;
#1084 = EDGE_LOOP ( 'NONE', ( #1136, #247, #901, #678, #1832, #2119, #750, #787, #1839, #2178, #154, #2168 ) ) ;
#1085 = DIRECTION ( 'NONE',  ( -0.000000000000000000, 1.000000000000000000, -0.000000000000000000 ) ) ;
#1086 = CARTESIAN_POINT ( 'NONE',  ( 1086.669040948425391, 1041.688488887152289, 1041.648676363559844 ) ) ;
#1087 = AXIS2_PLACEMENT_3D ( 'NONE', #1395, #370, #2213 ) ;
#1088 = PRODUCT ( 'TP4056_Charging_Module_Type_C.step', 'TP4056_Charging_Module_Type_C.step', '', ( #1050 ) ) ;
#1089 = ORIENTED_EDGE ( 'NONE', *, *, #671, .F. ) ;
#1090 = DIRECTION ( 'NONE',  ( 0.000000000000000000, 0.000000000000000000, 1.000000000000000000 ) ) ;
#1091 =( BOUNDED_CURVE ( )  B_SPLINE_CURVE ( 3, ( #104, #2166, #1315, #2356 ),
 .UNSPECIFIED., .F., .F. ) 
 B_SPLINE_CURVE_WITH_KNOTS ( ( 4, 4 ),
 ( 1.570796326794896558, 3.141592653589793116 ),
 .UNSPECIFIED. ) 
 CURVE ( )  GEOMETRIC_REPRESENTATION_ITEM ( )  RATIONAL_B_SPLINE_CURVE ( ( 1.000000000000000000, 0.8047378541243649375, 0.8047378541243649375, 1.000000000000000000 ) ) 
 REPRESENTATION_ITEM ( '' )  );
#1092 = LINE ( 'NONE', #62, #1468 ) ;
#1093 = CARTESIAN_POINT ( 'NONE',  ( 1083.669040948425391, 1046.345343136644715, 980.6486763635596162 ) ) ;
#1094 = EDGE_CURVE ( 'NONE', #2308, #2412, #1363, .T. ) ;
#1095 = ORIENTED_EDGE ( 'NONE', *, *, #630, .T. ) ;
#1096 = CARTESIAN_POINT ( 'NONE',  ( 1080.669040948425391, 1040.688488887152062, 980.6486763635596162 ) ) ;
#1097 = ORIENTED_EDGE ( 'NONE', *, *, #607, .F. ) ;
#1098 = DIRECTION ( 'NONE',  ( 0.000000000000000000, -1.000000000000000000, 0.000000000000000000 ) ) ;
#1099 = DIRECTION ( 'NONE',  ( 0.000000000000000000, 0.000000000000000000, -1.000000000000000000 ) ) ;
#1100 = VECTOR ( 'NONE', #182, 1000.000000000000000 ) ;
#1101 = ORIENTED_EDGE ( 'NONE', *, *, #2627, .T. ) ;
#1102 = CARTESIAN_POINT ( 'NONE',  ( 1083.669040948425391, 1040.688488887152062, 980.6486763635596162 ) ) ;
#1103 = CARTESIAN_POINT ( 'NONE',  ( 1004.669040948425391, 1036.694070703526450, 1038.630084431090609 ) ) ;
#1104 = ORIENTED_EDGE ( 'NONE', *, *, #353, .F. ) ;
#1105 = FACE_BOUND ( 'NONE', #1605, .T. ) ;
#1106 = EDGE_CURVE ( 'NONE', #2041, #672, #2529, .T. ) ;
#1107 = CARTESIAN_POINT ( 'NONE',  ( 1009.359040948429197, 1039.308488887152180, 987.7244683400209624 ) ) ;
#1108 = ADVANCED_FACE ( 'NONE', ( #1143 ), #1174, .F. ) ;
#1109 = ORIENTED_EDGE ( 'NONE', *, *, #2180, .F. ) ;
#1110 = DIRECTION ( 'NONE',  ( 1.000000000000000000, 0.000000000000000000, 0.000000000000000000 ) ) ;
#1111 = ORIENTED_EDGE ( 'NONE', *, *, #1004, .F. ) ;
#1112 = LINE ( 'NONE', #95, #1897 ) ;
#1113 = VECTOR ( 'NONE', #664, 1000.000000000000000 ) ;
#1114 = CARTESIAN_POINT ( 'NONE',  ( 1083.669040948425391, 930.1701454405800860, 980.6486763635596162 ) ) ;
#1115 = CIRCLE ( 'NONE', #1203, 3.000000000000002665 ) ;
#1116 = ORIENTED_EDGE ( 'NONE', *, *, #1815, .F. ) ;
#1117 = CARTESIAN_POINT ( 'NONE',  ( 1040.419040948425391, 1039.488488887152016, 980.4486763635595707 ) ) ;
#1118 = LINE ( 'NONE', #2162, #562 ) ;
#1119 = ORIENTED_EDGE ( 'NONE', *, *, #2195, .T. ) ;
#1120 = AXIS2_PLACEMENT_3D ( 'NONE', #569, #738, #1794 ) ;
#1121 = FACE_BOUND ( 'NONE', #1155, .T. ) ;
#1122 = CARTESIAN_POINT ( 'NONE',  ( 1001.669040948425504, 1046.345343136644715, 1038.648676363559616 ) ) ;
#1123 = EDGE_CURVE ( 'NONE', #1667, #2258, #2619, .T. ) ;
#1124 = VECTOR ( 'NONE', #2151, 1000.000000000000000 ) ;
#1125 = AXIS2_PLACEMENT_3D ( 'NONE', #1838, #941, #1206 ) ;
#1126 = ADVANCED_FACE ( 'NONE', ( #1976 ), #1614, .F. ) ;
#1127 = EDGE_LOOP ( 'NONE', ( #2340, #1204, #2416, #2159 ) ) ;
#1128 = AXIS2_PLACEMENT_3D ( 'NONE', #1241, #2220, #962 ) ;
#1129 = DIRECTION ( 'NONE',  ( 0.000000000000000000, -1.000000000000000000, 0.000000000000000000 ) ) ;
#1130 = VECTOR ( 'NONE', #969, 1000.000000000000000 ) ;
#1131 = VECTOR ( 'NONE', #963, 1000.000000000000000 ) ;
#1132 = PLANE ( 'NONE',  #2251 ) ;
#1133 = ORIENTED_EDGE ( 'NONE', *, *, #1042, .T. ) ;
#1134 = FACE_OUTER_BOUND ( 'NONE', #2634, .T. ) ;
#1135 = DIRECTION ( 'NONE',  ( 0.000000000000000000, -1.000000000000000000, 0.000000000000000000 ) ) ;
#1136 = ORIENTED_EDGE ( 'NONE', *, *, #1245, .T. ) ;
#1137 = CARTESIAN_POINT ( 'NONE',  ( 1001.669040948425504, 1036.688488887152062, 980.6486763635596162 ) ) ;
#1138 = ORIENTED_EDGE ( 'NONE', *, *, #268, .T. ) ;
#1139 = DIRECTION ( 'NONE',  ( 0.000000000000000000, 1.000000000000000000, 0.000000000000000000 ) ) ;
#1140 = ADVANCED_FACE ( 'NONE', ( #951 ), #1393, .F. ) ;
#1141 = FACE_OUTER_BOUND ( 'NONE', #2239, .T. ) ;
#1142 = ORIENTED_EDGE ( 'NONE', *, *, #109, .T. ) ;
#1143 = FACE_OUTER_BOUND ( 'NONE', #1285, .T. ) ;
#1144 = PLANE ( 'NONE',  #686 ) ;
#1145 = AXIS2_PLACEMENT_3D ( 'NONE', #1965, #1556, #1533 ) ;
#1146 = ORIENTED_EDGE ( 'NONE', *, *, #1726, .T. ) ;
#1147 = AXIS2_PLACEMENT_3D ( 'NONE', #2259, #1949, #1934 ) ;
#1148 = CARTESIAN_POINT ( 'NONE',  ( 1086.669040948425391, 1040.688488887152062, 1038.648676363559616 ) ) ;
#1149 = CARTESIAN_POINT ( 'NONE',  ( 1030.069040948425254, 1040.688488887152289, 980.4486763635595707 ) ) ;
#1150 = ORIENTED_EDGE ( 'NONE', *, *, #2642, .F. ) ;
#1151 = FACE_OUTER_BOUND ( 'NONE', #1579, .T. ) ;
#1152 = DIRECTION ( 'NONE',  ( 1.000000000000000000, 0.000000000000000000, 0.000000000000000000 ) ) ;
#1153 = CARTESIAN_POINT ( 'NONE',  ( 998.6690409484253905, 1041.688488887152289, 980.6486763635596162 ) ) ;
#1154 = VECTOR ( 'NONE', #495, 1000.000000000000000 ) ;
#1155 = EDGE_LOOP ( 'NONE', ( #985, #766 ) ) ;
#1156 = CARTESIAN_POINT ( 'NONE',  ( 1004.669040948425391, 930.1701454405800860, 978.6486763635596162 ) ) ;
#1157 = LINE ( 'NONE', #2644, #1100 ) ;
#1158 = DIRECTION ( 'NONE',  ( 1.000000000000000000, 0.000000000000000000, 0.000000000000000000 ) ) ;
#1159 = ORIENTED_EDGE ( 'NONE', *, *, #443, .F. ) ;
#1160 = FACE_OUTER_BOUND ( 'NONE', #2217, .T. ) ;
#1161 = DIRECTION ( 'NONE',  ( -1.000000000000000000, 0.000000000000000000, 0.000000000000000000 ) ) ;
#1162 = VERTEX_POINT ( 'NONE', #550 ) ;
#1163 = DIRECTION ( 'NONE',  ( 2.135044278125300850E-16, -0.000000000000000000, -1.000000000000000000 ) ) ;
#1164 = CIRCLE ( 'NONE', #1036, 2.999999999999891642 ) ;
#1165 = AXIS2_PLACEMENT_3D ( 'NONE', #890, #2543, #2144 ) ;
#1166 = AXIS2_PLACEMENT_3D ( 'NONE', #2532, #2306, #1523 ) ;
#1167 = EDGE_LOOP ( 'NONE', ( #1744, #1348, #2269, #2492 ) ) ;
#1168 = VECTOR ( 'NONE', #1055, 1000.000000000000000 ) ;
#1169 = CARTESIAN_POINT ( 'NONE',  ( 1001.669040948425504, 1041.688488887152289, 1038.648676363559616 ) ) ;
#1170 = CIRCLE ( 'NONE', #995, 2.999999999999891642 ) ;
#1171 = DIRECTION ( 'NONE',  ( 2.135044278125301096E-16, 0.000000000000000000, 1.000000000000000000 ) ) ;
#1172 = MANIFOLD_SOLID_BREP ( '\X2\0412044b044004350437\X0\-\X2\0412044b0442044f043d04430442044c\X0\12', #2585 ) ;
#1173 = ORIENTED_EDGE ( 'NONE', *, *, #1812, .T. ) ;
#1174 = CYLINDRICAL_SURFACE ( 'NONE', #1631, 3.000000000000002665 ) ;
#1175 = CARTESIAN_POINT ( 'NONE',  ( 1010.779040948429156, 1039.308488887152180, 987.7244683400209624 ) ) ;
#1176 = CARTESIAN_POINT ( 'NONE',  ( 1010.779040948429156, 1040.728488887152253, 976.6486763635596162 ) ) ;
#1177 = EDGE_CURVE ( 'NONE', #166, #1242, #2592, .T. ) ;
#1178 = ADVANCED_FACE ( 'NONE', ( #639 ), #2268, .F. ) ;
#1179 = VERTEX_POINT ( 'NONE', #25 ) ;
#1180 = EDGE_CURVE ( 'NONE', #2038, #1496, #1218, .T. ) ;
#1181 = LINE ( 'NONE', #372, #2292 ) ;
#1182 = EDGE_LOOP ( 'NONE', ( #2377, #1494, #2187, #1104 ) ) ;
#1183 = CARTESIAN_POINT ( 'NONE',  ( 1016.559040948429356, 1037.888488887152334, 987.7244683400209624 ) ) ;
#1184 = DIRECTION ( 'NONE',  ( -0.000000000000000000, -1.000000000000000000, 0.000000000000000000 ) ) ;
#1185 = DIRECTION ( 'NONE',  ( 0.000000000000000000, -1.000000000000000000, 0.000000000000000000 ) ) ;
#1186 = ORIENTED_EDGE ( 'NONE', *, *, #1923, .T. ) ;
#1187 =( NAMED_UNIT ( * ) PLANE_ANGLE_UNIT ( ) SI_UNIT ( $, .RADIAN. ) );
#1188 = DIRECTION ( 'NONE',  ( 0.000000000000000000, 1.000000000000000000, 0.000000000000000000 ) ) ;
#1189 = CARTESIAN_POINT ( 'NONE',  ( 1083.669040948425391, 1039.188488887152062, 1038.648676363559616 ) ) ;
#1190 = ORIENTED_EDGE ( 'NONE', *, *, #737, .T. ) ;
#1191 = LINE ( 'NONE', #955, #2632 ) ;
#1192 = VECTOR ( 'NONE', #1779, 1000.000000000000000 ) ;
#1193 = PRODUCT ( 'Bottom', 'Bottom', '', ( #419 ) ) ;
#1194 = VERTEX_POINT ( 'NONE', #210 ) ;
#1195 = EDGE_CURVE ( 'NONE', #2616, #201, #2255, .T. ) ;
#1196 = CARTESIAN_POINT ( 'NONE',  ( 931.4402707650676803, 1037.738488887152243, 976.6486763635596162 ) ) ;
#1197 = LINE ( 'NONE', #1864, #947 ) ;
#1198 = EDGE_LOOP ( 'NONE', ( #971, #1159, #1543, #843 ) ) ;
#1199 = ORIENTED_EDGE ( 'NONE', *, *, #32, .F. ) ;
#1200 =( REPRESENTATION_RELATIONSHIP ('NONE','NONE', #780, #1531 ) REPRESENTATION_RELATIONSHIP_WITH_TRANSFORMATION ( #1418 )SHAPE_REPRESENTATION_RELATIONSHIP( ) );
#1201 = CARTESIAN_POINT ( 'NONE',  ( 1001.669040948425504, 1041.688488887152289, 980.6486763635596162 ) ) ;
#1202 = AXIS2_PLACEMENT_3D ( 'NONE', #1731, #459, #1282 ) ;
#1203 = AXIS2_PLACEMENT_3D ( 'NONE', #1102, #1785, #2562 ) ;
#1204 = ORIENTED_EDGE ( 'NONE', *, *, #225, .T. ) ;
#1205 = VECTOR ( 'NONE', #2471, 1000.000000000000000 ) ;
#1206 = DIRECTION ( 'NONE',  ( 1.000000000000000000, 0.000000000000000000, 0.000000000000000000 ) ) ;
#1207 = AXIS2_PLACEMENT_3D ( 'NONE', #161, #2463, #41 ) ;
#1208 = ADVANCED_FACE ( 'NONE', ( #857 ), #1420, .F. ) ;
#1209 = EDGE_LOOP ( 'NONE', ( #2542, #2663, #2109, #223, #2318, #1011 ) ) ;
#1210 = DIRECTION ( 'NONE',  ( -7.656710514656244822E-15, 0.000000000000000000, 1.000000000000000000 ) ) ;
#1211 = EDGE_CURVE ( 'NONE', #2573, #936, #1666, .T. ) ;
#1212 = EDGE_CURVE ( 'NONE', #1232, #190, #1463, .T. ) ;
#1213 = ORIENTED_EDGE ( 'NONE', *, *, #252, .F. ) ;
#1214 = VECTOR ( 'NONE', #1993, 1000.000000000000000 ) ;
#1215 = AXIS2_PLACEMENT_3D ( 'NONE', #1445, #2248, #376 ) ;
#1216 = VERTEX_POINT ( 'NONE', #801 ) ;
#1217 = CIRCLE ( 'NONE', #1999, 1.419999999999976836 ) ;
#1218 = LINE ( 'NONE', #1690, #1205 ) ;
#1219 = CARTESIAN_POINT ( 'NONE',  ( 1037.269040948425300, 1040.688488887152062, 977.6486763635597299 ) ) ;
#1220 = AXIS2_PLACEMENT_3D ( 'NONE', #2278, #1255, #1049 ) ;
#1221 = ORIENTED_EDGE ( 'NONE', *, *, #2530, .T. ) ;
#1222 = CARTESIAN_POINT ( 'NONE',  ( 1016.559040948429356, 1037.888488887152334, 987.7244683400209624 ) ) ;
#1223 = EDGE_LOOP ( 'NONE', ( #135, #733, #1565, #851, #1246, #1917, #961, #882, #1486, #2091, #2646, #1546, #1501, #1669, #502, #147, #2012, #509, #2102, #1299, #2540, #1213, #931, #758, #1898, #1985, #111, #486, #543, #2152 ) ) ;
#1224 = CARTESIAN_POINT ( 'NONE',  ( 1010.779040948429156, 1040.728488887152253, 987.7244683400209624 ) ) ;
#1225 = CARTESIAN_POINT ( 'NONE',  ( 1026.169040948425163, 1039.488488887152016, 978.4486763635595707 ) ) ;
#1226 = CARTESIAN_POINT ( 'NONE',  ( 997.6690409484253905, 1036.183428050797602, 977.6522202652598708 ) ) ;
#1227 = ORIENTED_EDGE ( 'NONE', *, *, #806, .T. ) ;
#1228 = ADVANCED_FACE ( 'NONE', ( #627, #1023 ), #222, .T. ) ;
#1229 = ORIENTED_EDGE ( 'NONE', *, *, #33, .F. ) ;
#1230 = CARTESIAN_POINT ( 'NONE',  ( 1026.169040948425163, 1039.488488887152016, 980.4486763635595707 ) ) ;
#1231 = EDGE_CURVE ( 'NONE', #264, #215, #2280, .T. ) ;
#1232 = VERTEX_POINT ( 'NONE', #2498 ) ;
#1233 = DIRECTION ( 'NONE',  ( -0.000000000000000000, -1.000000000000000000, -0.000000000000000000 ) ) ;
#1234 = EDGE_CURVE ( 'NONE', #1384, #2064, #1070, .T. ) ;
#1235 = ORIENTED_EDGE ( 'NONE', *, *, #122, .T. ) ;
#1236 = CARTESIAN_POINT ( 'NONE',  ( 0.000000000000000000, 1037.688488887152062, 0.000000000000000000 ) ) ;
#1237 = DIRECTION ( 'NONE',  ( -1.000000000000000000, 0.000000000000000000, 0.000000000000000000 ) ) ;
#1238 = VECTOR ( 'NONE', #2445, 1000.000000000000000 ) ;
#1239 = DIRECTION ( 'NONE',  ( 0.000000000000000000, -1.000000000000000000, 0.000000000000000000 ) ) ;
#1240 = ORIENTED_EDGE ( 'NONE', *, *, #1833, .T. ) ;
#1241 = CARTESIAN_POINT ( 'NONE',  ( 1022.369040948424981, 1037.688488887152062, 977.6486763635596162 ) ) ;
#1242 = VERTEX_POINT ( 'NONE', #1479 ) ;
#1243 = DIRECTION ( 'NONE',  ( 0.000000000000000000, 0.000000000000000000, -1.000000000000000000 ) ) ;
#1244 = EDGE_CURVE ( 'NONE', #178, #2205, #1006, .T. ) ;
#1245 = EDGE_CURVE ( 'NONE', #2286, #166, #714, .T. ) ;
#1246 = ORIENTED_EDGE ( 'NONE', *, *, #405, .F. ) ;
#1247 = CARTESIAN_POINT ( 'NONE',  ( 997.6690409484252768, 1036.194423006669240, 1040.648676363559616 ) ) ;
#1248 = AXIS2_PLACEMENT_3D ( 'NONE', #2087, #1052, #1243 ) ;
#1249 = CARTESIAN_POINT ( 'NONE',  ( 1004.669040948425391, 1036.688488887152062, 978.6486763635596162 ) ) ;
#1250 = VERTEX_POINT ( 'NONE', #814 ) ;
#1251 = DIRECTION ( 'NONE',  ( 0.000000000000000000, 1.000000000000000000, 0.000000000000000000 ) ) ;
#1252 = VECTOR ( 'NONE', #1071, 1000.000000000000000 ) ;
#1253 = EDGE_CURVE ( 'NONE', #1273, #1629, #553, .T. ) ;
#1254 = ORIENTED_EDGE ( 'NONE', *, *, #671, .T. ) ;
#1255 = DIRECTION ( 'NONE',  ( 0.000000000000000000, -1.000000000000000000, 0.000000000000000000 ) ) ;
#1256 = APPLICATION_PROTOCOL_DEFINITION ( 'draft international standard', 'automotive_design', 1998, #271 ) ;
#1257 = PLANE ( 'NONE',  #1248 ) ;
#1258 = CIRCLE ( 'NONE', #2591, 2.999999999999891642 ) ;
#1259 = CIRCLE ( 'NONE', #2245, 0.7500000000000284217 ) ;
#1260 = VECTOR ( 'NONE', #2193, 1000.000000000000000 ) ;
#1261 = ORIENTED_EDGE ( 'NONE', *, *, #2472, .F. ) ;
#1262 = PLANE ( 'NONE',  #730 ) ;
#1263 = EDGE_CURVE ( 'NONE', #968, #2412, #2069, .T. ) ;
#1264 = ADVANCED_FACE ( 'NONE', ( #1439 ), #1257, .F. ) ;
#1265 = ORIENTED_EDGE ( 'NONE', *, *, #910, .T. ) ;
#1266 = CARTESIAN_POINT ( 'NONE',  ( 1080.669040948425391, 930.1701454405800860, 1040.648676363559616 ) ) ;
#1267 = LINE ( 'NONE', #2095, #2200 ) ;
#1268 = EDGE_LOOP ( 'NONE', ( #24, #1813 ) ) ;
#1269 = LINE ( 'NONE', #1341, #1041 ) ;
#1270 = DIRECTION ( 'NONE',  ( -1.000000000000000000, 0.000000000000000000, 0.000000000000000000 ) ) ;
#1271 = EDGE_LOOP ( 'NONE', ( #398, #278, #1314, #2648, #1643, #1583 ) ) ;
#1272 = CARTESIAN_POINT ( 'NONE',  ( 1086.669040948425391, 1040.688488887152062, 980.6486763635596162 ) ) ;
#1273 = VERTEX_POINT ( 'NONE', #2098 ) ;
#1274 = CARTESIAN_POINT ( 'NONE',  ( 1010.779040948429156, 1039.308488887152180, 978.6486763635596162 ) ) ;
#1275 = DIRECTION ( 'NONE',  ( 7.656710514656246399E-15, 0.000000000000000000, -1.000000000000000000 ) ) ;
#1276 = DIRECTION ( 'NONE',  ( 0.000000000000000000, 0.000000000000000000, -1.000000000000000000 ) ) ;
#1277 = PLANE ( 'NONE',  #557 ) ;
#1278 = ADVANCED_FACE ( 'NONE', ( #243 ), #1064, .F. ) ;
#1279 = EDGE_LOOP ( 'NONE', ( #1261, #505, #1696, #124, #739 ) ) ;
#1280 = DIRECTION ( 'NONE',  ( -1.000000000000000000, 0.000000000000000000, 0.000000000000000000 ) ) ;
#1281 = AXIS2_PLACEMENT_3D ( 'NONE', #887, #1080, #2353 ) ;
#1282 = DIRECTION ( 'NONE',  ( 0.000000000000000000, -0.000000000000000000, -1.000000000000000000 ) ) ;
#1283 = VERTEX_POINT ( 'NONE', #1077 ) ;
#1284 = CARTESIAN_POINT ( 'NONE',  ( 1001.669040948425504, 1036.688488887152062, 980.6486763635596162 ) ) ;
#1285 = EDGE_LOOP ( 'NONE', ( #1890, #784, #2639, #1459 ) ) ;
#1286 = CARTESIAN_POINT ( 'NONE',  ( 1001.669040948425504, 1040.688488887152062, 980.6486763635596162 ) ) ;
#1287 = EDGE_CURVE ( 'NONE', #1179, #1250, #765, .T. ) ;
#1288 = CARTESIAN_POINT ( 'NONE',  ( 1080.669040948425391, 930.1701454405800860, 978.6486763635596162 ) ) ;
#1289 = AXIS2_PLACEMENT_3D ( 'NONE', #661, #203, #2666 ) ;
#1290 = AXIS2_PLACEMENT_3D ( 'NONE', #306, #1960, #2574 ) ;
#1291 = ORIENTED_EDGE ( 'NONE', *, *, #1212, .T. ) ;
#1292 = EDGE_LOOP ( 'NONE', ( #2651, #694, #657, #2458, #2201 ) ) ;
#1293 = EDGE_CURVE ( 'NONE', #160, #384, #1919, .T. ) ;
#1294 = DIRECTION ( 'NONE',  ( 0.000000000000000000, -0.000000000000000000, 1.000000000000000000 ) ) ;
#1295 = CARTESIAN_POINT ( 'NONE',  ( 1044.669040948425163, 1040.688488887152289, 980.4486763635595707 ) ) ;
#1296 = ORIENTED_EDGE ( 'NONE', *, *, #2461, .F. ) ;
#1297 = DIRECTION ( 'NONE',  ( 1.000000000000000000, 0.000000000000000000, 2.891205793294675861E-16 ) ) ;
#1298 = CIRCLE ( 'NONE', #861, 1.249999999999973355 ) ;
#1299 = ORIENTED_EDGE ( 'NONE', *, *, #1044, .F. ) ;
#1300 = DIRECTION ( 'NONE',  ( 0.000000000000000000, 0.000000000000000000, -1.000000000000000000 ) ) ;
#1301 = FACE_OUTER_BOUND ( 'NONE', #870, .T. ) ;
#1302 = AXIS2_PLACEMENT_3D ( 'NONE', #1800, #1402, #205 ) ;
#1303 = AXIS2_PLACEMENT_3D ( 'NONE', #1845, #2413, #2608 ) ;
#1304 = ORIENTED_EDGE ( 'NONE', *, *, #499, .F. ) ;
#1305 = CARTESIAN_POINT ( 'NONE',  ( 1001.669040948425504, 1036.188488887152289, 978.6486763635595025 ) ) ;
#1306 = EDGE_CURVE ( 'NONE', #314, #195, #483, .T. ) ;
#1307 = EDGE_CURVE ( 'NONE', #1179, #1056, #1906, .T. ) ;
#1308 = CARTESIAN_POINT ( 'NONE',  ( 1083.669040948425391, 1046.345343136644715, 1040.648676363559616 ) ) ;
#1309 = DIRECTION ( 'NONE',  ( 1.000000000000000000, 0.000000000000000000, 2.135044278125301589E-16 ) ) ;
#1310 = EDGE_CURVE ( 'NONE', #201, #2050, #1092, .T. ) ;
#1311 = ORIENTED_EDGE ( 'NONE', *, *, #2460, .F. ) ;
#1312 = CARTESIAN_POINT ( 'NONE',  ( 1086.669040948425391, 1040.688488887152062, 1038.648676363559616 ) ) ;
#1313 = FACE_OUTER_BOUND ( 'NONE', #213, .T. ) ;
#1314 = ORIENTED_EDGE ( 'NONE', *, *, #2545, .T. ) ;
#1315 = CARTESIAN_POINT ( 'NONE',  ( 1003.426400261306185, 1036.693550349649740, 1035.648676363559616 ) ) ;
#1316 = LINE ( 'NONE', #835, #1516 ) ;
#1317 = AXIS2_PLACEMENT_3D ( 'NONE', #2499, #49, #617 ) ;
#1318 = EDGE_LOOP ( 'NONE', ( #1766, #1967, #1254, #1895 ) ) ;
#1319 = PLANE ( 'NONE',  #1819 ) ;
#1320 = DIRECTION ( 'NONE',  ( -0.000000000000000000, -1.000000000000000000, 0.000000000000000000 ) ) ;
#1321 = LINE ( 'NONE', #1879, #2026 ) ;
#1322 = ORIENTED_EDGE ( 'NONE', *, *, #2053, .F. ) ;
#1323 = EDGE_CURVE ( 'NONE', #1250, #1179, #2023, .T. ) ;
#1324 = DIRECTION ( 'NONE',  ( -0.000000000000000000, 1.000000000000000000, -0.000000000000000000 ) ) ;
#1325 = FACE_OUTER_BOUND ( 'NONE', #1804, .T. ) ;
#1326 = EDGE_CURVE ( 'NONE', #1851, #2561, #1945, .T. ) ;
#1327 = VERTEX_POINT ( 'NONE', #1504 ) ;
#1328 = FACE_OUTER_BOUND ( 'NONE', #103, .T. ) ;
#1329 = DIRECTION ( 'NONE',  ( -1.000000000000000000, 0.000000000000000000, 0.000000000000000000 ) ) ;
#1330 = ORIENTED_EDGE ( 'NONE', *, *, #1848, .F. ) ;
#1331 = ADVANCED_FACE ( 'NONE', ( #2564 ), #1514, .T. ) ;
#1332 = CARTESIAN_POINT ( 'NONE',  ( 1030.069040948425254, 1037.738488887152243, 976.6486513635595657 ) ) ;
#1333 = AXIS2_PLACEMENT_3D ( 'NONE', #2588, #2146, #687 ) ;
#1334 = ORIENTED_EDGE ( 'NONE', *, *, #724, .F. ) ;
#1335 = LINE ( 'NONE', #1096, #1930 ) ;
#1336 = DIRECTION ( 'NONE',  ( -0.000000000000000000, 1.000000000000000000, -0.000000000000000000 ) ) ;
#1337 = EDGE_LOOP ( 'NONE', ( #1599, #2246, #1658, #2609 ) ) ;
#1338 = ADVANCED_FACE ( 'NONE', ( #281 ), #85, .F. ) ;
#1339 = VECTOR ( 'NONE', #582, 1000.000000000000000 ) ;
#1340 = CARTESIAN_POINT ( 'NONE',  ( 1010.779040948429156, 1037.888488887152334, 987.7244683400209624 ) ) ;
#1341 = CARTESIAN_POINT ( 'NONE',  ( 1083.669040948425391, 1040.688488887152062, 983.6486763635596162 ) ) ;
#1342 = CARTESIAN_POINT ( 'NONE',  ( 1042.669040948425391, 1039.188488887152062, 1042.648676363559616 ) ) ;
#1343 = VECTOR ( 'NONE', #1900, 1000.000000000000000 ) ;
#1344 = ORIENTED_EDGE ( 'NONE', *, *, #933, .T. ) ;
#1345 = CIRCLE ( 'NONE', #1737, 2.999999999999891642 ) ;
#1346 = DIRECTION ( 'NONE',  ( -0.000000000000000000, -0.000000000000000000, 1.000000000000000000 ) ) ;
#1347 = LINE ( 'NONE', #152, #441 ) ;
#1348 = ORIENTED_EDGE ( 'NONE', *, *, #2521, .T. ) ;
#1349 = CARTESIAN_POINT ( 'NONE',  ( 1001.669040948425504, 930.1701454405800860, 980.6486763635596162 ) ) ;
#1350 = CARTESIAN_POINT ( 'NONE',  ( 1083.669040948425391, 1039.188488887152062, 982.6486763635597299 ) ) ;
#1351 = VERTEX_POINT ( 'NONE', #1718 ) ;
#1352 = DIRECTION ( 'NONE',  ( 0.000000000000000000, -0.000000000000000000, -1.000000000000000000 ) ) ;
#1353 = LINE ( 'NONE', #1618, #263 ) ;
#1354 = VERTEX_POINT ( 'NONE', #652 ) ;
#1355 = FACE_OUTER_BOUND ( 'NONE', #1379, .T. ) ;
#1357 = ADVANCED_FACE ( 'NONE', ( #912, #705 ), #2310, .T. ) ;
#1356 = CARTESIAN_POINT ( 'NONE',  ( 1083.669040948425391, 1036.194423006669240, 1040.648676363559616 ) ) ;
#1358 = ADVANCED_FACE ( 'NONE', ( #255 ), #2550, .T. ) ;
#1359 = DIRECTION ( 'NONE',  ( -0.000000000000000000, -1.000000000000000000, -0.000000000000000000 ) ) ;
#1360 = AXIS2_PLACEMENT_3D ( 'NONE', #466, #2094, #1275 ) ;
#1361 = ORIENTED_EDGE ( 'NONE', *, *, #1078, .F. ) ;
#1362 = ADVANCED_FACE ( 'NONE', ( #269 ), #884, .T. ) ;
#1363 = LINE ( 'NONE', #1405, #1889 ) ;
#1364 = LINE ( 'NONE', #590, #415 ) ;
#1365 = CARTESIAN_POINT ( 'NONE',  ( 1001.669040948425504, 1039.188488887152062, 1038.648676363559616 ) ) ;
#1366 = STYLED_ITEM ( 'NONE', ( #762 ), #1172 ) ;
#1367 = ORIENTED_EDGE ( 'NONE', *, *, #175, .F. ) ;
#1368 = VECTOR ( 'NONE', #2129, 1000.000000000000000 ) ;
#1369 = CARTESIAN_POINT ( 'NONE',  ( 997.6690409484253905, 1036.188488887152289, 976.6486763635596162 ) ) ;
#1370 = CARTESIAN_POINT ( 'NONE',  ( 0.000000000000000000, 1036.488488887152243, 0.000000000000000000 ) ) ;
#1371 = DIRECTION ( 'NONE',  ( -0.000000000000000000, -1.000000000000000000, 0.000000000000000000 ) ) ;
#1372 = ORIENTED_EDGE ( 'NONE', *, *, #840, .T. ) ;
#1373 = CARTESIAN_POINT ( 'NONE',  ( 1083.669040948425391, 1040.688488887152062, 1039.898676363559616 ) ) ;
#1374 = ORIENTED_EDGE ( 'NONE', *, *, #443, .T. ) ;
#1375 = DIRECTION ( 'NONE',  ( 0.000000000000000000, 0.000000000000000000, -1.000000000000000000 ) ) ;
#1376 = EDGE_CURVE ( 'NONE', #481, #1216, #1321, .T. ) ;
#1377 = APPLICATION_CONTEXT ( 'automotive_design' ) ;
#1378 = VECTOR ( 'NONE', #1686, 1000.000000000000000 ) ;
#1379 = EDGE_LOOP ( 'NONE', ( #149, #2516, #1073, #1550 ) ) ;
#1380 = FILL_AREA_STYLE ('',( #734 ) ) ;
#1381 = CARTESIAN_POINT ( 'NONE',  ( 1083.669040948425391, 1040.688488887152062, 1038.648676363559616 ) ) ;
#1382 = VERTEX_POINT ( 'NONE', #417 ) ;
#1383 = DIRECTION ( 'NONE',  ( -1.000000000000000000, 0.000000000000000000, 2.891205793294675861E-16 ) ) ;
#1384 = VERTEX_POINT ( 'NONE', #455 ) ;
#1385 = DIRECTION ( 'NONE',  ( 0.000000000000000000, 1.000000000000000000, -0.000000000000000000 ) ) ;
#1386 = VECTOR ( 'NONE', #259, 1000.000000000000000 ) ;
#1387 = VECTOR ( 'NONE', #834, 1000.000000000000000 ) ;
#1388 = AXIS2_PLACEMENT_3D ( 'NONE', #2323, #8, #2099 ) ;
#1389 = ORIENTED_EDGE ( 'NONE', *, *, #718, .T. ) ;
#1390 = AXIS2_PLACEMENT_3D ( 'NONE', #1903, #1956, #2110 ) ;
#1391 = CARTESIAN_POINT ( 'NONE',  ( 1022.669040948425391, 1040.688488887152062, 978.6486763635596162 ) ) ;
#1392 = ORIENTED_EDGE ( 'NONE', *, *, #323, .F. ) ;
#1393 = CYLINDRICAL_SURFACE ( 'NONE', #1971, 0.7500000000000284217 ) ;
#1394 = DIRECTION ( 'NONE',  ( -0.000000000000000000, -0.000000000000000000, 1.000000000000000000 ) ) ;
#1395 = CARTESIAN_POINT ( 'NONE',  ( 1041.169040948425391, 1039.488488887152016, 978.4486763635595707 ) ) ;
#1396 = EDGE_CURVE ( 'NONE', #668, #2553, #849, .T. ) ;
#1397 = EDGE_LOOP ( 'NONE', ( #1866, #1449 ) ) ;
#1398 = LINE ( 'NONE', #2647, #307 ) ;
#1399 = ORIENTED_EDGE ( 'NONE', *, *, #1596, .F. ) ;
#1400 = DIRECTION ( 'NONE',  ( -7.656710514656244822E-15, -0.000000000000000000, -1.000000000000000000 ) ) ;
#1401 = EDGE_CURVE ( 'NONE', #408, #1515, #1768, .T. ) ;
#1402 = DIRECTION ( 'NONE',  ( 0.000000000000000000, 0.000000000000000000, -1.000000000000000000 ) ) ;
#1403 = CARTESIAN_POINT ( 'NONE',  ( 997.6690409484253905, 1036.188488887152289, 1042.648676363559616 ) ) ;
#1404 = ORIENTED_EDGE ( 'NONE', *, *, #2228, .F. ) ;
#1405 = CARTESIAN_POINT ( 'NONE',  ( 1083.669040948425391, 1046.345343136644715, 978.6486763635595025 ) ) ;
#1406 = CARTESIAN_POINT ( 'NONE',  ( 1004.969040948422844, 1036.688488889089513, 1006.648665646242989 ) ) ;
#1407 = LINE ( 'NONE', #383, #146 ) ;
#1408 = ADVANCED_FACE ( 'NONE', ( #1489 ), #1277, .T. ) ;
#1409 = ORIENTED_EDGE ( 'NONE', *, *, #435, .F. ) ;
#1410 = CARTESIAN_POINT ( 'NONE',  ( 1016.559040948429356, 1040.728488887152253, 976.6486763635596162 ) ) ;
#1411 = EDGE_CURVE ( 'NONE', #2131, #581, #429, .T. ) ;
#1412 = COLOUR_RGB ( '',0.7921568627450980005, 0.8196078431372548767, 0.9333333333333333481 ) ;
#1413 = VERTEX_POINT ( 'NONE', #1901 ) ;
#1414 = CARTESIAN_POINT ( 'NONE',  ( 1004.969040948425572, 1036.488488887152243, 977.6486763635596162 ) ) ;
#1415 = DIRECTION ( 'NONE',  ( -0.000000000000000000, -1.000000000000000000, -0.000000000000000000 ) ) ;
#1416 = ORIENTED_EDGE ( 'NONE', *, *, #1816, .T. ) ;
#1417 = LINE ( 'NONE', #759, #2298 ) ;
#1418 = ITEM_DEFINED_TRANSFORMATION ( 'NONE', 'NONE', #601,  #1958 ) ;
#1419 = ORIENTED_EDGE ( 'NONE', *, *, #2645, .F. ) ;
#1420 = PLANE ( 'NONE',  #1858 ) ;
#1421 = DIRECTION ( 'NONE',  ( 2.135044278125300850E-16, 0.000000000000000000, -1.000000000000000000 ) ) ;
#1422 = DIRECTION ( 'NONE',  ( -0.000000000000000000, 1.000000000000000000, -0.000000000000000000 ) ) ;
#1423 = AXIS2_PLACEMENT_3D ( 'NONE', #599, #446, #616 ) ;
#1424 = AXIS2_PLACEMENT_3D ( 'NONE', #872, #2123, #1706 ) ;
#1425 = EDGE_LOOP ( 'NONE', ( #2394, #2055, #2438, #1392 ) ) ;
#1426 = DIRECTION ( 'NONE',  ( 0.000000000000000000, 0.000000000000000000, 1.000000000000000000 ) ) ;
#1427 = VECTOR ( 'NONE', #2247, 1000.000000000000000 ) ;
#1428 = EDGE_CURVE ( 'NONE', #987, #1039, #2262, .T. ) ;
#1429 = ORIENTED_EDGE ( 'NONE', *, *, #838, .T. ) ;
#1430 = CARTESIAN_POINT ( 'NONE',  ( 1001.669040948425504, 1041.688488887152289, 981.8986763635596162 ) ) ;
#1431 = DIRECTION ( 'NONE',  ( 0.000000000000000000, 0.000000000000000000, 1.000000000000000000 ) ) ;
#1432 = EDGE_LOOP ( 'NONE', ( #2313, #412 ) ) ;
#1433 = VECTOR ( 'NONE', #1280, 1000.000000000000000 ) ;
#1434 = DIRECTION ( 'NONE',  ( -1.000000000000000000, 0.000000000000000000, 0.000000000000000000 ) ) ;
#1435 = CONTEXT_DEPENDENT_SHAPE_REPRESENTATION ( #1200, #1503 ) ;
#1436 = AXIS2_PLACEMENT_3D ( 'NONE', #1499, #891, #1099 ) ;
#1437 = VERTEX_POINT ( 'NONE', #2054 ) ;
#1438 = AXIS2_PLACEMENT_3D ( 'NONE', #1365, #1519, #2186 ) ;
#1439 = FACE_OUTER_BOUND ( 'NONE', #1292, .T. ) ;
#1440 = DIRECTION ( 'NONE',  ( 1.000000000000000000, 0.000000000000000000, -2.135044278125301096E-16 ) ) ;
#1441 = ORIENTED_EDGE ( 'NONE', *, *, #927, .F. ) ;
#1442 = DIRECTION ( 'NONE',  ( 1.000000000000000000, 0.000000000000000000, 0.000000000000000000 ) ) ;
#1443 = ORIENTED_EDGE ( 'NONE', *, *, #875, .F. ) ;
#1444 = LINE ( 'NONE', #465, #267 ) ;
#1445 = CARTESIAN_POINT ( 'NONE',  ( 1001.669040948425504, 1036.188488887152289, 980.6486763635596162 ) ) ;
#1446 = LINE ( 'NONE', #2477, #131 ) ;
#1447 = ORIENTED_EDGE ( 'NONE', *, *, #2659, .F. ) ;
#1448 = EDGE_CURVE ( 'NONE', #1871, #1719, #1703, .T. ) ;
#1449 = ORIENTED_EDGE ( 'NONE', *, *, #1263, .F. ) ;
#1450 = DIRECTION ( 'NONE',  ( -0.000000000000000000, 0.000000000000000000, 1.000000000000000000 ) ) ;
#1451 = ADVANCED_FACE ( 'NONE', ( #2491 ), #2519, .F. ) ;
#1452 = ORIENTED_EDGE ( 'NONE', *, *, #2163, .T. ) ;
#1453 = DIRECTION ( 'NONE',  ( -1.000000000000000000, 0.000000000000000000, 0.000000000000000000 ) ) ;
#1454 = ORIENTED_EDGE ( 'NONE', *, *, #1937, .T. ) ;
#1455 = LINE ( 'NONE', #2314, #775 ) ;
#1456 = LINE ( 'NONE', #974, #1948 ) ;
#1457 = EDGE_CURVE ( 'NONE', #2553, #264, #19, .T. ) ;
#1458 = CARTESIAN_POINT ( 'NONE',  ( 1083.669040948425391, 1040.688488887152062, 1038.648676363559616 ) ) ;
#1459 = ORIENTED_EDGE ( 'NONE', *, *, #1784, .T. ) ;
#1460 = DIRECTION ( 'NONE',  ( -0.000000000000000000, -1.000000000000000000, -0.000000000000000000 ) ) ;
#1461 = CARTESIAN_POINT ( 'NONE',  ( 0.000000000000000000, 0.000000000000000000, 0.000000000000000000 ) ) ;
#1462 = EDGE_CURVE ( 'NONE', #1629, #816, #635, .T. ) ;
#1463 = LINE ( 'NONE', #1856, #1028 ) ;
#1464 = CARTESIAN_POINT ( 'NONE',  ( 1037.269040948425300, 1041.238488887152243, 976.6486513635595657 ) ) ;
#1465 = EDGE_CURVE ( 'NONE', #1242, #2513, #1446, .T. ) ;
#1466 = ORIENTED_EDGE ( 'NONE', *, *, #1775, .F. ) ;
#1467 = FACE_OUTER_BOUND ( 'NONE', #1318, .T. ) ;
#1468 = VECTOR ( 'NONE', #2148, 1000.000000000000000 ) ;
#1469 = EDGE_CURVE ( 'NONE', #260, #1521, #1803, .T. ) ;
#1470 = VERTEX_POINT ( 'NONE', #1047 ) ;
#1471 = CARTESIAN_POINT ( 'NONE',  ( 1085.669040948425391, 1040.688488887152062, 983.6486763635596162 ) ) ;
#1472 = VECTOR ( 'NONE', #1129, 1000.000000000000000 ) ;
#1473 = CARTESIAN_POINT ( 'NONE',  ( 1022.669040948425391, 1040.688488887152289, 980.4486763635595707 ) ) ;
#1474 = FACE_OUTER_BOUND ( 'NONE', #1209, .T. ) ;
#1475 = ORIENTED_EDGE ( 'NONE', *, *, #571, .T. ) ;
#1476 = DIRECTION ( 'NONE',  ( 0.000000000000000000, 0.000000000000000000, -1.000000000000000000 ) ) ;
#1477 = DIRECTION ( 'NONE',  ( 0.000000000000000000, 0.000000000000000000, 1.000000000000000000 ) ) ;
#1478 = PRODUCT_DEFINITION_FORMATION_WITH_SPECIFIED_SOURCE ( 'ANY', '', #1193, .NOT_KNOWN. ) ;
#1479 = CARTESIAN_POINT ( 'NONE',  ( 1022.369040948424981, 1036.688488887152062, 978.6486763635596162 ) ) ;
#1480 = VECTOR ( 'NONE', #538, 1000.000000000000000 ) ;
#1481 = CIRCLE ( 'NONE', #189, 0.7500000000000284217 ) ;
#1482 = ORIENTED_EDGE ( 'NONE', *, *, #176, .F. ) ;
#1483 = DIRECTION ( 'NONE',  ( -0.000000000000000000, 0.0001745329243167994800, 0.9999999847691289911 ) ) ;
#1484 = ADVANCED_FACE ( 'NONE', ( #1474 ), #879, .T. ) ;
#1485 = PRODUCT_DEFINITION_FORMATION_WITH_SPECIFIED_SOURCE ( 'ANY', '', #1088, .NOT_KNOWN. ) ;
#1486 = ORIENTED_EDGE ( 'NONE', *, *, #2368, .F. ) ;
#1487 = FACE_OUTER_BOUND ( 'NONE', #2029, .T. ) ;
#1488 = CARTESIAN_POINT ( 'NONE',  ( 1083.669040948425391, 1036.194423006669240, 1040.648676363559616 ) ) ;
#1489 = FACE_OUTER_BOUND ( 'NONE', #464, .T. ) ;
#1490 = ORIENTED_EDGE ( 'NONE', *, *, #69, .F. ) ;
#1491 = CARTESIAN_POINT ( 'NONE',  ( 1087.669040948425391, 1036.188488887152289, 976.6486763635596162 ) ) ;
#1492 = DIRECTION ( 'NONE',  ( -1.000000000000000000, -0.000000000000000000, -0.000000000000000000 ) ) ;
#1493 = DIRECTION ( 'NONE',  ( 0.000000000000000000, 0.000000000000000000, -1.000000000000000000 ) ) ;
#1494 = ORIENTED_EDGE ( 'NONE', *, *, #1619, .T. ) ;
#1495 = LINE ( 'NONE', #426, #622 ) ;
#1496 = VERTEX_POINT ( 'NONE', #2117 ) ;
#1497 = EDGE_CURVE ( 'NONE', #2352, #2061, #1887, .T. ) ;
#1498 = LINE ( 'NONE', #2517, #391 ) ;
#1499 = CARTESIAN_POINT ( 'NONE',  ( 1083.669040948425391, 1039.188488887152062, 980.6486763635596162 ) ) ;
#1500 = ORIENTED_EDGE ( 'NONE', *, *, #2481, .F. ) ;
#1501 = ORIENTED_EDGE ( 'NONE', *, *, #2053, .T. ) ;
#1502 = ADVANCED_FACE ( 'NONE', ( #1915 ), #1700, .F. ) ;
#1503 = PRODUCT_DEFINITION_SHAPE ( 'NONE', 'NONE',  #2667 ) ;
#1504 = CARTESIAN_POINT ( 'NONE',  ( 1025.419040948425163, 1039.488488887152016, 978.4486763635595707 ) ) ;
#1505 = DIRECTION ( 'NONE',  ( 1.000000000000000000, 0.000000000000000000, 0.000000000000000000 ) ) ;
#1506 = ORIENTED_EDGE ( 'NONE', *, *, #1307, .T. ) ;
#1507 = FACE_BOUND ( 'NONE', #539, .T. ) ;
#1508 = VERTEX_POINT ( 'NONE', #42 ) ;
#1509 = DIRECTION ( 'NONE',  ( -1.000000000000000000, 0.000000000000000000, 0.000000000000000000 ) ) ;
#1510 = EDGE_CURVE ( 'NONE', #2561, #292, #1723, .T. ) ;
#1511 = ORIENTED_EDGE ( 'NONE', *, *, #2316, .F. ) ;
#1512 = ORIENTED_EDGE ( 'NONE', *, *, #268, .F. ) ;
#1513 = ADVANCED_FACE ( 'NONE', ( #526 ), #2599, .T. ) ;
#1514 = CYLINDRICAL_SURFACE ( 'NONE', #2367, 2.999999999999891642 ) ;
#1515 = VERTEX_POINT ( 'NONE', #1939 ) ;
#1516 = VECTOR ( 'NONE', #1673, 1000.000000000000000 ) ;
#1517 = DIRECTION ( 'NONE',  ( -0.000000000000000000, 1.000000000000000000, -0.000000000000000000 ) ) ;
#1518 = LINE ( 'NONE', #2426, #542 ) ;
#1519 = DIRECTION ( 'NONE',  ( 0.000000000000000000, 1.000000000000000000, -0.000000000000000000 ) ) ;
#1520 = VECTOR ( 'NONE', #1962, 1000.000000000000000 ) ;
#1521 = VERTEX_POINT ( 'NONE', #699 ) ;
#1522 = LINE ( 'NONE', #1148, #905 ) ;
#1523 = DIRECTION ( 'NONE',  ( 0.000000000000000000, 0.000000000000000000, 1.000000000000000000 ) ) ;
#1524 = AXIS2_PLACEMENT_3D ( 'NONE', #1464, #653, #1493 ) ;
#1525 = ORIENTED_EDGE ( 'NONE', *, *, #2139, .F. ) ;
#1526 = DIRECTION ( 'NONE',  ( 2.135044278125301589E-16, 0.000000000000000000, -1.000000000000000000 ) ) ;
#1527 = EDGE_CURVE ( 'NONE', #524, #1470, #159, .T. ) ;
#1528 = DIRECTION ( 'NONE',  ( 1.000000000000000000, 0.000000000000000000, 0.000000000000000000 ) ) ;
#1529 = DIRECTION ( 'NONE',  ( 0.000000000000000000, 1.000000000000000000, -0.000000000000000000 ) ) ;
#1530 = EDGE_CURVE ( 'NONE', #605, #2274, #688, .T. ) ;
#1531 = SHAPE_REPRESENTATION ( 'Part2^Assem1', ( #1958 ), #1946 ) ;
#1532 = VERTEX_POINT ( 'NONE', #583 ) ;
#1533 = DIRECTION ( 'NONE',  ( -1.000000000000000000, 0.000000000000000000, 0.000000000000000000 ) ) ;
#1534 = CARTESIAN_POINT ( 'NONE',  ( 1001.669040948425504, 930.1701454405800860, 1038.648676363559616 ) ) ;
#1535 = VERTEX_POINT ( 'NONE', #113 ) ;
#1536 = LINE ( 'NONE', #1739, #1037 ) ;
#1537 = CARTESIAN_POINT ( 'NONE',  ( 1004.969040948425572, 1037.688488887152062, 977.6486763635596162 ) ) ;
#1538 = FACE_OUTER_BOUND ( 'NONE', #516, .T. ) ;
#1539 = ORIENTED_EDGE ( 'NONE', *, *, #2124, .T. ) ;
#1540 = DIRECTION ( 'NONE',  ( 0.000000000000000000, -0.000000000000000000, -1.000000000000000000 ) ) ;
#1541 = CARTESIAN_POINT ( 'NONE',  ( 1083.669040948425391, 1046.345343136644715, 1038.648676363559616 ) ) ;
#1542 = ADVANCED_FACE ( 'NONE', ( #723, #2174 ), #1950, .T. ) ;
#1543 = ORIENTED_EDGE ( 'NONE', *, *, #2576, .T. ) ;
#1544 = PLANE ( 'NONE',  #754 ) ;
#1545 = DIRECTION ( 'NONE',  ( 1.000000000000000000, 0.000000000000000000, 0.000000000000000000 ) ) ;
#1546 = ORIENTED_EDGE ( 'NONE', *, *, #563, .T. ) ;
#1547 = FACE_OUTER_BOUND ( 'NONE', #2361, .T. ) ;
#1548 = CARTESIAN_POINT ( 'NONE',  ( 1083.669040948425391, 1036.688488887152062, 983.6486763635595025 ) ) ;
#1549 = PLANE ( 'NONE',  #2083 ) ;
#1550 = ORIENTED_EDGE ( 'NONE', *, *, #515, .F. ) ;
#1551 = DIRECTION ( 'NONE',  ( 0.000000000000000000, 0.000000000000000000, -1.000000000000000000 ) ) ;
#1552 = VECTOR ( 'NONE', #2320, 1000.000000000000000 ) ;
#1553 = FACE_OUTER_BOUND ( 'NONE', #1167, .T. ) ;
#1554 = VECTOR ( 'NONE', #388, 1000.000000000000000 ) ;
#1555 = VERTEX_POINT ( 'NONE', #274 ) ;
#1556 = DIRECTION ( 'NONE',  ( -0.000000000000000000, 0.000000000000000000, -1.000000000000000000 ) ) ;
#1557 = CARTESIAN_POINT ( 'NONE',  ( 1044.669040948425163, 1040.688488887152289, 980.4486763635595707 ) ) ;
#1558 = AXIS2_PLACEMENT_3D ( 'NONE', #60, #105, #2480 ) ;
#1559 = VERTEX_POINT ( 'NONE', #77 ) ;
#1560 = CARTESIAN_POINT ( 'NONE',  ( 1083.669040948425391, 930.1701454405800860, 1035.648676363559616 ) ) ;
#1561 = CARTESIAN_POINT ( 'NONE',  ( 1001.669040948425504, 1040.688488887152062, 980.6486763635596162 ) ) ;
#1562 = EDGE_CURVE ( 'NONE', #1629, #2311, #1518, .T. ) ;
#1563 = VECTOR ( 'NONE', #1505, 1000.000000000000000 ) ;
#1564 = VECTOR ( 'NONE', #2661, 1000.000000000000000 ) ;
#1565 = ORIENTED_EDGE ( 'NONE', *, *, #1562, .F. ) ;
#1566 = AXIS2_PLACEMENT_3D ( 'NONE', #788, #2451, #1622 ) ;
#1567 = CARTESIAN_POINT ( 'NONE',  ( 1041.169040948425391, 1039.488488887152016, 978.4486763635595707 ) ) ;
#1568 = CIRCLE ( 'NONE', #2505, 2.000000000000112799 ) ;
#1569 = EDGE_CURVE ( 'NONE', #494, #2208, #925, .T. ) ;
#1570 = CARTESIAN_POINT ( 'NONE',  ( 998.6690409484253905, 1040.688488887152062, 977.6486763635597299 ) ) ;
#1571 = ORIENTED_EDGE ( 'NONE', *, *, #227, .F. ) ;
#1572 = CARTESIAN_POINT ( 'NONE',  ( 1085.669040948425391, 930.1701454405800860, 983.6486763635596162 ) ) ;
#1573 = CARTESIAN_POINT ( 'NONE',  ( 1004.969040948425345, 1036.488488887152243, 1006.648676363559616 ) ) ;
#1574 = ORIENTED_EDGE ( 'NONE', *, *, #740, .T. ) ;
#1575 = CARTESIAN_POINT ( 'NONE',  ( 1083.669040948425391, 1041.688488887152289, 980.6486763635596162 ) ) ;
#1576 = ADVANCED_FACE ( 'NONE', ( #1626 ), #802, .T. ) ;
#1577 = EDGE_LOOP ( 'NONE', ( #1809, #1142, #1500, #1111 ) ) ;
#1578 = DIRECTION ( 'NONE',  ( -0.000000000000000000, -1.000000000000000000, -0.000000000000000000 ) ) ;
#1579 = EDGE_LOOP ( 'NONE', ( #614, #609, #2254, #977 ) ) ;
#1580 = LINE ( 'NONE', #1758, #99 ) ;
#1581 = VECTOR ( 'NONE', #2090, 1000.000000000000000 ) ;
#1582 = PLANE ( 'NONE',  #868 ) ;
#1583 = ORIENTED_EDGE ( 'NONE', *, *, #1293, .F. ) ;
#1584 = FACE_OUTER_BOUND ( 'NONE', #645, .T. ) ;
#1585 = CARTESIAN_POINT ( 'NONE',  ( 999.6690409484253905, 1036.688488887152062, 1006.648659150767458 ) ) ;
#1586 = CARTESIAN_POINT ( 'NONE',  ( 999.6690409484253905, 1036.693550349649968, 1035.648676363559616 ) ) ;
#1587 = VECTOR ( 'NONE', #1324, 1000.000000000000000 ) ;
#1588 = EDGE_LOOP ( 'NONE', ( #2569, #1235, #1756, #546 ) ) ;
#1589 = CYLINDRICAL_SURFACE ( 'NONE', #2506, 1.249999999999973355 ) ;
#1590 = EDGE_LOOP ( 'NONE', ( #64, #1374, #874, #926, #1771 ) ) ;
#1591 = LINE ( 'NONE', #585, #1554 ) ;
#1592 = EDGE_CURVE ( 'NONE', #1853, #1635, #1364, .T. ) ;
#1593 = EDGE_CURVE ( 'NONE', #305, #1947, #280, .T. ) ;
#1594 = ORIENTED_EDGE ( 'NONE', *, *, #2600, .T. ) ;
#1595 = PLANE ( 'NONE',  #1128 ) ;
#1596 = EDGE_CURVE ( 'NONE', #215, #75, #1157, .T. ) ;
#1597 = DIRECTION ( 'NONE',  ( 1.000000000000000000, 0.000000000000000000, 0.000000000000000000 ) ) ;
#1598 = AXIS2_PLACEMENT_3D ( 'NONE', #663, #2319, #470 ) ;
#1599 = ORIENTED_EDGE ( 'NONE', *, *, #1569, .F. ) ;
#1600 = CARTESIAN_POINT ( 'NONE',  ( 1001.669040948425504, 1040.688488887152062, 977.6486763635597299 ) ) ;
#1601 = CARTESIAN_POINT ( 'NONE',  ( 999.6690409484253905, 1040.688488887152062, 978.6486763635596162 ) ) ;
#1602 = EDGE_CURVE ( 'NONE', #1039, #2131, #358, .T. ) ;
#1603 = VERTEX_POINT ( 'NONE', #1790 ) ;
#1604 = DIRECTION ( 'NONE',  ( 0.000000000000000000, -0.000000000000000000, -1.000000000000000000 ) ) ;
#1605 = EDGE_LOOP ( 'NONE', ( #1475, #1240 ) ) ;
#1606 = CARTESIAN_POINT ( 'NONE',  ( 1001.669040948425504, 1040.688488887152062, 983.6486763635595025 ) ) ;
#1607 = DIRECTION ( 'NONE',  ( 0.000000000000000000, 0.000000000000000000, 1.000000000000000000 ) ) ;
#1608 = VECTOR ( 'NONE', #902, 1000.000000000000000 ) ;
#1609 = CIRCLE ( 'NONE', #2636, 3.000000000000002665 ) ;
#1610 = VERTEX_POINT ( 'NONE', #978 ) ;
#1611 = CARTESIAN_POINT ( 'NONE',  ( 1022.669040948425391, 930.1701454405800860, 978.6486763635596162 ) ) ;
#1612 = ADVANCED_FACE ( 'NONE', ( #1987 ), #966, .F. ) ;
#1613 = VERTEX_POINT ( 'NONE', #1615 ) ;
#1614 = PLANE ( 'NONE',  #208 ) ;
#1615 = CARTESIAN_POINT ( 'NONE',  ( 1086.669040948425163, 1041.688488887152289, 1038.648676363559616 ) ) ;
#1616 = VERTEX_POINT ( 'NONE', #1219 ) ;
#1617 = FACE_BOUND ( 'NONE', #1397, .T. ) ;
#1618 = CARTESIAN_POINT ( 'NONE',  ( 1037.269040948425300, 1040.688488887152062, 977.6486763635597299 ) ) ;
#1619 = EDGE_CURVE ( 'NONE', #1871, #2324, #1806, .T. ) ;
#1620 = ORIENTED_EDGE ( 'NONE', *, *, #176, .T. ) ;
#1621 = LINE ( 'NONE', #2191, #853 ) ;
#1622 = DIRECTION ( 'NONE',  ( 0.000000000000000000, 0.000000000000000000, -1.000000000000000000 ) ) ;
#1623 = CARTESIAN_POINT ( 'NONE',  ( 1042.669040948425391, 1040.688488887152062, 1042.648676363559616 ) ) ;
#1624 = ORIENTED_EDGE ( 'NONE', *, *, #1816, .F. ) ;
#1625 = DIRECTION ( 'NONE',  ( 0.000000000000000000, 0.000000000000000000, -1.000000000000000000 ) ) ;
#1626 = FACE_OUTER_BOUND ( 'NONE', #1084, .T. ) ;
#1627 = LINE ( 'NONE', #1586, #2204 ) ;
#1628 = EDGE_CURVE ( 'NONE', #2082, #2038, #197, .T. ) ;
#1629 = VERTEX_POINT ( 'NONE', #1600 ) ;
#1630 = DIRECTION ( 'NONE',  ( 0.000000000000000000, -1.000000000000000000, 0.000000000000000000 ) ) ;
#1631 = AXIS2_PLACEMENT_3D ( 'NONE', #155, #2197, #125 ) ;
#1632 = ORIENTED_EDGE ( 'NONE', *, *, #875, .T. ) ;
#1633 = DIRECTION ( 'NONE',  ( 0.000000000000000000, 0.000000000000000000, -1.000000000000000000 ) ) ;
#1634 = FACE_OUTER_BOUND ( 'NONE', #954, .T. ) ;
#1635 = VERTEX_POINT ( 'NONE', #2198 ) ;
#1636 = DIRECTION ( 'NONE',  ( -2.168404344971008868E-16, 0.000000000000000000, 1.000000000000000000 ) ) ;
#1637 = SHAPE_DEFINITION_REPRESENTATION ( #2222, #780 ) ;
#1638 = ORIENTED_EDGE ( 'NONE', *, *, #2645, .T. ) ;
#1639 = CARTESIAN_POINT ( 'NONE',  ( 1064.569040948423662, 1036.688488895989394, 1006.648683363340751 ) ) ;
#1640 = LINE ( 'NONE', #2060, #565 ) ;
#1641 = PRODUCT_DEFINITION_CONTEXT ( 'detailed design', #271, 'design' ) ;
#1642 = AXIS2_PLACEMENT_3D ( 'NONE', #279, #1139, #1729 ) ;
#1643 = ORIENTED_EDGE ( 'NONE', *, *, #2525, .F. ) ;
#1644 = CARTESIAN_POINT ( 'NONE',  ( 1085.669040948425391, 1036.688488887152062, 983.6486763635596162 ) ) ;
#1645 = VECTOR ( 'NONE', #544, 1000.000000000000000 ) ;
#1646 = ORIENTED_EDGE ( 'NONE', *, *, #2613, .T. ) ;
#1647 = EDGE_CURVE ( 'NONE', #642, #837, #485, .T. ) ;
#1648 = CARTESIAN_POINT ( 'NONE',  ( 1009.359040948429197, 1039.308488887152180, 978.6486763635596162 ) ) ;
#1649 = CARTESIAN_POINT ( 'NONE',  ( 1001.669040948425504, 1040.688488887152062, 1038.648676363559616 ) ) ;
#1650 = ORIENTED_EDGE ( 'NONE', *, *, #1195, .F. ) ;
#1651 = EDGE_CURVE ( 'NONE', #2082, #190, #1773, .T. ) ;
#1652 = AXIS2_PLACEMENT_3D ( 'NONE', #1561, #1795, #2189 ) ;
#1653 = VERTEX_POINT ( 'NONE', #2400 ) ;
#1654 = AXIS2_PLACEMENT_3D ( 'NONE', #1541, #507, #2157 ) ;
#1655 = DIRECTION ( 'NONE',  ( 0.000000000000000000, 0.000000000000000000, 1.000000000000000000 ) ) ;
#1656 = ORIENTED_EDGE ( 'NONE', *, *, #1306, .T. ) ;
#1657 = DIRECTION ( 'NONE',  ( 2.135044278125300850E-16, -0.000000000000000000, -1.000000000000000000 ) ) ;
#1658 = ORIENTED_EDGE ( 'NONE', *, *, #207, .T. ) ;
#1659 = CARTESIAN_POINT ( 'NONE',  ( 1001.669040948425504, 1040.688488887152062, 1039.898676363559616 ) ) ;
#1660 = FACE_OUTER_BOUND ( 'NONE', #1749, .T. ) ;
#1661 = EDGE_CURVE ( 'NONE', #35, #1032, #2001, .T. ) ;
#1662 = EDGE_CURVE ( 'NONE', #2009, #1871, #2212, .T. ) ;
#1663 = CARTESIAN_POINT ( 'NONE',  ( 1001.669040948425504, 1040.688488887152062, 977.6486763635597299 ) ) ;
#1664 = ORIENTED_EDGE ( 'NONE', *, *, #1797, .T. ) ;
#1665 = CARTESIAN_POINT ( 'NONE',  ( 1030.069040948425254, 1040.688488887152062, 977.6486763635597299 ) ) ;
#1666 = LINE ( 'NONE', #409, #2330 ) ;
#1667 = VERTEX_POINT ( 'NONE', #2031 ) ;
#1668 = CARTESIAN_POINT ( 'NONE',  ( 1083.669040948425391, 1040.688488887152062, 1035.648676363559616 ) ) ;
#1669 = ORIENTED_EDGE ( 'NONE', *, *, #32, .T. ) ;
#1670 = CARTESIAN_POINT ( 'NONE',  ( 1001.669040948425504, 1040.688488887152062, 981.8986763635596162 ) ) ;
#1671 = AXIS2_PLACEMENT_3D ( 'NONE', #1458, #2276, #2081 ) ;
#1672 = DIRECTION ( 'NONE',  ( -0.000000000000000000, -1.000000000000000000, -0.000000000000000000 ) ) ;
#1673 = DIRECTION ( 'NONE',  ( -0.000000000000000000, 1.000000000000000000, -0.000000000000000000 ) ) ;
#1674 = VECTOR ( 'NONE', #1625, 1000.000000000000000 ) ;
#1675 = CARTESIAN_POINT ( 'NONE',  ( 1037.269040948425300, 1041.688488887152289, 976.6486763635596162 ) ) ;
#1676 = VERTEX_POINT ( 'NONE', #2485 ) ;
#1677 = CARTESIAN_POINT ( 'NONE',  ( 1010.779040948429156, 1039.308488887152180, 976.6486763635596162 ) ) ;
#1678 = DIRECTION ( 'NONE',  ( -1.000000000000000000, 0.000000000000000000, 0.000000000000000000 ) ) ;
#1679 = ADVANCED_FACE ( 'NONE', ( #2281 ), #1053, .F. ) ;
#1680 = ORIENTED_EDGE ( 'NONE', *, *, #1905, .T. ) ;
#1681 = DIRECTION ( 'NONE',  ( -0.000000000000000000, 0.000000000000000000, -1.000000000000000000 ) ) ;
#1682 = AXIS2_PLACEMENT_3D ( 'NONE', #350, #1385, #808 ) ;
#1683 = ORIENTED_EDGE ( 'NONE', *, *, #2446, .T. ) ;
#1684 = DIRECTION ( 'NONE',  ( 2.135044278125300850E-16, -0.000000000000000000, -1.000000000000000000 ) ) ;
#1685 = CARTESIAN_POINT ( 'NONE',  ( 1004.669040948425391, 1040.688488887152062, 1040.648676363559616 ) ) ;
#1686 = DIRECTION ( 'NONE',  ( 1.000000000000000000, 0.000000000000000000, 2.135044278125301096E-16 ) ) ;
#1687 = ORIENTED_EDGE ( 'NONE', *, *, #2234, .T. ) ;
#1688 = EDGE_CURVE ( 'NONE', #166, #2082, #447, .T. ) ;
#1689 = CIRCLE ( 'NONE', #2299, 3.000000000000002665 ) ;
#1690 = CARTESIAN_POINT ( 'NONE',  ( 1004.969040948425345, 1036.488488887152243, 1006.648676363559616 ) ) ;
#1691 = FACE_OUTER_BOUND ( 'NONE', #1705, .T. ) ;
#1692 = ADVANCED_FACE ( 'NONE', ( #7 ), #2456, .F. ) ;
#1693 = CIRCLE ( 'NONE', #480, 1.419999999999976836 ) ;
#1694 = EDGE_CURVE ( 'NONE', #1056, #1653, #793, .T. ) ;
#1695 = AXIS2_PLACEMENT_3D ( 'NONE', #2457, #1440, #2256 ) ;
#1696 = ORIENTED_EDGE ( 'NONE', *, *, #1647, .F. ) ;
#1697 = DIRECTION ( 'NONE',  ( 0.000000000000000000, -1.000000000000000000, 0.000000000000000000 ) ) ;
#1698 = VERTEX_POINT ( 'NONE', #945 ) ;
#1699 = LINE ( 'NONE', #216, #139 ) ;
#1700 = CYLINDRICAL_SURFACE ( 'NONE', #2063, 1.249999999999973355 ) ;
#1701 = EDGE_CURVE ( 'NONE', #2131, #215, #531, .T. ) ;
#1702 = DIRECTION ( 'NONE',  ( 2.135044278125301589E-16, 0.000000000000000000, -1.000000000000000000 ) ) ;
#1703 = LINE ( 'NONE', #1675, #2372 ) ;
#1704 = EDGE_LOOP ( 'NONE', ( #418, #169, #2003, #238 ) ) ;
#1705 = EDGE_LOOP ( 'NONE', ( #2078, #1133, #2500, #163, #558, #473 ) ) ;
#1706 = DIRECTION ( 'NONE',  ( -1.000000000000000000, 0.000000000000000000, 0.000000000000000000 ) ) ;
#1707 = CARTESIAN_POINT ( 'NONE',  ( 1087.669040948425618, 1036.193724874961390, 1036.648676363559616 ) ) ;
#1708 = ORIENTED_EDGE ( 'NONE', *, *, #910, .F. ) ;
#1709 = CARTESIAN_POINT ( 'NONE',  ( 1001.669040948425504, 1036.194423006669240, 1040.648676363559616 ) ) ;
#1710 = EDGE_CURVE ( 'NONE', #1555, #1194, #2603, .T. ) ;
#1711 = AXIS2_PLACEMENT_3D ( 'NONE', #763, #996, #779 ) ;
#1712 = ORIENTED_EDGE ( 'NONE', *, *, #855, .T. ) ;
#1713 = CARTESIAN_POINT ( 'NONE',  ( 1010.779040948429156, 1037.888488887152334, 978.6486763635596162 ) ) ;
#1714 = PLANE ( 'NONE',  #1166 ) ;
#1715 = ORIENTED_EDGE ( 'NONE', *, *, #2479, .F. ) ;
#1716 = FACE_OUTER_BOUND ( 'NONE', #1425, .T. ) ;
#1717 = ADVANCED_FACE ( 'NONE', ( #2321 ), #742, .T. ) ;
#1718 = CARTESIAN_POINT ( 'NONE',  ( 1083.669040948425391, 1040.688488887152062, 981.8986763635596162 ) ) ;
#1719 = VERTEX_POINT ( 'NONE', #270 ) ;
#1720 = LINE ( 'NONE', #501, #2147 ) ;
#1721 = EDGE_LOOP ( 'NONE', ( #1447, #245, #2089, #1862 ) ) ;
#1722 = DIRECTION ( 'NONE',  ( 2.135044278125300850E-16, -0.000000000000000000, -1.000000000000000000 ) ) ;
#1723 = LINE ( 'NONE', #2345, #1192 ) ;
#1724 = CARTESIAN_POINT ( 'NONE',  ( 998.6690409484253905, 1041.688488887152289, 1038.648676363559616 ) ) ;
#1725 = ADVANCED_FACE ( 'NONE', ( #74 ), #885, .F. ) ;
#1726 = EDGE_CURVE ( 'NONE', #1835, #392, #1164, .T. ) ;
#1727 = AXIS2_PLACEMENT_3D ( 'NONE', #265, #1090, #883 ) ;
#1728 = ORIENTED_EDGE ( 'NONE', *, *, #2446, .F. ) ;
#1729 = DIRECTION ( 'NONE',  ( 0.000000000000000000, 0.000000000000000000, 1.000000000000000000 ) ) ;
#1730 = DIRECTION ( 'NONE',  ( -1.000000000000000000, 0.000000000000000000, 0.000000000000000000 ) ) ;
#1731 = CARTESIAN_POINT ( 'NONE',  ( 1042.669040948425391, 1039.188488887152062, 1042.648676363559616 ) ) ;
#1732 = EDGE_CURVE ( 'NONE', #2176, #2597, #2334, .T. ) ;
#1733 = ORIENTED_EDGE ( 'NONE', *, *, #706, .F. ) ;
#1734 = CIRCLE ( 'NONE', #2037, 2.000000000000112799 ) ;
#1735 = LINE ( 'NONE', #1761, #2106 ) ;
#1736 = DIRECTION ( 'NONE',  ( 0.000000000000000000, 0.000000000000000000, -1.000000000000000000 ) ) ;
#1737 = AXIS2_PLACEMENT_3D ( 'NONE', #1381, #600, #2401 ) ;
#1738 = EDGE_LOOP ( 'NONE', ( #427, #1506, #2478, #2443 ) ) ;
#1739 = CARTESIAN_POINT ( 'NONE',  ( 1037.269040948425300, 1040.688488887152062, 1042.648676363559616 ) ) ;
#1740 = LINE ( 'NONE', #2559, #2385 ) ;
#1741 = EDGE_CURVE ( 'NONE', #2324, #2172, #390, .T. ) ;
#1742 = CARTESIAN_POINT ( 'NONE',  ( 1001.669040948425504, 930.1701454405800860, 983.6486763635596162 ) ) ;
#1743 = VECTOR ( 'NONE', #637, 1000.000000000000000 ) ;
#1744 = ORIENTED_EDGE ( 'NONE', *, *, #2576, .F. ) ;
#1745 = DIRECTION ( 'NONE',  ( -1.000000000000000000, 0.000000000000000000, -2.135044278125301589E-16 ) ) ;
#1746 = EDGE_CURVE ( 'NONE', #1327, #2590, #12, .T. ) ;
#1747 = DIRECTION ( 'NONE',  ( 0.000000000000000000, 0.0001745329243167994800, 0.9999999847691289911 ) ) ;
#1748 = CARTESIAN_POINT ( 'NONE',  ( 1004.969040948425572, 1037.688488887152062, 977.6486763635596162 ) ) ;
#1749 = EDGE_LOOP ( 'NONE', ( #329, #414, #1173, #1969 ) ) ;
#1750 = CYLINDRICAL_SURFACE ( 'NONE', #2653, 2.000000000000112799 ) ;
#1751 = DIRECTION ( 'NONE',  ( 2.135044278125300850E-16, -0.000000000000000000, -1.000000000000000000 ) ) ;
#1752 = VERTEX_POINT ( 'NONE', #174 ) ;
#1753 = PLANE ( 'NONE',  #437 ) ;
#1754 = CARTESIAN_POINT ( 'NONE',  ( 1339.846403555971847, 1036.188488887152289, 1006.648676363559616 ) ) ;
#1755 = CARTESIAN_POINT ( 'NONE',  ( 1022.669040948425391, 1036.688488887152062, 980.4486763635595707 ) ) ;
#1756 = ORIENTED_EDGE ( 'NONE', *, *, #1244, .T. ) ;
#1757 = CARTESIAN_POINT ( 'NONE',  ( 1087.669040948425391, 1036.194772072523392, 1042.648676363559616 ) ) ;
#1758 = CARTESIAN_POINT ( 'NONE',  ( 999.6690409484253905, 1040.688488887152062, 978.6486763635596162 ) ) ;
#1759 = ADVANCED_FACE ( 'NONE', ( #1660 ), #218, .F. ) ;
#1760 = ORIENTED_EDGE ( 'NONE', *, *, #933, .F. ) ;
#1761 = CARTESIAN_POINT ( 'NONE',  ( 1037.269040948425300, 1037.738488887152243, 976.6486513635595657 ) ) ;
#1762 = CYLINDRICAL_SURFACE ( 'NONE', #2633, 1.250000000000084377 ) ;
#1763 = ORIENTED_EDGE ( 'NONE', *, *, #1059, .F. ) ;
#1764 = DIRECTION ( 'NONE',  ( -0.000000000000000000, -1.000000000000000000, 0.000000000000000000 ) ) ;
#1765 = EDGE_CURVE ( 'NONE', #195, #2176, #1456, .T. ) ;
#1766 = ORIENTED_EDGE ( 'NONE', *, *, #1746, .F. ) ;
#1767 = LINE ( 'NONE', #728, #50 ) ;
#1768 = CIRCLE ( 'NONE', #850, 1.250000000000084377 ) ;
#1769 = CARTESIAN_POINT ( 'NONE',  ( 1080.669040948425391, 930.1701454405800860, 978.6486763635596162 ) ) ;
#1770 = ADVANCED_FACE ( 'NONE', ( #1634 ), #786, .T. ) ;
#1771 = ORIENTED_EDGE ( 'NONE', *, *, #1596, .T. ) ;
#1772 = DIRECTION ( 'NONE',  ( -0.000000000000000000, -0.000000000000000000, 1.000000000000000000 ) ) ;
#1773 = B_SPLINE_CURVE_WITH_KNOTS ( 'NONE', 3,
 ( #1406, #748, #2224, #1585 ),
 .UNSPECIFIED., .F., .F.,
 ( 4, 4 ),
 ( 0.9383720930232885005, 1.000000000000000000 ),
 .UNSPECIFIED. ) ;
#1774 = FACE_OUTER_BOUND ( 'NONE', #2468, .T. ) ;
#1775 = EDGE_CURVE ( 'NONE', #1437, #100, #2338, .T. ) ;
#1776 = ORIENTED_EDGE ( 'NONE', *, *, #2282, .T. ) ;
#1777 = VECTOR ( 'NONE', #1085, 1000.000000000000000 ) ;
#1778 = FACE_OUTER_BOUND ( 'NONE', #833, .T. ) ;
#1779 = DIRECTION ( 'NONE',  ( -7.656710514656244822E-15, 0.000000000000000000, 1.000000000000000000 ) ) ;
#1780 = DIRECTION ( 'NONE',  ( 0.000000000000000000, 0.000000000000000000, -1.000000000000000000 ) ) ;
#1781 = LINE ( 'NONE', #1249, #1386 ) ;
#1782 = VECTOR ( 'NONE', #2524, 1000.000000000000000 ) ;
#1783 = ORIENTED_EDGE ( 'NONE', *, *, #227, .T. ) ;
#1784 = EDGE_CURVE ( 'NONE', #2614, #1273, #1197, .T. ) ;
#1785 = DIRECTION ( 'NONE',  ( 0.000000000000000000, 1.000000000000000000, -0.000000000000000000 ) ) ;
#1786 = CARTESIAN_POINT ( 'NONE',  ( 1030.069040948425254, 1037.738488887152243, 980.4486763635595707 ) ) ;
#1787 = ADVANCED_BREP_SHAPE_REPRESENTATION ( '', ( #1172, #1958 ), #1946 ) ;
#1788 = ORIENTED_EDGE ( 'NONE', *, *, #1904, .F. ) ;
#1789 = DIRECTION ( 'NONE',  ( 0.000000000000000000, 0.000000000000000000, 1.000000000000000000 ) ) ;
#1790 = CARTESIAN_POINT ( 'NONE',  ( 1004.969040948425572, 1036.688488887152062, 978.6486763635596162 ) ) ;
#1791 = CARTESIAN_POINT ( 'NONE',  ( 1083.669040948425391, 1040.688488887152062, 1038.648676363559616 ) ) ;
#1792 = ORIENTED_EDGE ( 'NONE', *, *, #133, .T. ) ;
#1793 = EDGE_CURVE ( 'NONE', #100, #1437, #992, .T. ) ;
#1794 = DIRECTION ( 'NONE',  ( -1.000000000000000000, 0.000000000000000000, 0.000000000000000000 ) ) ;
#1795 = DIRECTION ( 'NONE',  ( -0.000000000000000000, -1.000000000000000000, 0.000000000000000000 ) ) ;
#1796 = ORIENTED_EDGE ( 'NONE', *, *, #254, .F. ) ;
#1797 = EDGE_CURVE ( 'NONE', #1653, #1056, #334, .T. ) ;
#1798 = FACE_OUTER_BOUND ( 'NONE', #1954, .T. ) ;
#1799 = ORIENTED_EDGE ( 'NONE', *, *, #145, .T. ) ;
#1800 = CARTESIAN_POINT ( 'NONE',  ( 1004.969040948425345, 1037.688488887152062, 1006.648676363559616 ) ) ;
#1801 =( NAMED_UNIT ( * ) SI_UNIT ( $, .STERADIAN. ) SOLID_ANGLE_UNIT ( ) );
#1802 = ADVANCED_FACE ( 'NONE', ( #262 ), #1926, .F. ) ;
#1803 = CIRCLE ( 'NONE', #1671, 1.249999999999973355 ) ;
#1804 = EDGE_LOOP ( 'NONE', ( #151, #1885, #1227, #2301 ) ) ;
#1805 = SURFACE_STYLE_FILL_AREA ( #1380 ) ;
#1806 = LINE ( 'NONE', #2043, #1009 ) ;
#1807 = LINE ( 'NONE', #1601, #732 ) ;
#1808 = CIRCLE ( 'NONE', #2488, 3.000000000000002665 ) ;
#1809 = ORIENTED_EDGE ( 'NONE', *, *, #2596, .T. ) ;
#1810 = FACE_OUTER_BOUND ( 'NONE', #1198, .T. ) ;
#1811 = CARTESIAN_POINT ( 'NONE',  ( 1016.559040948429356, 1037.888488887152334, 978.6486763635596162 ) ) ;
#1812 = EDGE_CURVE ( 'NONE', #1515, #408, #518, .T. ) ;
#1813 = ORIENTED_EDGE ( 'NONE', *, *, #1469, .T. ) ;
#1814 = CARTESIAN_POINT ( 'NONE',  ( 1087.669040948425391, 1041.688488887152289, 1042.648676363559616 ) ) ;
#1815 = EDGE_CURVE ( 'NONE', #2258, #392, #1916, .T. ) ;
#1816 = EDGE_CURVE ( 'NONE', #2308, #2070, #226, .T. ) ;
#1817 = VERTEX_POINT ( 'NONE', #1685 ) ;
#1818 = DIRECTION ( 'NONE',  ( -1.000000000000000000, 0.000000000000000000, 0.000000000000000000 ) ) ;
#1819 = AXIS2_PLACEMENT_3D ( 'NONE', #2156, #1745, #1943 ) ;
#1820 = EDGE_LOOP ( 'NONE', ( #906, #1452, #2624, #421 ) ) ;
#1821 =( NAMED_UNIT ( * ) SI_UNIT ( $, .STERADIAN. ) SOLID_ANGLE_UNIT ( ) );
#1822 = DIRECTION ( 'NONE',  ( -1.000000000000000000, 0.000000000000000000, 0.000000000000000000 ) ) ;
#1823 = DIRECTION ( 'NONE',  ( 0.000000000000000000, 0.000000000000000000, -1.000000000000000000 ) ) ;
#1824 = EDGE_LOOP ( 'NONE', ( #2405, #2100 ) ) ;
#1825 = CARTESIAN_POINT ( 'NONE',  ( 1041.919040948425391, 1039.488488887152016, 980.4486763635595707 ) ) ;
#1826 = AXIS2_PLACEMENT_3D ( 'NONE', #158, #998, #2188 ) ;
#1827 = EDGE_LOOP ( 'NONE', ( #297, #710, #720, #1048 ) ) ;
#1828 = LINE ( 'NONE', #2000, #2453 ) ;
#1829 = DIRECTION ( 'NONE',  ( -0.000000000000000000, 1.000000000000000000, -0.000000000000000000 ) ) ;
#1830 = AXIS2_PLACEMENT_3D ( 'NONE', #1058, #847, #1276 ) ;
#1831 = CIRCLE ( 'NONE', #648, 1.249999999999973355 ) ;
#1832 = ORIENTED_EDGE ( 'NONE', *, *, #2163, .F. ) ;
#1833 = EDGE_CURVE ( 'NONE', #1351, #2134, #2465, .T. ) ;
#1834 = VECTOR ( 'NONE', #129, 1000.000000000000000 ) ;
#1835 = VERTEX_POINT ( 'NONE', #1724 ) ;
#1836 = CARTESIAN_POINT ( 'NONE',  ( 1083.669040948425391, 1040.688488887152062, 979.3986763635595025 ) ) ;
#1837 = VERTEX_POINT ( 'NONE', #670 ) ;
#1838 = CARTESIAN_POINT ( 'NONE',  ( 1004.669040948425391, 930.1701454405800860, 1040.648676363559616 ) ) ;
#1839 = ORIENTED_EDGE ( 'NONE', *, *, #840, .F. ) ;
#1840 = CARTESIAN_POINT ( 'NONE',  ( 1041.919040948425391, 1039.488488887152016, 978.4486763635595707 ) ) ;
#1841 = ORIENTED_EDGE ( 'NONE', *, *, #1025, .T. ) ;
#1842 = DIRECTION ( 'NONE',  ( -0.000000000000000000, -1.000000000000000000, -0.000000000000000000 ) ) ;
#1843 = ORIENTED_EDGE ( 'NONE', *, *, #217, .F. ) ;
#1844 = CARTESIAN_POINT ( 'NONE',  ( 1085.669040948425391, 1036.688488887152062, 1006.648659150767458 ) ) ;
#1845 = CARTESIAN_POINT ( 'NONE',  ( 1016.559040948429356, 1039.308488887152180, 976.6486763635596162 ) ) ;
#1846 = CARTESIAN_POINT ( 'NONE',  ( 1083.669040948425391, 930.1701454405800860, 1038.648676363559616 ) ) ;
#1847 = ADVANCED_FACE ( 'NONE', ( #1046 ), #1714, .F. ) ;
#1848 = EDGE_CURVE ( 'NONE', #494, #1382, #57, .T. ) ;
#1849 = ORIENTED_EDGE ( 'NONE', *, *, #838, .F. ) ;
#1850 = CARTESIAN_POINT ( 'NONE',  ( 1001.669040948425504, 1036.193724874961390, 1036.648676363559616 ) ) ;
#1851 = VERTEX_POINT ( 'NONE', #2504 ) ;
#1852 = LINE ( 'NONE', #1414, #134 ) ;
#1853 = VERTEX_POINT ( 'NONE', #2105 ) ;
#1854 = ORIENTED_EDGE ( 'NONE', *, *, #405, .T. ) ;
#1855 = EDGE_CURVE ( 'NONE', #826, #1535, #2346, .T. ) ;
#1856 = CARTESIAN_POINT ( 'NONE',  ( 999.6690409484253905, 1036.684471392835121, 983.6300861064863739 ) ) ;
#1857 = ORIENTED_EDGE ( 'NONE', *, *, #1411, .F. ) ;
#1858 = AXIS2_PLACEMENT_3D ( 'NONE', #422, #2071, #1450 ) ;
#1859 = CARTESIAN_POINT ( 'NONE',  ( 1001.669040948425504, 1041.688488887152289, 977.6486763635597299 ) ) ;
#1860 = EDGE_CURVE ( 'NONE', #2035, #2311, #1693, .T. ) ;
#1861 = CIRCLE ( 'NONE', #677, 1.419999999999976836 ) ;
#1862 = ORIENTED_EDGE ( 'NONE', *, *, #1234, .T. ) ;
#1863 = LINE ( 'NONE', #16, #2085 ) ;
#1864 = CARTESIAN_POINT ( 'NONE',  ( 998.6690409484253905, 1040.688488887152062, 980.6486763635596162 ) ) ;
#1865 = VECTOR ( 'NONE', #863, 1000.000000000000227 ) ;
#1866 = ORIENTED_EDGE ( 'NONE', *, *, #2627, .F. ) ;
#1867 = CARTESIAN_POINT ( 'NONE',  ( 1022.669040948425391, 1036.688488887152062, 980.6486763635596162 ) ) ;
#1868 = VECTOR ( 'NONE', #2132, 1000.000000000000000 ) ;
#1869 = APPLICATION_PROTOCOL_DEFINITION ( 'draft international standard', 'automotive_design', 1998, #2120 ) ;
#1870 = AXIS2_PLACEMENT_3D ( 'NONE', #900, #2556, #916 ) ;
#1871 = VERTEX_POINT ( 'NONE', #634 ) ;
#1872 = VECTOR ( 'NONE', #2097, 1000.000000000000000 ) ;
#1873 = DIRECTION ( 'NONE',  ( 0.000000000000000000, 0.000000000000000000, 1.000000000000000000 ) ) ;
#1874 = ORIENTED_EDGE ( 'NONE', *, *, #2530, .F. ) ;
#1875 = CARTESIAN_POINT ( 'NONE',  ( -8.113168256876144708E-16, 0.000000000000000000, 980.4486763635595707 ) ) ;
#1876 = ORIENTED_EDGE ( 'NONE', *, *, #2290, .F. ) ;
#1877 = LINE ( 'NONE', #2289, #2238 ) ;
#1878 = CARTESIAN_POINT ( 'NONE',  ( 1010.779040948429156, 1039.308488887152180, 977.6486763635597299 ) ) ;
#1879 = CARTESIAN_POINT ( 'NONE',  ( 1004.969040948425572, 1036.488488887152243, 977.6486763635596162 ) ) ;
#1880 = ADVANCED_FACE ( 'NONE', ( #1301 ), #249, .T. ) ;
#1881 = ORIENTED_EDGE ( 'NONE', *, *, #1465, .T. ) ;
#1882 = DIRECTION ( 'NONE',  ( 2.135044278125301589E-16, 0.000000000000000000, -1.000000000000000000 ) ) ;
#1883 = CARTESIAN_POINT ( 'NONE',  ( 1022.369040948424981, 1036.688488887152062, 980.6486763635595025 ) ) ;
#1884 = ORIENTED_EDGE ( 'NONE', *, *, #2333, .F. ) ;
#1885 = ORIENTED_EDGE ( 'NONE', *, *, #797, .F. ) ;
#1886 = CARTESIAN_POINT ( 'NONE',  ( 1016.559040948429356, 1040.728488887152253, 987.7244683400209624 ) ) ;
#1887 = LINE ( 'NONE', #30, #2396 ) ;
#1888 = CARTESIAN_POINT ( 'NONE',  ( 1083.669040948425391, 1036.193724874961390, 1036.648676363559616 ) ) ;
#1889 = VECTOR ( 'NONE', #2607, 1000.000000000000000 ) ;
#1890 = ORIENTED_EDGE ( 'NONE', *, *, #1253, .T. ) ;
#1891 = EDGE_CURVE ( 'NONE', #1959, #1060, #1316, .T. ) ;
#1892 = DIRECTION ( 'NONE',  ( -0.000000000000000000, -1.000000000000000000, -0.000000000000000000 ) ) ;
#1893 = EDGE_CURVE ( 'NONE', #1060, #2618, #865, .T. ) ;
#1894 = CARTESIAN_POINT ( 'NONE',  ( 999.6690409484253905, 930.1701454405800860, 1035.648676363559616 ) ) ;
#1895 = ORIENTED_EDGE ( 'NONE', *, *, #1973, .F. ) ;
#1896 = CARTESIAN_POINT ( 'NONE',  ( 1010.779040948429156, 1039.308488887152180, 987.7244683400209624 ) ) ;
#1897 = VECTOR ( 'NONE', #1526, 1000.000000000000000 ) ;
#1898 = ORIENTED_EDGE ( 'NONE', *, *, #1732, .T. ) ;
#1899 = CYLINDRICAL_SURFACE ( 'NONE', #55, 1.249999999999973355 ) ;
#1900 = DIRECTION ( 'NONE',  ( -0.000000000000000000, -1.000000000000000000, -0.000000000000000000 ) ) ;
#1901 = CARTESIAN_POINT ( 'NONE',  ( 1001.669040948425504, 1040.688488887152062, 1041.648676363559844 ) ) ;
#1902 = ORIENTED_EDGE ( 'NONE', *, *, #2545, .F. ) ;
#1903 = CARTESIAN_POINT ( 'NONE',  ( 1083.669040948425391, 1039.188488887152062, 1038.648676363559616 ) ) ;
#1904 = EDGE_CURVE ( 'NONE', #1817, #2176, #2518, .T. ) ;
#1905 = EDGE_CURVE ( 'NONE', #199, #1603, #1267, .T. ) ;
#1906 = LINE ( 'NONE', #1308, #1552 ) ;
#1907 = CIRCLE ( 'NONE', #1652, 3.000000000000002665 ) ;
#1908 = ADVANCED_FACE ( 'NONE', ( #659 ), #467, .F. ) ;
#1909 = CIRCLE ( 'NONE', #2552, 1.419999999999976836 ) ;
#1910 = EDGE_LOOP ( 'NONE', ( #2196, #1089 ) ) ;
#1911 = LINE ( 'NONE', #1922, #1587 ) ;
#1912 = PRODUCT_DEFINITION_SHAPE ( 'NONE', 'NONE',  #48 ) ;
#1913 = EDGE_LOOP ( 'NONE', ( #1664, #736 ) ) ;
#1914 = CARTESIAN_POINT ( 'NONE',  ( 1016.893704959043134, 1040.688488887152062, 978.6486763635596162 ) ) ;
#1915 = FACE_OUTER_BOUND ( 'NONE', #807, .T. ) ;
#1916 = LINE ( 'NONE', #1086, #904 ) ;
#1917 = ORIENTED_EDGE ( 'NONE', *, *, #133, .F. ) ;
#1918 = ORIENTED_EDGE ( 'NONE', *, *, #1569, .T. ) ;
#1919 = LINE ( 'NONE', #2350, #1113 ) ;
#1920 = CARTESIAN_POINT ( 'NONE',  ( 1083.669040948425391, 1036.193724874961390, 1036.648676363559616 ) ) ;
#1921 = ORIENTED_EDGE ( 'NONE', *, *, #856, .T. ) ;
#1922 = CARTESIAN_POINT ( 'NONE',  ( 1083.669040948425391, 930.1701454405800860, 1035.648676363559616 ) ) ;
#1923 = EDGE_CURVE ( 'NONE', #2070, #2308, #1734, .T. ) ;
#1924 = ORIENTED_EDGE ( 'NONE', *, *, #2057, .F. ) ;
#1925 = CARTESIAN_POINT ( 'NONE',  ( 1041.169040948425391, 1039.488488887152016, 980.4486763635595707 ) ) ;
#1926 = CYLINDRICAL_SURFACE ( 'NONE', #59, 1.419999999999976836 ) ;
#1927 = ORIENTED_EDGE ( 'NONE', *, *, #2228, .T. ) ;
#1928 = EDGE_CURVE ( 'NONE', #2208, #494, #1298, .T. ) ;
#1929 = CARTESIAN_POINT ( 'NONE',  ( 1044.669040948425163, 1036.688488887152062, 980.6486763635596162 ) ) ;
#1930 = VECTOR ( 'NONE', #76, 1000.000000000000000 ) ;
#1931 = DIRECTION ( 'NONE',  ( 0.000000000000000000, -0.0001745329243167994800, -0.9999999847691289911 ) ) ;
#1932 = EDGE_CURVE ( 'NONE', #826, #2149, #1258, .T. ) ;
#1933 = ORIENTED_EDGE ( 'NONE', *, *, #597, .F. ) ;
#1934 = DIRECTION ( 'NONE',  ( 1.000000000000000000, 0.000000000000000000, 0.000000000000000000 ) ) ;
#1935 = LINE ( 'NONE', #1977, #17 ) ;
#1936 = VERTEX_POINT ( 'NONE', #1149 ) ;
#1937 = EDGE_CURVE ( 'NONE', #2566, #201, #1907, .T. ) ;
#1938 = CARTESIAN_POINT ( 'NONE',  ( 1010.779040948429156, 1037.888488887152334, 976.6486763635596162 ) ) ;
#1939 = CARTESIAN_POINT ( 'NONE',  ( 1083.669040948425391, 1039.188488887152062, 981.8986763635596162 ) ) ;
#1940 = DIRECTION ( 'NONE',  ( -1.000000000000000000, 0.000000000000000000, 0.000000000000000000 ) ) ;
#1941 = CIRCLE ( 'NONE', #1598, 1.250000000000084377 ) ;
#1942 = ORIENTED_EDGE ( 'NONE', *, *, #2461, .T. ) ;
#1943 = DIRECTION ( 'NONE',  ( -2.135044278125301589E-16, 0.000000000000000000, 1.000000000000000000 ) ) ;
#1944 = CARTESIAN_POINT ( 'NONE',  ( 1085.669040948425391, 930.1701454405800860, 1035.648676363559616 ) ) ;
#1945 = LINE ( 'NONE', #1748, #296 ) ;
#1946 =( GEOMETRIC_REPRESENTATION_CONTEXT ( 3 ) GLOBAL_UNCERTAINTY_ASSIGNED_CONTEXT ( ( #2658 ) ) GLOBAL_UNIT_ASSIGNED_CONTEXT ( ( #2423, #2437, #1801 ) ) REPRESENTATION_CONTEXT ( 'NONE', 'WORKASPACE' ) );
#1947 = VERTEX_POINT ( 'NONE', #345 ) ;
#1948 = VECTOR ( 'NONE', #1829, 1000.000000000000000 ) ;
#1949 = DIRECTION ( 'NONE',  ( -0.000000000000000000, -0.000000000000000000, 1.000000000000000000 ) ) ;
#1950 = PLANE ( 'NONE',  #81 ) ;
#1951 = DIRECTION ( 'NONE',  ( -2.168404344971008868E-16, 0.000000000000000000, 1.000000000000000000 ) ) ;
#1952 = AXIS2_PLACEMENT_3D ( 'NONE', #669, #476, #1300 ) ;
#1953 = AXIS2_PLACEMENT_3D ( 'NONE', #1189, #2015, #1823 ) ;
#1954 = EDGE_LOOP ( 'NONE', ( #1963, #430, #2601, #1712 ) ) ;
#1955 = PLANE ( 'NONE',  #1992 ) ;
#1956 = DIRECTION ( 'NONE',  ( 0.000000000000000000, -1.000000000000000000, 0.000000000000000000 ) ) ;
#1957 = DIRECTION ( 'NONE',  ( 0.000000000000000000, 0.000000000000000000, 1.000000000000000000 ) ) ;
#1958 = AXIS2_PLACEMENT_3D ( 'NONE', #153, #760, #1597 ) ;
#1959 = VERTEX_POINT ( 'NONE', #1755 ) ;
#1960 = DIRECTION ( 'NONE',  ( 0.000000000000000000, 1.000000000000000000, -0.000000000000000000 ) ) ;
#1961 = PRODUCT_RELATED_PRODUCT_CATEGORY ( 'part', '', ( #1193 ) ) ;
#1962 = DIRECTION ( 'NONE',  ( 1.000000000000000000, 0.000000000000000000, 0.000000000000000000 ) ) ;
#1963 = ORIENTED_EDGE ( 'NONE', *, *, #1457, .F. ) ;
#1964 = ADVANCED_FACE ( 'NONE', ( #903 ), #527, .F. ) ;
#1965 = CARTESIAN_POINT ( 'NONE',  ( 1026.169040948425163, 1039.488488887152016, 978.4486763635595707 ) ) ;
#1966 = DIRECTION ( 'NONE',  ( 0.000000000000000000, 0.000000000000000000, 1.000000000000000000 ) ) ;
#1967 = ORIENTED_EDGE ( 'NONE', *, *, #2659, .T. ) ;
#1968 = CARTESIAN_POINT ( 'NONE',  ( 1083.669040948425391, 1041.688488887152289, 980.6486763635596162 ) ) ;
#1969 = ORIENTED_EDGE ( 'NONE', *, *, #2107, .F. ) ;
#1970 = CARTESIAN_POINT ( 'NONE',  ( 1030.069040948425254, 1037.738488887152243, 976.6486763635596162 ) ) ;
#1971 = AXIS2_PLACEMENT_3D ( 'NONE', #937, #1772, #537 ) ;
#1972 = LINE ( 'NONE', #496, #948 ) ;
#1973 = EDGE_CURVE ( 'NONE', #2590, #1384, #2371, .T. ) ;
#1974 = DIRECTION ( 'NONE',  ( 0.000000000000000000, -1.000000000000000000, 0.000000000000000000 ) ) ;
#1975 = ORIENTED_EDGE ( 'NONE', *, *, #1928, .F. ) ;
#1976 = FACE_OUTER_BOUND ( 'NONE', #1577, .T. ) ;
#1977 = CARTESIAN_POINT ( 'NONE',  ( 1083.669040948425391, 1041.688488887152289, 979.3986763635595025 ) ) ;
#1978 = EDGE_LOOP ( 'NONE', ( #2020, #572, #2211, #1991 ) ) ;
#1979 = FACE_OUTER_BOUND ( 'NONE', #1590, .T. ) ;
#1980 = ORIENTED_EDGE ( 'NONE', *, *, #1932, .T. ) ;
#1981 = DIRECTION ( 'NONE',  ( -0.000000000000000000, -1.000000000000000000, 0.000000000000000000 ) ) ;
#1982 = VECTOR ( 'NONE', #2421, 1000.000000000000000 ) ;
#1983 = FACE_OUTER_BOUND ( 'NONE', #1337, .T. ) ;
#1984 = EDGE_CURVE ( 'NONE', #2590, #1327, #2249, .T. ) ;
#1985 = ORIENTED_EDGE ( 'NONE', *, *, #641, .T. ) ;
#1986 = CARTESIAN_POINT ( 'NONE',  ( 1030.069040948425254, 1040.688488887152062, 1042.648676363559616 ) ) ;
#1987 = FACE_OUTER_BOUND ( 'NONE', #2192, .T. ) ;
#1988 = CARTESIAN_POINT ( 'NONE',  ( 1025.419040948425163, 1039.488488887152016, 980.4486763635595707 ) ) ;
#1989 = PRODUCT_RELATED_PRODUCT_CATEGORY ( 'part', '', ( #1088 ) ) ;
#1990 = AXIS2_PLACEMENT_3D ( 'NONE', #1461, #4, #46 ) ;
#1991 = ORIENTED_EDGE ( 'NONE', *, *, #528, .T. ) ;
#1992 = AXIS2_PLACEMENT_3D ( 'NONE', #2570, #1098, #80 ) ;
#1993 = DIRECTION ( 'NONE',  ( -0.000000000000000000, 1.000000000000000000, -0.000000000000000000 ) ) ;
#1994 = CARTESIAN_POINT ( 'NONE',  ( 1026.919040948425163, 1039.488488887152016, 978.4486763635595707 ) ) ;
#1995 = AXIS2_PLACEMENT_3D ( 'NONE', #2538, #1016, #2232 ) ;
#1996 =( BOUNDED_CURVE ( )  B_SPLINE_CURVE ( 3, ( #1850, #2270, #1247, #844 ),
 .UNSPECIFIED., .F., .F. ) 
 B_SPLINE_CURVE_WITH_KNOTS ( ( 4, 4 ),
 ( 0.000000000000000000, 3.141592653589793116 ),
 .UNSPECIFIED. ) 
 CURVE ( )  GEOMETRIC_REPRESENTATION_ITEM ( )  RATIONAL_B_SPLINE_CURVE ( ( 1.000000000000000000, 0.3333333333333333703, 0.3333333333333333703, 1.000000000000000000 ) ) 
 REPRESENTATION_ITEM ( '' )  );
#1997 = AXIS2_PLACEMENT_3D ( 'NONE', #400, #2403, #555 ) ;
#1998 = ORIENTED_EDGE ( 'NONE', *, *, #515, .T. ) ;
#1999 = AXIS2_PLACEMENT_3D ( 'NONE', #393, #193, #1434 ) ;
#2000 = CARTESIAN_POINT ( 'NONE',  ( 1022.369040948424981, 1037.688488887152062, 977.6486763635596162 ) ) ;
#2001 = CIRCLE ( 'NONE', #973, 2.000000000000112799 ) ;
#2002 = DIRECTION ( 'NONE',  ( 0.000000000000000000, 0.9999999847691291022, -0.0001745329243167995071 ) ) ;
#2003 = ORIENTED_EDGE ( 'NONE', *, *, #2358, .T. ) ;
#2004 = SURFACE_STYLE_USAGE ( .BOTH. , #357 ) ;
#2005 = DIRECTION ( 'NONE',  ( 1.000000000000000000, 0.000000000000000000, 0.000000000000000000 ) ) ;
#2006 = ORIENTED_EDGE ( 'NONE', *, *, #773, .F. ) ;
#2007 = LINE ( 'NONE', #1222, #990 ) ;
#2008 = ADVANCED_FACE ( 'NONE', ( #701, #1538 ), #1549, .T. ) ;
#2009 = VERTEX_POINT ( 'NONE', #316 ) ;
#2010 = LINE ( 'NONE', #1840, #1645 ) ;
#2011 = DIRECTION ( 'NONE',  ( 0.000000000000000000, 0.000000000000000000, -1.000000000000000000 ) ) ;
#2012 = ORIENTED_EDGE ( 'NONE', *, *, #33, .T. ) ;
#2013 = LINE ( 'NONE', #1986, #1674 ) ;
#2014 = DIRECTION ( 'NONE',  ( 1.000000000000000000, 0.000000000000000000, 2.135044278125301096E-16 ) ) ;
#2015 = DIRECTION ( 'NONE',  ( 0.000000000000000000, -1.000000000000000000, 0.000000000000000000 ) ) ;
#2016 = VECTOR ( 'NONE', #2223, 1000.000000000000000 ) ;
#2017 = ORIENTED_EDGE ( 'NONE', *, *, #1326, .F. ) ;
#2018 = CARTESIAN_POINT ( 'NONE',  ( 1080.669040948425391, 1036.688488887152062, 978.6486763635596162 ) ) ;
#2019 = EDGE_CURVE ( 'NONE', #1242, #2032, #1781, .T. ) ;
#2020 = ORIENTED_EDGE ( 'NONE', *, *, #2515, .F. ) ;
#2021 = CARTESIAN_POINT ( 'NONE',  ( 1004.969040948425572, 1037.688488887152062, 978.6486763635596162 ) ) ;
#2022 = ORIENTED_EDGE ( 'NONE', *, *, #252, .T. ) ;
#2023 = CIRCLE ( 'NONE', #2496, 2.000000000000001776 ) ;
#2024 = EDGE_CURVE ( 'NONE', #581, #668, #1118, .T. ) ;
#2025 = LINE ( 'NONE', #406, #2466 ) ;
#2026 = VECTOR ( 'NONE', #1018, 1000.000000000000000 ) ;
#2027 = DIRECTION ( 'NONE',  ( 0.000000000000000000, 0.000000000000000000, -1.000000000000000000 ) ) ;
#2028 = VECTOR ( 'NONE', #589, 1000.000000000000000 ) ;
#2029 = EDGE_LOOP ( 'NONE', ( #2252, #2017, #1512, #1876 ) ) ;
#2030 = LINE ( 'NONE', #339, #2181 ) ;
#2031 = CARTESIAN_POINT ( 'NONE',  ( 1083.669040948425391, 1040.688488887152062, 1041.648676363559844 ) ) ;
#2032 = VERTEX_POINT ( 'NONE', #2364 ) ;
#2033 = DIRECTION ( 'NONE',  ( 0.000000000000000000, 0.000000000000000000, -1.000000000000000000 ) ) ;
#2034 = CIRCLE ( 'NONE', #1120, 0.7500000000000284217 ) ;
#2035 = VERTEX_POINT ( 'NONE', #680 ) ;
#2036 = CARTESIAN_POINT ( 'NONE',  ( 1009.359040948429197, 1039.308488887152180, 976.6486763635596162 ) ) ;
#2037 = AXIS2_PLACEMENT_3D ( 'NONE', #2572, #130, #116 ) ;
#2038 = VERTEX_POINT ( 'NONE', #1573 ) ;
#2039 = ADVANCED_FACE ( 'NONE', ( #1774 ), #2354, .T. ) ;
#2040 = VECTOR ( 'NONE', #991, 1000.000000000000000 ) ;
#2041 = VERTEX_POINT ( 'NONE', #286 ) ;
#2042 = CARTESIAN_POINT ( 'NONE',  ( 1001.669040948425504, 1046.345343136644715, 1036.648676363559616 ) ) ;
#2043 = CARTESIAN_POINT ( 'NONE',  ( 1037.269040948425300, 1041.238488887152243, 976.6486513635595657 ) ) ;
#2044 = DIRECTION ( 'NONE',  ( 0.000000000000000000, 1.000000000000000000, 0.000000000000000000 ) ) ;
#2045 = UNCERTAINTY_MEASURE_WITH_UNIT (LENGTH_MEASURE( 1.000000000000000082E-05 ), #381, 'distance_accuracy_value', 'NONE');
#2046 = ADVANCED_FACE ( 'NONE', ( #1325 ), #1762, .F. ) ;
#2047 = ORIENTED_EDGE ( 'NONE', *, *, #2536, .T. ) ;
#2048 = CARTESIAN_POINT ( 'NONE',  ( 1001.669040948425504, 1046.345343136644715, 982.6486763635597299 ) ) ;
#2049 = CARTESIAN_POINT ( 'NONE',  ( 1080.669040948425391, 1036.693767231366110, 1036.891317050679163 ) ) ;
#2050 = VERTEX_POINT ( 'NONE', #696 ) ;
#2051 = CARTESIAN_POINT ( 'NONE',  ( 998.6690409484253905, 1040.688488887152062, 977.6486763635597299 ) ) ;
#2052 = DIRECTION ( 'NONE',  ( 0.000000000000000000, -1.000000000000000000, 0.000000000000000000 ) ) ;
#2053 = EDGE_CURVE ( 'NONE', #1635, #1054, #126, .T. ) ;
#2054 = CARTESIAN_POINT ( 'NONE',  ( 1001.669040948425504, 1036.188488887152289, 982.6486763635597299 ) ) ;
#2055 = ORIENTED_EDGE ( 'NONE', *, *, #2515, .T. ) ;
#2056 = VECTOR ( 'NONE', #873, 1000.000000000000000 ) ;
#2057 = EDGE_CURVE ( 'NONE', #950, #1817, #2593, .T. ) ;
#2058 = ORIENTED_EDGE ( 'NONE', *, *, #1793, .T. ) ;
#2059 = DIRECTION ( 'NONE',  ( 0.000000000000000000, 0.000000000000000000, -1.000000000000000000 ) ) ;
#2060 = CARTESIAN_POINT ( 'NONE',  ( 1085.669040948425391, 1036.688488887152062, 983.6486763635596162 ) ) ;
#2061 = VERTEX_POINT ( 'NONE', #939 ) ;
#2062 = PLANE ( 'NONE',  #463 ) ;
#2063 = AXIS2_PLACEMENT_3D ( 'NONE', #68, #1672, #633 ) ;
#2064 = VERTEX_POINT ( 'NONE', #1988 ) ;
#2065 = DIRECTION ( 'NONE',  ( -2.135044278125300850E-16, 0.000000000000000000, 1.000000000000000000 ) ) ;
#2066 = CARTESIAN_POINT ( 'NONE',  ( 1001.669040948425504, 1041.688488887152289, 1038.648676363559616 ) ) ;
#2067 = CARTESIAN_POINT ( 'NONE',  ( 1087.669040948425391, 1041.688488887152289, 976.6486763635596162 ) ) ;
#2068 = ORIENTED_EDGE ( 'NONE', *, *, #489, .T. ) ;
#2069 = CIRCLE ( 'NONE', #895, 2.000000000000112799 ) ;
#2070 = VERTEX_POINT ( 'NONE', #1350 ) ;
#2071 = DIRECTION ( 'NONE',  ( -1.000000000000000000, 0.000000000000000000, -0.000000000000000000 ) ) ;
#2072 = EDGE_CURVE ( 'NONE', #1752, #1613, #2391, .T. ) ;
#2073 = VECTOR ( 'NONE', #809, 1000.000000000000000 ) ;
#2074 = ORIENTED_EDGE ( 'NONE', *, *, #1094, .T. ) ;
#2075 = EDGE_CURVE ( 'NONE', #233, #305, #326, .T. ) ;
#2076 = FACE_BOUND ( 'NONE', #1910, .T. ) ;
#2077 = EDGE_CURVE ( 'NONE', #178, #2573, #61, .T. ) ;
#2078 = ORIENTED_EDGE ( 'NONE', *, *, #1448, .T. ) ;
#2079 = DIRECTION ( 'NONE',  ( -0.000000000000000000, -1.000000000000000000, 0.000000000000000000 ) ) ;
#2080 = DIRECTION ( 'NONE',  ( 0.000000000000000000, 1.000000000000000000, 0.000000000000000000 ) ) ;
#2081 = DIRECTION ( 'NONE',  ( 0.000000000000000000, 0.000000000000000000, -1.000000000000000000 ) ) ;
#2082 = VERTEX_POINT ( 'NONE', #2142 ) ;
#2083 = AXIS2_PLACEMENT_3D ( 'NONE', #1342, #942, #514 ) ;
#2084 = CARTESIAN_POINT ( 'NONE',  ( 1004.669040948425391, 1040.688488887152062, 980.6486763635596162 ) ) ;
#2085 = VECTOR ( 'NONE', #822, 1000.000000000000000 ) ;
#2086 = AXIS2_PLACEMENT_3D ( 'NONE', #519, #2002, #1747 ) ;
#2087 = CARTESIAN_POINT ( 'NONE',  ( 1085.669040948425391, 930.1701454405800860, 1035.648676363559616 ) ) ;
#2088 = APPLICATION_CONTEXT ( 'automotive_design' ) ;
#2089 = ORIENTED_EDGE ( 'NONE', *, *, #1973, .T. ) ;
#2090 = DIRECTION ( 'NONE',  ( 1.000000000000000000, 0.000000000000000000, 2.135044278125301096E-16 ) ) ;
#2091 = ORIENTED_EDGE ( 'NONE', *, *, #2322, .F. ) ;
#2092 = ADVANCED_FACE ( 'NONE', ( #1313 ), #1144, .F. ) ;
#2093 = CARTESIAN_POINT ( 'NONE',  ( 1001.669040948425504, 1041.688488887152289, 1041.648676363559844 ) ) ;
#2094 = DIRECTION ( 'NONE',  ( 1.000000000000000000, 0.000000000000000000, 7.656710514656246399E-15 ) ) ;
#2095 = CARTESIAN_POINT ( 'NONE',  ( 1004.669040948425391, 1036.688488887152062, 978.6486763635596162 ) ) ;
#2096 = ORIENTED_EDGE ( 'NONE', *, *, #2273, .F. ) ;
#2097 = DIRECTION ( 'NONE',  ( 0.000000000000000000, -1.000000000000000000, 0.000000000000000000 ) ) ;
#2098 = CARTESIAN_POINT ( 'NONE',  ( 998.6690409484253905, 1040.688488887152062, 980.6486763635596162 ) ) ;
#2099 = DIRECTION ( 'NONE',  ( 0.000000000000000000, 0.000000000000000000, 1.000000000000000000 ) ) ;
#2100 = ORIENTED_EDGE ( 'NONE', *, *, #207, .F. ) ;
#2101 = DIRECTION ( 'NONE',  ( -1.000000000000000000, 0.000000000000000000, 0.000000000000000000 ) ) ;
#2102 = ORIENTED_EDGE ( 'NONE', *, *, #2362, .T. ) ;
#2103 = VECTOR ( 'NONE', #1517, 1000.000000000000000 ) ;
#2104 = DIRECTION ( 'NONE',  ( -0.000000000000000000, -1.000000000000000000, -0.000000000000000000 ) ) ;
#2105 = CARTESIAN_POINT ( 'NONE',  ( 1037.269040948425300, 1037.738488887152243, 980.4486763635595707 ) ) ;
#2107 = EDGE_CURVE ( 'NONE', #2134, #408, #1935, .T. ) ;
#2106 = VECTOR ( 'NONE', #2141, 1000.000000000000000 ) ;
#2108 = EDGE_CURVE ( 'NONE', #776, #869, #1170, .T. ) ;
#2109 = ORIENTED_EDGE ( 'NONE', *, *, #1628, .T. ) ;
#2110 = DIRECTION ( 'NONE',  ( 0.000000000000000000, 0.000000000000000000, -1.000000000000000000 ) ) ;
#2111 = DIRECTION ( 'NONE',  ( -0.000000000000000000, 0.000000000000000000, 1.000000000000000000 ) ) ;
#2112 = EDGE_LOOP ( 'NONE', ( #1150, #1199, #300, #338 ) ) ;
#2113 = FACE_BOUND ( 'NONE', #1268, .T. ) ;
#2114 = CIRCLE ( 'NONE', #177, 1.249999999999973355 ) ;
#2115 = ORIENTED_EDGE ( 'NONE', *, *, #1123, .F. ) ;
#2116 = CARTESIAN_POINT ( 'NONE',  ( 1004.669040948425391, 1036.694423014284666, 1040.648676363559616 ) ) ;
#2117 = CARTESIAN_POINT ( 'NONE',  ( 1022.369040948425209, 1036.488488887152243, 1006.648676363559616 ) ) ;
#2118 = EDGE_LOOP ( 'NONE', ( #2447, #2263 ) ) ;
#2119 = ORIENTED_EDGE ( 'NONE', *, *, #580, .F. ) ;
#2120 = APPLICATION_CONTEXT ( 'automotive_design' ) ;
#2121 = ADVANCED_FACE ( 'NONE', ( #488 ), #89, .T. ) ;
#2122 =( GEOMETRIC_REPRESENTATION_CONTEXT ( 3 ) GLOBAL_UNCERTAINTY_ASSIGNED_CONTEXT ( ( #1010 ) ) GLOBAL_UNIT_ASSIGNED_CONTEXT ( ( #2482, #431, #407 ) ) REPRESENTATION_CONTEXT ( 'NONE', 'WORKASPACE' ) );
#2123 = DIRECTION ( 'NONE',  ( -0.000000000000000000, 0.000000000000000000, -1.000000000000000000 ) ) ;
#2124 = EDGE_CURVE ( 'NONE', #1067, #21, #20, .T. ) ;
#2125 = DIRECTION ( 'NONE',  ( 2.135044278125301589E-16, 0.000000000000000000, -1.000000000000000000 ) ) ;
#2126 = AXIS2_PLACEMENT_3D ( 'NONE', #1649, #2219, #1001 ) ;
#2127 = AXIS2_PLACEMENT_3D ( 'NONE', #1169, #2170, #2589 ) ;
#2128 = EDGE_LOOP ( 'NONE', ( #1419, #1296, #1030, #615 ) ) ;
#2129 = DIRECTION ( 'NONE',  ( -0.000000000000000000, 1.000000000000000000, -0.000000000000000000 ) ) ;
#2130 = DIRECTION ( 'NONE',  ( 0.000000000000000000, -0.000000000000000000, 1.000000000000000000 ) ) ;
#2131 = VERTEX_POINT ( 'NONE', #579 ) ;
#2132 = DIRECTION ( 'NONE',  ( 1.119176436114069085E-16, 0.000000000000000000, -1.000000000000000000 ) ) ;
#2133 = CARTESIAN_POINT ( 'NONE',  ( 1079.669040948425163, 1036.193724874961390, 1036.648676363559616 ) ) ;
#2134 = VERTEX_POINT ( 'NONE', #1836 ) ;
#2135 = DIRECTION ( 'NONE',  ( 0.000000000000000000, -1.000000000000000000, 0.000000000000000000 ) ) ;
#2136 = DIRECTION ( 'NONE',  ( -0.000000000000000000, 1.000000000000000000, -0.000000000000000000 ) ) ;
#2137 = CARTESIAN_POINT ( 'NONE',  ( 1004.669040948425391, 1036.688488887152062, 978.6486763635596162 ) ) ;
#2138 = ADVANCED_FACE ( 'NONE', ( #2199 ), #2657, .F. ) ;
#2139 = EDGE_CURVE ( 'NONE', #1194, #1837, #198, .T. ) ;
#2140 = EDGE_LOOP ( 'NONE', ( #79, #2578, #1109, #898, #2660, #1334, #127, #52, #2522, #1942, #451 ) ) ;
#2141 = DIRECTION ( 'NONE',  ( -0.000000000000000000, -0.000000000000000000, 1.000000000000000000 ) ) ;
#2142 = CARTESIAN_POINT ( 'NONE',  ( 1004.969040948422844, 1036.688488889089513, 1006.648665646242989 ) ) ;
#2143 = ORIENTED_EDGE ( 'NONE', *, *, #458, .T. ) ;
#2144 = DIRECTION ( 'NONE',  ( -1.000000000000000000, 0.000000000000000000, 0.000000000000000000 ) ) ;
#2145 = ORIENTED_EDGE ( 'NONE', *, *, #1855, .F. ) ;
#2146 = DIRECTION ( 'NONE',  ( -0.000000000000000000, -1.000000000000000000, -0.000000000000000000 ) ) ;
#2147 = VECTOR ( 'NONE', #876, 1000.000000000000000 ) ;
#2148 = DIRECTION ( 'NONE',  ( -1.000000000000000000, 0.000000000000000000, -2.891205793294676354E-16 ) ) ;
#2149 = VERTEX_POINT ( 'NONE', #168 ) ;
#2150 = CARTESIAN_POINT ( 'NONE',  ( 1004.669040948425391, 930.1701454405800860, 980.6486763635596162 ) ) ;
#2151 = DIRECTION ( 'NONE',  ( 1.000000000000000000, -0.000000000000000000, -0.000000000000000000 ) ) ;
#2152 = ORIENTED_EDGE ( 'NONE', *, *, #740, .F. ) ;
#2153 = PLANE ( 'NONE',  #603 ) ;
#2154 = CARTESIAN_POINT ( 'NONE',  ( 1080.669040948425391, 930.1701454405800860, 1038.648676363559616 ) ) ;
#2155 = VERTEX_POINT ( 'NONE', #764 ) ;
#2156 = CARTESIAN_POINT ( 'NONE',  ( 1022.669040948425391, 1040.688488887152289, 980.4486763635595707 ) ) ;
#2157 = DIRECTION ( 'NONE',  ( 0.000000000000000000, 0.000000000000000000, -1.000000000000000000 ) ) ;
#2158 = AXIS2_PLACEMENT_3D ( 'NONE', #2344, #1764, #491 ) ;
#2159 = ORIENTED_EDGE ( 'NONE', *, *, #806, .F. ) ;
#2160 = VECTOR ( 'NONE', #1751, 1000.000000000000000 ) ;
#2161 = DIRECTION ( 'NONE',  ( 0.000000000000000000, 0.000000000000000000, -1.000000000000000000 ) ) ;
#2162 = CARTESIAN_POINT ( 'NONE',  ( 997.6690409484253905, 1041.688488887152289, 976.6486763635596162 ) ) ;
#2163 = EDGE_CURVE ( 'NONE', #1508, #1232, #1627, .T. ) ;
#2164 = AXIS2_PLACEMENT_3D ( 'NONE', #1846, #1422, #2441 ) ;
#2165 = ORIENTED_EDGE ( 'NONE', *, *, #1078, .T. ) ;
#2166 = CARTESIAN_POINT ( 'NONE',  ( 1004.669040948425391, 1036.693767231366110, 1036.891317050679163 ) ) ;
#2167 = EDGE_CURVE ( 'NONE', #1019, #1667, #1345, .T. ) ;
#2168 = ORIENTED_EDGE ( 'NONE', *, *, #424, .F. ) ;
#2169 = DIRECTION ( 'NONE',  ( 1.000000000000000000, 0.000000000000000000, 0.000000000000000000 ) ) ;
#2170 = DIRECTION ( 'NONE',  ( -0.000000000000000000, -1.000000000000000000, -0.000000000000000000 ) ) ;
#2171 = CARTESIAN_POINT ( 'NONE',  ( 1083.669040948425391, 1036.188488887152289, 980.6486763635596162 ) ) ;
#2172 = VERTEX_POINT ( 'NONE', #2225 ) ;
#2173 = DIRECTION ( 'NONE',  ( 0.000000000000000000, 1.000000000000000000, 0.000000000000000000 ) ) ;
#2174 = FACE_OUTER_BOUND ( 'NONE', #2402, .T. ) ;
#2175 = DIRECTION ( 'NONE',  ( 0.000000000000000000, 0.000000000000000000, -1.000000000000000000 ) ) ;
#2176 = VERTEX_POINT ( 'NONE', #1008 ) ;
#2177 = DIRECTION ( 'NONE',  ( -7.656710514656246399E-15, 0.000000000000000000, 1.000000000000000000 ) ) ;
#2178 = ORIENTED_EDGE ( 'NONE', *, *, #1530, .F. ) ;
#2179 = DIRECTION ( 'NONE',  ( -2.135044278125301589E-16, 0.000000000000000000, 1.000000000000000000 ) ) ;
#2180 = EDGE_CURVE ( 'NONE', #893, #2286, #1640, .T. ) ;
#2181 = VECTOR ( 'NONE', #790, 1000.000000000000000 ) ;
#2182 = FACE_BOUND ( 'NONE', #1913, .T. ) ;
#2183 = EDGE_LOOP ( 'NONE', ( #2068, #2165, #1574, #1441 ) ) ;
#2184 = DIRECTION ( 'NONE',  ( -1.000000000000000000, 0.000000000000000000, -5.551115123125777653E-14 ) ) ;
#2185 = DIRECTION ( 'NONE',  ( -1.000000000000000000, 0.000000000000000000, 0.000000000000000000 ) ) ;
#2186 = DIRECTION ( 'NONE',  ( 0.000000000000000000, 0.000000000000000000, -1.000000000000000000 ) ) ;
#2187 = ORIENTED_EDGE ( 'NONE', *, *, #1741, .T. ) ;
#2188 = DIRECTION ( 'NONE',  ( 0.000000000000000000, 0.000000000000000000, -1.000000000000000000 ) ) ;
#2189 = DIRECTION ( 'NONE',  ( 0.000000000000000000, 0.000000000000000000, -1.000000000000000000 ) ) ;
#2190 = ORIENTED_EDGE ( 'NONE', *, *, #2075, .F. ) ;
#2191 = CARTESIAN_POINT ( 'NONE',  ( 1080.669040948425391, 1040.688488887152062, 1038.648676363559616 ) ) ;
#2192 = EDGE_LOOP ( 'NONE', ( #2190, #394, #1998, #588 ) ) ;
#2193 = DIRECTION ( 'NONE',  ( -0.000000000000000000, 1.000000000000000000, -0.000000000000000000 ) ) ;
#2194 = EDGE_CURVE ( 'NONE', #1232, #564, #1407, .T. ) ;
#2195 = EDGE_CURVE ( 'NONE', #1947, #642, #359, .T. ) ;
#2196 = ORIENTED_EDGE ( 'NONE', *, *, #1234, .F. ) ;
#2197 = DIRECTION ( 'NONE',  ( 0.000000000000000000, 1.000000000000000000, 0.000000000000000000 ) ) ;
#2198 = CARTESIAN_POINT ( 'NONE',  ( 1037.269040948425300, 1040.688488887152289, 980.4486763635595707 ) ) ;
#2199 = FACE_OUTER_BOUND ( 'NONE', #14, .T. ) ;
#2200 = VECTOR ( 'NONE', #240, 1000.000000000000000 ) ;
#2201 = ORIENTED_EDGE ( 'NONE', *, *, #109, .F. ) ;
#2202 = CARTESIAN_POINT ( 'NONE',  ( 1083.669040948425391, 1041.688488887152289, 1038.648676363559616 ) ) ;
#2203 = ADVANCED_FACE ( 'NONE', ( #156 ), #396, .T. ) ;
#2204 = VECTOR ( 'NONE', #211, 1000.000000000000000 ) ;
#2205 = VERTEX_POINT ( 'NONE', #2241 ) ;
#2206 = CIRCLE ( 'NONE', #1390, 1.249999999999973355 ) ;
#2207 = CARTESIAN_POINT ( 'NONE',  ( 999.6690409484253905, 1036.688488887152062, 1006.648676572820591 ) ) ;
#2208 = VERTEX_POINT ( 'NONE', #803 ) ;
#2209 = CARTESIAN_POINT ( 'NONE',  ( 1044.669040948425163, 1040.688488887152062, 978.6486763635596162 ) ) ;
#2210 = CARTESIAN_POINT ( 'NONE',  ( 1001.669040948425504, 1036.688488887152062, 983.6486763635595025 ) ) ;
#2211 = ORIENTED_EDGE ( 'NONE', *, *, #323, .T. ) ;
#2212 = LINE ( 'NONE', #369, #379 ) ;
#2213 = DIRECTION ( 'NONE',  ( 1.000000000000000000, 0.000000000000000000, 0.000000000000000000 ) ) ;
#2214 = ADVANCED_FACE ( 'NONE', ( #410 ), #967, .F. ) ;
#2215 = ORIENTED_EDGE ( 'NONE', *, *, #1527, .F. ) ;
#2216 = CARTESIAN_POINT ( 'NONE',  ( 1085.669040948425391, 1036.693550349649968, 1035.648676363559616 ) ) ;
#2217 = EDGE_LOOP ( 'NONE', ( #2428, #2422, #618, #1924 ) ) ;
#2218 = LINE ( 'NONE', #2207, #1427 ) ;
#2219 = DIRECTION ( 'NONE',  ( 0.000000000000000000, 1.000000000000000000, -0.000000000000000000 ) ) ;
#2220 = DIRECTION ( 'NONE',  ( -1.000000000000000000, 0.000000000000000000, 7.656710514656246399E-15 ) ) ;
#2221 = ORIENTED_EDGE ( 'NONE', *, *, #1928, .T. ) ;
#2222 = PRODUCT_DEFINITION_SHAPE ( 'NONE', 'NONE',  #123 ) ;
#2223 = DIRECTION ( 'NONE',  ( 0.000000000000000000, 1.000000000000000000, 0.000000000000000000 ) ) ;
#2224 = CARTESIAN_POINT ( 'NONE',  ( 1001.435707615089086, 1036.688488894836155, 1006.648676757667886 ) ) ;
#2225 = CARTESIAN_POINT ( 'NONE',  ( 1030.069040948425254, 1041.238488887152243, 977.6486763635597299 ) ) ;
#2226 = ORIENTED_EDGE ( 'NONE', *, *, #1062, .T. ) ;
#2227 = DIRECTION ( 'NONE',  ( 2.135044278125300850E-16, -0.000000000000000000, -1.000000000000000000 ) ) ;
#2228 = EDGE_CURVE ( 'NONE', #461, #2618, #1807, .T. ) ;
#2229 = ORIENTED_EDGE ( 'NONE', *, *, #1860, .F. ) ;
#2230 = EDGE_CURVE ( 'NONE', #1283, #438, #2419, .T. ) ;
#2231 = LINE ( 'NONE', #1224, #935 ) ;
#2232 = DIRECTION ( 'NONE',  ( 0.000000000000000000, -0.000000000000000000, -1.000000000000000000 ) ) ;
#2233 = ORIENTED_EDGE ( 'NONE', *, *, #2124, .F. ) ;
#2234 = EDGE_CURVE ( 'NONE', #2155, #449, #1038, .T. ) ;
#2235 = FACE_OUTER_BOUND ( 'NONE', #2397, .T. ) ;
#2236 = DIRECTION ( 'NONE',  ( 1.000000000000000000, 0.000000000000000000, 0.000000000000000000 ) ) ;
#2237 = ADVANCED_FACE ( 'NONE', ( #2631 ), #781, .F. ) ;
#2238 = VECTOR ( 'NONE', #2065, 1000.000000000000000 ) ;
#2239 = EDGE_LOOP ( 'NONE', ( #1571, #2643, #1927, #798, #795, #2462 ) ) ;
#2240 = CARTESIAN_POINT ( 'NONE',  ( 1042.669040948425391, 1039.188488887152062, 1042.648676363559616 ) ) ;
#2241 = CARTESIAN_POINT ( 'NONE',  ( 1001.669040948425504, 1036.193724874961390, 1036.648676363559616 ) ) ;
#2242 = EDGE_LOOP ( 'NONE', ( #1760, #322, #631, #928 ) ) ;
#2243 = CYLINDRICAL_SURFACE ( 'NONE', #1997, 0.7500000000000284217 ) ;
#2244 = CARTESIAN_POINT ( 'NONE',  ( 1081.911681635544710, 1036.693550349649740, 1035.648676363559616 ) ) ;
#2245 = AXIS2_PLACEMENT_3D ( 'NONE', #1925, #2369, #1110 ) ;
#2246 = ORIENTED_EDGE ( 'NONE', *, *, #1848, .T. ) ;
#2247 = DIRECTION ( 'NONE',  ( 0.000000000000000000, 0.000000000000000000, -1.000000000000000000 ) ) ;
#2248 = DIRECTION ( 'NONE',  ( 0.000000000000000000, -1.000000000000000000, 0.000000000000000000 ) ) ;
#2249 = CIRCLE ( 'NONE', #2548, 0.7500000000000284217 ) ;
#2250 = ADVANCED_FACE ( 'NONE', ( #1691 ), #423, .F. ) ;
#2251 = AXIS2_PLACEMENT_3D ( 'NONE', #1769, #2604, #1730 ) ;
#2252 = ORIENTED_EDGE ( 'NONE', *, *, #1510, .F. ) ;
#2253 = DIRECTION ( 'NONE',  ( 0.000000000000000000, 0.000000000000000000, 1.000000000000000000 ) ) ;
#2254 = ORIENTED_EDGE ( 'NONE', *, *, #2279, .T. ) ;
#2255 = LINE ( 'NONE', #829, #347 ) ;
#2256 = DIRECTION ( 'NONE',  ( -2.135044278125301096E-16, 0.000000000000000000, -1.000000000000000000 ) ) ;
#2257 = PRODUCT_DEFINITION_CONTEXT ( 'detailed design', #1377, 'design' ) ;
#2258 = VERTEX_POINT ( 'NONE', #2375 ) ;
#2259 = CARTESIAN_POINT ( 'NONE',  ( 1026.169040948425163, 1039.488488887152016, 978.4486763635595707 ) ) ;
#2260 = ORIENTED_EDGE ( 'NONE', *, *, #757, .T. ) ;
#2261 = CARTESIAN_POINT ( 'NONE',  ( 1085.669040948425391, 1036.693547104761365, 1035.630084522475954 ) ) ;
#2262 = LINE ( 'NONE', #1226, #897 ) ;
#2263 = ORIENTED_EDGE ( 'NONE', *, *, #122, .F. ) ;
#2264 = ADVANCED_FACE ( 'NONE', ( #294 ), #1132, .F. ) ;
#2265 = DIRECTION ( 'NONE',  ( 1.000000000000000000, 0.000000000000000000, 0.000000000000000000 ) ) ;
#2266 = AXIS2_PLACEMENT_3D ( 'NONE', #1284, #619, #450 ) ;
#2267 = EDGE_LOOP ( 'NONE', ( #2006, #1399, #2359, #2535 ) ) ;
#2268 = PLANE ( 'NONE',  #852 ) ;
#2269 = ORIENTED_EDGE ( 'NONE', *, *, #773, .T. ) ;
#2270 = CARTESIAN_POINT ( 'NONE',  ( 997.6690409484252768, 1036.193724874961390, 1036.648676363559616 ) ) ;
#2271 = VECTOR ( 'NONE', #1297, 1000.000000000000000 ) ;
#2272 = AXIS2_PLACEMENT_3D ( 'NONE', #1370, #492, #290 ) ;
#2273 = EDGE_CURVE ( 'NONE', #727, #1676, #692, .T. ) ;
#2274 = VERTEX_POINT ( 'NONE', #731 ) ;
#2275 = DIRECTION ( 'NONE',  ( 1.000000000000000000, -0.000000000000000000, -0.000000000000000000 ) ) ;
#2276 = DIRECTION ( 'NONE',  ( -0.000000000000000000, -1.000000000000000000, 0.000000000000000000 ) ) ;
#2277 = ORIENTED_EDGE ( 'NONE', *, *, #889, .T. ) ;
#2278 = CARTESIAN_POINT ( 'NONE',  ( 1001.669040948425504, 1039.188488887152062, 1038.648676363559616 ) ) ;
#2279 = EDGE_CURVE ( 'NONE', #384, #1853, #717, .T. ) ;
#2280 = LINE ( 'NONE', #395, #342 ) ;
#2281 = FACE_OUTER_BOUND ( 'NONE', #810, .T. ) ;
#2282 = EDGE_CURVE ( 'NONE', #1616, #1162, #704, .T. ) ;
#2283 =( GEOMETRIC_REPRESENTATION_CONTEXT ( 3 ) GLOBAL_UNCERTAINTY_ASSIGNED_CONTEXT ( ( #2045 ) ) GLOBAL_UNIT_ASSIGNED_CONTEXT ( ( #381, #1187, #1821 ) ) REPRESENTATION_CONTEXT ( 'NONE', 'WORKASPACE' ) );
#2284 = ADVANCED_FACE ( 'NONE', ( #335 ), #97, .F. ) ;
#2285 = AXIS2_PLACEMENT_3D ( 'NONE', #1567, #1346, #2169 ) ;
#2286 = VERTEX_POINT ( 'NONE', #110 ) ;
#2287 = CARTESIAN_POINT ( 'NONE',  ( 1083.669040948425391, 1040.688488887152062, 983.6486763635595025 ) ) ;
#2288 = ORIENTED_EDGE ( 'NONE', *, *, #1462, .F. ) ;
#2289 = CARTESIAN_POINT ( 'NONE',  ( 1016.893704959043134, 1040.688488887152062, 987.7244683400209624 ) ) ;
#2290 = EDGE_CURVE ( 'NONE', #292, #2513, #309, .T. ) ;
#2291 = CARTESIAN_POINT ( 'NONE',  ( 1004.669040948425391, 1040.688488887152062, 1038.648676363559616 ) ) ;
#2292 = VECTOR ( 'NONE', #2227, 1000.000000000000000 ) ;
#2293 = ORIENTED_EDGE ( 'NONE', *, *, #1180, .T. ) ;
#2294 = AXIS2_PLACEMENT_3D ( 'NONE', #1534, #1336, #1966 ) ;
#2295 = CARTESIAN_POINT ( 'NONE',  ( 1030.069040948425254, 0.000000000000000000, 980.4486763635595707 ) ) ;
#2296 = AXIS2_PLACEMENT_3D ( 'NONE', #1236, #248, #1031 ) ;
#2297 = CARTESIAN_POINT ( 'NONE',  ( 0.000000000000000000, 0.000000000000000000, 0.000000000000000000 ) ) ;
#2298 = VECTOR ( 'NONE', #1842, 1000.000000000000000 ) ;
#2299 = AXIS2_PLACEMENT_3D ( 'NONE', #1575, #2393, #148 ) ;
#2300 = CARTESIAN_POINT ( 'NONE',  ( 1043.469040948421934, 1036.688488895603768, 1006.648681155636950 ) ) ;
#2301 = ORIENTED_EDGE ( 'NONE', *, *, #1106, .T. ) ;
#2302 = DIRECTION ( 'NONE',  ( -0.000000000000000000, 0.000000000000000000, 1.000000000000000000 ) ) ;
#2303 = ADVANCED_FACE ( 'NONE', ( #1983 ), #137, .F. ) ;
#2304 = ORIENTED_EDGE ( 'NONE', *, *, #1044, .T. ) ;
#2305 = PLANE ( 'NONE',  #2296 ) ;
#2306 = DIRECTION ( 'NONE',  ( -1.000000000000000000, 0.000000000000000000, 0.000000000000000000 ) ) ;
#2307 = DIRECTION ( 'NONE',  ( -2.168404344971008868E-16, 0.000000000000000000, 1.000000000000000000 ) ) ;
#2308 = VERTEX_POINT ( 'NONE', #2563 ) ;
#2309 = LINE ( 'NONE', #234, #1743 ) ;
#2310 = PLANE ( 'NONE',  #1202 ) ;
#2311 = VERTEX_POINT ( 'NONE', #743 ) ;
#2312 = LINE ( 'NONE', #200, #2483 ) ;
#2313 = ORIENTED_EDGE ( 'NONE', *, *, #1401, .F. ) ;
#2314 = CARTESIAN_POINT ( 'NONE',  ( 1030.069040948425254, 1041.688488887152289, 976.6486763635596162 ) ) ;
#2315 = DIRECTION ( 'NONE',  ( -0.000000000000000000, 0.000000000000000000, 1.000000000000000000 ) ) ;
#2316 = EDGE_CURVE ( 'NONE', #2392, #1837, #1580, .T. ) ;
#2317 = PRODUCT_DEFINITION ( 'UNKNOWN', '', #771, #2257 ) ;
#2318 = ORIENTED_EDGE ( 'NONE', *, *, #1025, .F. ) ;
#2319 = DIRECTION ( 'NONE',  ( 0.000000000000000000, -1.000000000000000000, 0.000000000000000000 ) ) ;
#2320 = DIRECTION ( 'NONE',  ( -0.000000000000000000, -1.000000000000000000, -0.000000000000000000 ) ) ;
#2321 = FACE_OUTER_BOUND ( 'NONE', #2112, .T. ) ;
#2322 = EDGE_CURVE ( 'NONE', #1162, #888, #1609, .T. ) ;
#2323 = CARTESIAN_POINT ( 'NONE',  ( 1083.669040948425391, 1040.688488887152062, 980.6486763635596162 ) ) ;
#2324 = VERTEX_POINT ( 'NONE', #2575 ) ;
#2325 = CARTESIAN_POINT ( 'NONE',  ( 1001.669040948425504, 1039.188488887152062, 982.6486763635597299 ) ) ;
#2326 = EDGE_LOOP ( 'NONE', ( #251, #650, #1933, #2508, #1291 ) ) ;
#2327 = DIRECTION ( 'NONE',  ( -0.000000000000000000, -1.000000000000000000, -0.000000000000000000 ) ) ;
#2328 = ADVANCED_FACE ( 'NONE', ( #2182, #351, #1553 ), #911, .F. ) ;
#2329 = DIRECTION ( 'NONE',  ( -0.000000000000000000, 1.000000000000000000, -0.000000000000000000 ) ) ;
#2330 = VECTOR ( 'NONE', #2484, 1000.000000000000000 ) ;
#2331 = EDGE_LOOP ( 'NONE', ( #1683, #1079, #746, #1843, #442, #204 ) ) ;
#2332 = ORIENTED_EDGE ( 'NONE', *, *, #2467, .F. ) ;
#2333 = EDGE_CURVE ( 'NONE', #21, #2035, #1347, .T. ) ;
#2334 = CIRCLE ( 'NONE', #2126, 2.999999999999891642 ) ;
#2335 = CIRCLE ( 'NONE', #1165, 1.419999999999976836 ) ;
#2336 = DIRECTION ( 'NONE',  ( 0.000000000000000000, 0.000000000000000000, -1.000000000000000000 ) ) ;
#2337 = DIRECTION ( 'NONE',  ( 0.000000000000000000, 0.000000000000000000, -1.000000000000000000 ) ) ;
#2338 = CIRCLE ( 'NONE', #1215, 2.000000000000112799 ) ;
#2339 = VECTOR ( 'NONE', #1892, 1000.000000000000000 ) ;
#2340 = ORIENTED_EDGE ( 'NONE', *, *, #448, .F. ) ;
#2341 = CARTESIAN_POINT ( 'NONE',  ( 1001.669040948425504, 1036.194423006669240, 1040.648676363559616 ) ) ;
#2342 = DIRECTION ( 'NONE',  ( 0.000000000000000000, 0.000000000000000000, -1.000000000000000000 ) ) ;
#2343 = ORIENTED_EDGE ( 'NONE', *, *, #889, .F. ) ;
#2344 = CARTESIAN_POINT ( 'NONE',  ( 1083.669040948425391, 1040.688488887152062, 980.6486763635596162 ) ) ;
#2345 = CARTESIAN_POINT ( 'NONE',  ( 1004.969040948425572, 1037.688488887152062, 977.6486763635596162 ) ) ;
#2346 = LINE ( 'NONE', #647, #2415 ) ;
#2347 = ORIENTED_EDGE ( 'NONE', *, *, #1984, .T. ) ;
#2348 = LINE ( 'NONE', #517, #1472 ) ;
#2349 = DIRECTION ( 'NONE',  ( -1.000000000000000000, 0.000000000000000000, 0.000000000000000000 ) ) ;
#2350 = CARTESIAN_POINT ( 'NONE',  ( 1030.069040948425254, 1037.738488887152243, 976.6486513635595657 ) ) ;
#2351 = EDGE_CURVE ( 'NONE', #593, #2050, #1972, .T. ) ;
#2352 = VERTEX_POINT ( 'NONE', #120 ) ;
#2353 = DIRECTION ( 'NONE',  ( 0.000000000000000000, -0.000000000000000000, -1.000000000000000000 ) ) ;
#2354 = CYLINDRICAL_SURFACE ( 'NONE', #2294, 2.999999999999891642 ) ;
#2355 = ORIENTED_EDGE ( 'NONE', *, *, #2167, .T. ) ;
#2356 = CARTESIAN_POINT ( 'NONE',  ( 1001.669040948425504, 1036.693550349649968, 1035.648676363559616 ) ) ;
#2357 = CARTESIAN_POINT ( 'NONE',  ( 1026.919040948425163, 1039.488488887152016, 978.4486763635595707 ) ) ;
#2358 = EDGE_CURVE ( 'NONE', #1250, #1653, #2388, .T. ) ;
#2359 = ORIENTED_EDGE ( 'NONE', *, *, #1701, .F. ) ;
#2360 = LINE ( 'NONE', #506, #1154 ) ;
#2361 = EDGE_LOOP ( 'NONE', ( #118, #768 ) ) ;
#2362 = EDGE_CURVE ( 'NONE', #374, #1676, #2025, .T. ) ;
#2363 = DIRECTION ( 'NONE',  ( -0.000000000000000000, -1.000000000000000000, -0.000000000000000000 ) ) ;
#2364 = CARTESIAN_POINT ( 'NONE',  ( 1022.669040948425391, 1036.688488887152062, 978.6486763635596162 ) ) ;
#2365 = EDGE_CURVE ( 'NONE', #1610, #1162, #1417, .T. ) ;
#2366 = ORIENTED_EDGE ( 'NONE', *, *, #2467, .T. ) ;
#2367 = AXIS2_PLACEMENT_3D ( 'NONE', #1114, #2136, #98 ) ;
#2368 = EDGE_CURVE ( 'NONE', #888, #1019, #561, .T. ) ;
#2369 = DIRECTION ( 'NONE',  ( 0.000000000000000000, 0.000000000000000000, 1.000000000000000000 ) ) ;
#2370 = LINE ( 'NONE', #1867, #401 ) ;
#2371 = LINE ( 'NONE', #1994, #729 ) ;
#2372 = VECTOR ( 'NONE', #1239, 1000.000000000000000 ) ;
#2373 = ORIENTED_EDGE ( 'NONE', *, *, #1376, .T. ) ;
#2374 = CARTESIAN_POINT ( 'NONE',  ( 1022.369040948422708, 1036.688488889168866, 1006.648666101385857 ) ) ;
#2375 = CARTESIAN_POINT ( 'NONE',  ( 1083.669040948425391, 1041.688488887152289, 1041.648676363559844 ) ) ;
#2376 = VECTOR ( 'NONE', #2177, 1000.000000000000000 ) ;
#2377 = ORIENTED_EDGE ( 'NONE', *, *, #1662, .T. ) ;
#2378 = VECTOR ( 'NONE', #1237, 1000.000000000000000 ) ;
#2379 = DIRECTION ( 'NONE',  ( 1.000000000000000000, 0.000000000000000000, 0.000000000000000000 ) ) ;
#2380 = CARTESIAN_POINT ( 'NONE',  ( 1080.669040948425391, 1036.694073948430741, 1038.648676363559616 ) ) ;
#2381 = CARTESIAN_POINT ( 'NONE',  ( 1085.669040948425391, 1040.688488887152062, 1040.648676363559616 ) ) ;
#2382 = ORIENTED_EDGE ( 'NONE', *, *, #386, .F. ) ;
#2383 = ADVANCED_FACE ( 'NONE', ( #2235 ), #1595, .T. ) ;
#2384 = LINE ( 'NONE', #918, #1868 ) ;
#2385 = VECTOR ( 'NONE', #712, 1000.000000000000000 ) ;
#2386 = ORIENTED_EDGE ( 'NONE', *, *, #1428, .T. ) ;
#2387 = DIRECTION ( 'NONE',  ( -7.656710514656244822E-15, -0.000000000000000000, -1.000000000000000000 ) ) ;
#2388 = LINE ( 'NONE', #532, #777 ) ;
#2389 = ORIENTED_EDGE ( 'NONE', *, *, #499, .T. ) ;
#2390 = DIRECTION ( 'NONE',  ( -0.000000000000000000, 1.000000000000000000, -0.000000000000000000 ) ) ;
#2391 = LINE ( 'NONE', #523, #308 ) ;
#2392 = VERTEX_POINT ( 'NONE', #2209 ) ;
#2393 = DIRECTION ( 'NONE',  ( 0.000000000000000000, 1.000000000000000000, 0.000000000000000000 ) ) ;
#2394 = ORIENTED_EDGE ( 'NONE', *, *, #2230, .F. ) ;
#2395 = CARTESIAN_POINT ( 'NONE',  ( 999.6690409484253905, 1036.688488887152062, 1006.648659150767458 ) ) ;
#2396 = VECTOR ( 'NONE', #864, 1000.000000000000000 ) ;
#2397 = EDGE_LOOP ( 'NONE', ( #1881, #1138, #2450, #1482, #2431, #1034 ) ) ;
#2398 = ORIENTED_EDGE ( 'NONE', *, *, #2351, .F. ) ;
#2399 = CARTESIAN_POINT ( 'NONE',  ( 1083.669040948425391, 1040.688488887152062, 1041.648676363559844 ) ) ;
#2400 = CARTESIAN_POINT ( 'NONE',  ( 1083.669040948425391, 1036.193724874961390, 1036.648676363559616 ) ) ;
#2401 = DIRECTION ( 'NONE',  ( 0.000000000000000000, 0.000000000000000000, -1.000000000000000000 ) ) ;
#2402 = EDGE_LOOP ( 'NONE', ( #1857, #1014, #66, #2454 ) ) ;
#2403 = DIRECTION ( 'NONE',  ( -0.000000000000000000, -0.000000000000000000, 1.000000000000000000 ) ) ;
#2404 = DIRECTION ( 'NONE',  ( -0.000000000000000000, 0.000000000000000000, -1.000000000000000000 ) ) ;
#2405 = ORIENTED_EDGE ( 'NONE', *, *, #2554, .F. ) ;
#2406 = ADVANCED_FACE ( 'NONE', ( #596 ), #2436, .T. ) ;
#2407 = DIRECTION ( 'NONE',  ( -1.000000000000000000, 0.000000000000000000, 0.000000000000000000 ) ) ;
#2408 = EDGE_LOOP ( 'NONE', ( #2606, #1466 ) ) ;
#2409 = EDGE_CURVE ( 'NONE', #438, #1283, #1481, .T. ) ;
#2410 = EDGE_CURVE ( 'NONE', #837, #536, #366, .T. ) ;
#2411 = EDGE_CURVE ( 'NONE', #1521, #260, #1831, .T. ) ;
#2412 = VERTEX_POINT ( 'NONE', #772 ) ;
#2413 = DIRECTION ( 'NONE',  ( 2.135044278125300850E-16, 0.000000000000000000, -1.000000000000000000 ) ) ;
#2414 = DIRECTION ( 'NONE',  ( 1.000000000000000000, 0.000000000000000000, 0.000000000000000000 ) ) ;
#2415 = VECTOR ( 'NONE', #2329, 1000.000000000000000 ) ;
#2416 = ORIENTED_EDGE ( 'NONE', *, *, #2, .T. ) ;
#2417 = VECTOR ( 'NONE', #1722, 1000.000000000000000 ) ;
#2418 = PLANE ( 'NONE',  #993 ) ;
#2419 = CIRCLE ( 'NONE', #1087, 0.7500000000000284217 ) ;
#2420 = ORIENTED_EDGE ( 'NONE', *, *, #2642, .T. ) ;
#2421 = DIRECTION ( 'NONE',  ( 1.000000000000000000, 0.000000000000000000, 0.000000000000000000 ) ) ;
#2422 = ORIENTED_EDGE ( 'NONE', *, *, #452, .T. ) ;
#2423 =( LENGTH_UNIT ( ) NAMED_UNIT ( * ) SI_UNIT ( .MILLI., .METRE. ) );
#2424 = ORIENTED_EDGE ( 'NONE', *, *, #1651, .F. ) ;
#2425 = DIRECTION ( 'NONE',  ( 0.000000000000000000, 0.000000000000000000, 1.000000000000000000 ) ) ;
#2426 = CARTESIAN_POINT ( 'NONE',  ( 998.6690409484253905, 1040.688488887152062, 977.6486763635597299 ) ) ;
#2427 = EDGE_CURVE ( 'NONE', #888, #1752, #164, .T. ) ;
#2428 = ORIENTED_EDGE ( 'NONE', *, *, #458, .F. ) ;
#2429 = LINE ( 'NONE', #2048, #1564 ) ;
#2430 = CARTESIAN_POINT ( 'NONE',  ( 1083.669040948425391, 1036.693550349649740, 1035.648676363559616 ) ) ;
#2431 = ORIENTED_EDGE ( 'NONE', *, *, #373, .F. ) ;
#2432 = CARTESIAN_POINT ( 'NONE',  ( 1004.669040948425391, 1036.688488887152062, 978.6486763635596162 ) ) ;
#2433 = ADVANCED_FACE ( 'NONE', ( #989 ), #2640, .F. ) ;
#2434 = DIRECTION ( 'NONE',  ( -1.000000000000000000, 0.000000000000000000, 0.000000000000000000 ) ) ;
#2435 = ORIENTED_EDGE ( 'NONE', *, *, #1411, .T. ) ;
#2436 = PLANE ( 'NONE',  #1302 ) ;
#2437 =( NAMED_UNIT ( * ) PLANE_ANGLE_UNIT ( ) SI_UNIT ( $, .RADIAN. ) );
#2438 = ORIENTED_EDGE ( 'NONE', *, *, #11, .T. ) ;
#2439 = LINE ( 'NONE', #1156, #1017 ) ;
#2440 = CARTESIAN_POINT ( 'NONE',  ( 997.6690409484253905, 1041.688488887152289, 1042.648676363559616 ) ) ;
#2441 = DIRECTION ( 'NONE',  ( 0.000000000000000000, 0.000000000000000000, 1.000000000000000000 ) ) ;
#2442 = VECTOR ( 'NONE', #1442, 1000.000000000000000 ) ;
#2443 = ORIENTED_EDGE ( 'NONE', *, *, #2358, .F. ) ;
#2444 = CARTESIAN_POINT ( 'NONE',  ( 1083.669040948425391, 1036.693550349649968, 1035.648676363559616 ) ) ;
#2445 = DIRECTION ( 'NONE',  ( 1.000000000000000000, 0.000000000000000000, 0.000000000000000000 ) ) ;
#2446 = EDGE_CURVE ( 'NONE', #2061, #233, #1217, .T. ) ;
#2447 = ORIENTED_EDGE ( 'NONE', *, *, #2077, .F. ) ;
#2448 = LINE ( 'NONE', #1430, #472 ) ;
#2449 = CARTESIAN_POINT ( 'NONE',  ( 1001.669040948425504, 1036.188488887152289, 980.6486763635596162 ) ) ;
#2450 = ORIENTED_EDGE ( 'NONE', *, *, #830, .T. ) ;
#2451 = DIRECTION ( 'NONE',  ( -0.000000000000000000, -1.000000000000000000, -0.000000000000000000 ) ) ;
#2452 = AXIS2_PLACEMENT_3D ( 'NONE', #1332, #2135, #1540 ) ;
#2453 = VECTOR ( 'NONE', #1400, 1000.000000000000000 ) ;
#2454 = ORIENTED_EDGE ( 'NONE', *, *, #855, .F. ) ;
#2455 = CARTESIAN_POINT ( 'NONE',  ( 1022.369040948422708, 1036.688488889168866, 1006.648666101385857 ) ) ;
#2456 = CYLINDRICAL_SURFACE ( 'NONE', #186, 2.000000000000112799 ) ;
#2457 = CARTESIAN_POINT ( 'NONE',  ( 997.6690409484253905, 1056.488488887152243, 977.6486763635597299 ) ) ;
#2458 = ORIENTED_EDGE ( 'NONE', *, *, #2362, .F. ) ;
#2459 = LINE ( 'NONE', #832, #2442 ) ;
#2460 = EDGE_CURVE ( 'NONE', #2070, #968, #1003, .T. ) ;
#2461 = EDGE_CURVE ( 'NONE', #1959, #2032, #2370, .T. ) ;
#2462 = ORIENTED_EDGE ( 'NONE', *, *, #1076, .T. ) ;
#2463 = DIRECTION ( 'NONE',  ( 2.135044278125301096E-16, 0.000000000000000000, -1.000000000000000000 ) ) ;
#2464 = DIRECTION ( 'NONE',  ( 0.000000000000000000, 0.000000000000000000, -1.000000000000000000 ) ) ;
#2465 = CIRCLE ( 'NONE', #774, 1.250000000000084377 ) ;
#2466 = VECTOR ( 'NONE', #2253, 1000.000000000000000 ) ;
#2467 = EDGE_CURVE ( 'NONE', #35, #100, #700, .T. ) ;
#2468 = EDGE_LOOP ( 'NONE', ( #275, #209, #858, #2654 ) ) ;
#2469 = CARTESIAN_POINT ( 'NONE',  ( 1083.669040948425391, 1040.688488887152062, 1038.648676363559616 ) ) ;
#2470 = EDGE_LOOP ( 'NONE', ( #1416, #662, #2557, #591 ) ) ;
#2471 = DIRECTION ( 'NONE',  ( 1.000000000000000000, 0.000000000000000000, 0.000000000000000000 ) ) ;
#2472 = EDGE_CURVE ( 'NONE', #536, #305, #1909, .T. ) ;
#2473 = ORIENTED_EDGE ( 'NONE', *, *, #244, .T. ) ;
#2474 = CARTESIAN_POINT ( 'NONE',  ( 931.4402707650676803, 1041.688488887152289, 976.6486763635596162 ) ) ;
#2475 = ORIENTED_EDGE ( 'NONE', *, *, #2072, .F. ) ;
#2476 = DIRECTION ( 'NONE',  ( -1.000000000000000000, 0.000000000000000000, 0.000000000000000000 ) ) ;
#2477 = CARTESIAN_POINT ( 'NONE',  ( 1022.369040948424981, 930.1701454405800860, 978.6486763635596162 ) ) ;
#2478 = ORIENTED_EDGE ( 'NONE', *, *, #1797, .F. ) ;
#2479 = EDGE_CURVE ( 'NONE', #2274, #776, #919, .T. ) ;
#2480 = DIRECTION ( 'NONE',  ( 0.000000000000000000, 0.000000000000000000, -1.000000000000000000 ) ) ;
#2481 = EDGE_CURVE ( 'NONE', #821, #374, #1269, .T. ) ;
#2482 =( LENGTH_UNIT ( ) NAMED_UNIT ( * ) SI_UNIT ( .MILLI., .METRE. ) );
#2483 = VECTOR ( 'NONE', #1040, 1000.000000000000000 ) ;
#2484 = DIRECTION ( 'NONE',  ( -0.000000000000000000, -1.000000000000000000, -0.000000000000000000 ) ) ;
#2485 = CARTESIAN_POINT ( 'NONE',  ( 1085.669040948425391, 1040.688488887152062, 1035.648676363559616 ) ) ;
#2486 = ORIENTED_EDGE ( 'NONE', *, *, #737, .F. ) ;
#2487 = DIRECTION ( 'NONE',  ( 0.000000000000000000, 0.000000000000000000, -1.000000000000000000 ) ) ;
#2488 = AXIS2_PLACEMENT_3D ( 'NONE', #1201, #2173, #2425 ) ;
#2489 = ORIENTED_EDGE ( 'NONE', *, *, #545, .T. ) ;
#2490 = CARTESIAN_POINT ( 'NONE',  ( 1083.669040948425391, 1039.188488887152062, 979.3986763635595025 ) ) ;
#2491 = FACE_OUTER_BOUND ( 'NONE', #685, .T. ) ;
#2492 = ORIENTED_EDGE ( 'NONE', *, *, #1428, .F. ) ;
#2493 = DIRECTION ( 'NONE',  ( -0.000000000000000000, -1.000000000000000000, -0.000000000000000000 ) ) ;
#2494 = APPLICATION_PROTOCOL_DEFINITION ( 'draft international standard', 'automotive_design', 1998, #2495 ) ;
#2495 = APPLICATION_CONTEXT ( 'automotive_design' ) ;
#2496 = AXIS2_PLACEMENT_3D ( 'NONE', #295, #73, #674 ) ;
#2497 = ADVANCED_FACE ( 'NONE', ( #36 ), #839, .F. ) ;
#2498 = CARTESIAN_POINT ( 'NONE',  ( 999.6690409484253905, 1036.693550349649968, 1035.648676363559616 ) ) ;
#2499 = CARTESIAN_POINT ( 'NONE',  ( 1001.669040948425504, 1040.688488887152062, 1038.648676363559616 ) ) ;
#2500 = ORIENTED_EDGE ( 'NONE', *, *, #1592, .T. ) ;
#2501 = DIRECTION ( 'NONE',  ( -0.000000000000000000, -1.000000000000000000, 0.000000000000000000 ) ) ;
#2502 = EDGE_LOOP ( 'NONE', ( #511, #1874 ) ) ;
#2503 = CARTESIAN_POINT ( 'NONE',  ( 1030.069040948425254, 1037.738488887152243, 980.4486763635595707 ) ) ;
#2504 = CARTESIAN_POINT ( 'NONE',  ( 1022.369040948424981, 1037.688488887152062, 977.6486763635596162 ) ) ;
#2505 = AXIS2_PLACEMENT_3D ( 'NONE', #2171, #1185, #2027 ) ;
#2506 = AXIS2_PLACEMENT_3D ( 'NONE', #2202, #2635, #2033 ) ;
#2507 = DIRECTION ( 'NONE',  ( 0.000000000000000000, -1.000000000000000000, 0.000000000000000000 ) ) ;
#2508 = ORIENTED_EDGE ( 'NONE', *, *, #2194, .F. ) ;
#2509 = AXIS2_PLACEMENT_3D ( 'NONE', #2449, #2052, #2464 ) ;
#2510 = LINE ( 'NONE', #1074, #567 ) ;
#2511 = APPLICATION_PROTOCOL_DEFINITION ( 'draft international standard', 'automotive_design', 1998, #1377 ) ;
#2512 = CARTESIAN_POINT ( 'NONE',  ( 1030.069040948425254, 1041.238488887152243, 976.6486513635595657 ) ) ;
#2513 = VERTEX_POINT ( 'NONE', #1033 ) ;
#2514 = LINE ( 'NONE', #655, #842 ) ;
#2515 = EDGE_CURVE ( 'NONE', #1283, #1002, #2309, .T. ) ;
#2516 = ORIENTED_EDGE ( 'NONE', *, *, #706, .T. ) ;
#2517 = CARTESIAN_POINT ( 'NONE',  ( 1022.369040948425209, 1037.688488887152062, 1006.648676363559616 ) ) ;
#2518 = LINE ( 'NONE', #2291, #684 ) ;
#2519 = CYLINDRICAL_SURFACE ( 'NONE', #1289, 2.000000000000112799 ) ;
#2520 = ORIENTED_EDGE ( 'NONE', *, *, #2333, .T. ) ;
#2521 = EDGE_CURVE ( 'NONE', #106, #75, #2510, .T. ) ;
#2522 = ORIENTED_EDGE ( 'NONE', *, *, #924, .F. ) ;
#2523 = DIRECTION ( 'NONE',  ( 1.000000000000000000, 0.000000000000000000, 0.000000000000000000 ) ) ;
#2524 = DIRECTION ( 'NONE',  ( 1.000000000000000000, 0.000000000000000000, 2.135044278125301096E-16 ) ) ;
#2525 = EDGE_CURVE ( 'NONE', #384, #1936, #651, .T. ) ;
#2526 = EDGE_LOOP ( 'NONE', ( #456, #1656, #2628, #1788 ) ) ;
#2527 = FACE_OUTER_BOUND ( 'NONE', #1223, .T. ) ;
#2528 = ORIENTED_EDGE ( 'NONE', *, *, #924, .T. ) ;
#2529 = CIRCLE ( 'NONE', #117, 1.250000000000084377 ) ;
#2530 = EDGE_CURVE ( 'NONE', #449, #2155, #2206, .T. ) ;
#2531 = DIRECTION ( 'NONE',  ( -0.000000000000000000, 0.000000000000000000, 1.000000000000000000 ) ) ;
#2532 = CARTESIAN_POINT ( 'NONE',  ( 999.6690409484253905, 930.1701454405800860, 983.6486763635596162 ) ) ;
#2533 = PRODUCT_DEFINITION_SHAPE ( 'NONE', 'NONE',  #2317 ) ;
#2534 = EDGE_LOOP ( 'NONE', ( #94, #845, #568, #387, #2528, #1490, #1322, #83 ) ) ;
#2535 = ORIENTED_EDGE ( 'NONE', *, *, #1602, .F. ) ;
#2536 = EDGE_CURVE ( 'NONE', #1521, #2155, #625, .T. ) ;
#2537 = CARTESIAN_POINT ( 'NONE',  ( 998.6690409484253905, 1040.688488887152062, 1041.648676363559844 ) ) ;
#2538 = CARTESIAN_POINT ( 'NONE',  ( 1001.669040948425504, 1036.688488887152062, 980.6486763635596162 ) ) ;
#2539 = VECTOR ( 'NONE', #196, 1000.000000000000000 ) ;
#2540 = ORIENTED_EDGE ( 'NONE', *, *, #2108, .F. ) ;
#2541 = DIRECTION ( 'NONE',  ( 1.000000000000000000, 0.000000000000000000, 0.000000000000000000 ) ) ;
#2542 = ORIENTED_EDGE ( 'NONE', *, *, #676, .T. ) ;
#2543 = DIRECTION ( 'NONE',  ( 0.000000000000000000, 0.000000000000000000, 1.000000000000000000 ) ) ;
#2544 = CARTESIAN_POINT ( 'NONE',  ( 1004.969040948425572, 1037.688488887152062, 977.6486763635596162 ) ) ;
#2545 = EDGE_CURVE ( 'NONE', #2172, #114, #253, .T. ) ;
#2546 = VERTEX_POINT ( 'NONE', #871 ) ;
#2547 = CYLINDRICAL_SURFACE ( 'NONE', #1333, 2.000000000000001776 ) ;
#2548 = AXIS2_PLACEMENT_3D ( 'NONE', #2560, #1957, #556 ) ;
#2549 = CARTESIAN_POINT ( 'NONE',  ( 1083.669040948425391, 1040.688488887152062, 980.6486763635596162 ) ) ;
#2550 = PLANE ( 'NONE',  #1424 ) ;
#2551 = VECTOR ( 'NONE', #1528, 1000.000000000000000 ) ;
#2552 = AXIS2_PLACEMENT_3D ( 'NONE', #1677, #303, #1329 ) ;
#2553 = VERTEX_POINT ( 'NONE', #1491 ) ;
#2554 = EDGE_CURVE ( 'NONE', #1698, #1382, #859, .T. ) ;
#2555 = LINE ( 'NONE', #313, #333 ) ;
#2556 = DIRECTION ( 'NONE',  ( -2.135044278125301096E-16, 0.000000000000000000, 1.000000000000000000 ) ) ;
#2557 = ORIENTED_EDGE ( 'NONE', *, *, #1263, .T. ) ;
#2558 = DIRECTION ( 'NONE',  ( 0.000000000000000000, 0.000000000000000000, 1.000000000000000000 ) ) ;
#2559 = CARTESIAN_POINT ( 'NONE',  ( 1083.669040948425391, 1041.688488887152289, 981.8986763635596162 ) ) ;
#2560 = CARTESIAN_POINT ( 'NONE',  ( 1026.169040948425163, 1039.488488887152016, 978.4486763635595707 ) ) ;
#2561 = VERTEX_POINT ( 'NONE', #1537 ) ;
#2562 = DIRECTION ( 'NONE',  ( 0.000000000000000000, 0.000000000000000000, -1.000000000000000000 ) ) ;
#2563 = CARTESIAN_POINT ( 'NONE',  ( 1083.669040948425391, 1039.188488887152062, 978.6486763635595025 ) ) ;
#2564 = FACE_OUTER_BOUND ( 'NONE', #549, .T. ) ;
#2565 = ADVANCED_FACE ( 'NONE', ( #242 ), #1061, .F. ) ;
#2566 = VERTEX_POINT ( 'NONE', #2084 ) ;
#2567 = CARTESIAN_POINT ( 'NONE',  ( 1001.669040948425504, 1046.345343136644715, 980.6486763635596162 ) ) ;
#2568 = CARTESIAN_POINT ( 'NONE',  ( 1016.559040948429356, 1039.308488887152180, 977.6486763635597299 ) ) ;
#2569 = ORIENTED_EDGE ( 'NONE', *, *, #1211, .F. ) ;
#2570 = CARTESIAN_POINT ( 'NONE',  ( 1042.669040948425391, 1039.188488887152062, 1042.648676363559616 ) ) ;
#2571 = LINE ( 'NONE', #1548, #1834 ) ;
#2572 = CARTESIAN_POINT ( 'NONE',  ( 1083.669040948425391, 1039.188488887152062, 980.6486763635596162 ) ) ;
#2573 = VERTEX_POINT ( 'NONE', #45 ) ;
#2574 = DIRECTION ( 'NONE',  ( 0.000000000000000000, 0.000000000000000000, -1.000000000000000000 ) ) ;
#2575 = CARTESIAN_POINT ( 'NONE',  ( 1037.269040948425300, 1041.238488887152243, 977.6486763635597299 ) ) ;
#2576 = EDGE_CURVE ( 'NONE', #106, #987, #457, .T. ) ;
#2577 = EDGE_CURVE ( 'NONE', #1351, #1515, #1740, .T. ) ;
#2578 = ORIENTED_EDGE ( 'NONE', *, *, #1245, .F. ) ;
#2579 = DIRECTION ( 'NONE',  ( 0.000000000000000000, 0.000000000000000000, -1.000000000000000000 ) ) ;
#2580 = DIRECTION ( 'NONE',  ( -0.000000000000000000, -1.000000000000000000, -0.000000000000000000 ) ) ;
#2581 = EDGE_LOOP ( 'NONE', ( #1330, #1975, #1921, #229 ) ) ;
#2582 = AXIS2_PLACEMENT_3D ( 'NONE', #1230, #1655, #1270 ) ;
#2583 = CARTESIAN_POINT ( 'NONE',  ( 999.6690409484253905, 1040.688488887152062, 1035.648676363559616 ) ) ;
#2584 = DIRECTION ( 'NONE',  ( -0.000000000000000000, 1.000000000000000000, -0.000000000000000000 ) ) ;
#2585 = CLOSED_SHELL ( 'NONE', ( #820, #689, #2303, #1502, #1759, #2565, #1692, #2284, #2497, #15, #914, #1013, #1908, #612, #1725, #2264, #1331, #1126, #1264, #1847, #1964, #1081, #287, #960, #1576, #753, #2121, #1542, #330, #626, #2214, #2328, #2662, #1358, #1362, #825, #1408, #1679, #1108, #2237, #2138, #548, #2203, #2092, #640, #1178, #2039, #1278, #1717, #108, #892, #484, #1484, #2406, #2383, #1880, #1513, #745, #970, #1140, #1770, #1208, #2250, #1338, #63, #2433, #1228, #165, #1357, #1451, #2008, #1051, #498, #533, #690, #420, #2046, #1612, #1802, #194, #212 ) ) ;
#2586 = VECTOR ( 'NONE', #610, 1000.000000000000000 ) ;
#2587 = EDGE_LOOP ( 'NONE', ( #2215, #620, #1728, #28, #1361, #1680, #71, #2637, #187, #574, #1638, #1404, #140 ) ) ;
#2588 = CARTESIAN_POINT ( 'NONE',  ( 1083.669040948425391, 1046.345343136644715, 1038.648676363559616 ) ) ;
#2589 = DIRECTION ( 'NONE',  ( 0.000000000000000000, 0.000000000000000000, -1.000000000000000000 ) ) ;
#2590 = VERTEX_POINT ( 'NONE', #2357 ) ;
#2591 = AXIS2_PLACEMENT_3D ( 'NONE', #930, #2584, #92 ) ;
#2592 = LINE ( 'NONE', #1883, #2028 ) ;
#2593 = LINE ( 'NONE', #2381, #1480 ) ;
#2594 = VECTOR ( 'NONE', #1697, 1000.000000000000000 ) ;
#2595 = VECTOR ( 'NONE', #2005, 1000.000000000000000 ) ;
#2596 = EDGE_CURVE ( 'NONE', #2149, #893, #2571, .T. ) ;
#2597 = VERTEX_POINT ( 'NONE', #956 ) ;
#2598 = DIRECTION ( 'NONE',  ( 2.135044278125300850E-16, -0.000000000000000000, -1.000000000000000000 ) ) ;
#2599 = PLANE ( 'NONE',  #2272 ) ;
#2600 = EDGE_CURVE ( 'NONE', #1032, #35, #520, .T. ) ;
#2601 = ORIENTED_EDGE ( 'NONE', *, *, #2024, .F. ) ;
#2602 = CARTESIAN_POINT ( 'NONE',  ( 1087.669040948425391, 1036.188488887974017, 1006.648685780305641 ) ) ;
#2603 = LINE ( 'NONE', #2137, #1563 ) ;
#2604 = DIRECTION ( 'NONE',  ( -0.000000000000000000, 0.000000000000000000, -1.000000000000000000 ) ) ;
#2605 = CARTESIAN_POINT ( 'NONE',  ( 1044.669040948425163, 930.1701454405800860, 978.6486763635596162 ) ) ;
#2606 = ORIENTED_EDGE ( 'NONE', *, *, #1793, .F. ) ;
#2607 = DIRECTION ( 'NONE',  ( -0.000000000000000000, -1.000000000000000000, -0.000000000000000000 ) ) ;
#2608 = DIRECTION ( 'NONE',  ( -1.000000000000000000, 0.000000000000000000, 0.000000000000000000 ) ) ;
#2609 = ORIENTED_EDGE ( 'NONE', *, *, #856, .F. ) ;
#2610 = CARTESIAN_POINT ( 'NONE',  ( 1004.669040948425391, 1040.688488887152062, 980.6486763635596162 ) ) ;
#2611 = CARTESIAN_POINT ( 'NONE',  ( 1001.669040948425504, 1040.688488887152062, 1038.648676363559616 ) ) ;
#2612 = EDGE_CURVE ( 'NONE', #1616, #2324, #1353, .T. ) ;
#2613 = EDGE_CURVE ( 'NONE', #668, #987, #138, .T. ) ;
#2614 = VERTEX_POINT ( 'NONE', #1153 ) ;
#2615 = CARTESIAN_POINT ( 'NONE',  ( 1004.669040948425391, 930.1701454405800860, 978.6486763635596162 ) ) ;
#2616 = VERTEX_POINT ( 'NONE', #2210 ) ;
#2617 = CARTESIAN_POINT ( 'NONE',  ( 1016.559040948429356, 1037.888488887152334, 976.6486763635596162 ) ) ;
#2618 = VERTEX_POINT ( 'NONE', #1391 ) ;
#2619 = LINE ( 'NONE', #2399, #2016 ) ;
#2620 = CARTESIAN_POINT ( 'NONE',  ( 1004.969040948425345, 1037.688488887152062, 1006.648676363559616 ) ) ;
#2621 = ORIENTED_EDGE ( 'NONE', *, *, #11, .F. ) ;
#2622 = CARTESIAN_POINT ( 'NONE',  ( 931.4402707650676803, 1036.188488887152289, 1042.648676363559616 ) ) ;
#2623 = VECTOR ( 'NONE', #1931, 1000.000000000000227 ) ;
#2624 = ORIENTED_EDGE ( 'NONE', *, *, #2194, .T. ) ;
#2625 = DIRECTION ( 'NONE',  ( 0.000000000000000000, -1.000000000000000000, 0.000000000000000000 ) ) ;
#2626 = CARTESIAN_POINT ( 'NONE',  ( 1041.169040948425391, 1039.488488887152016, 978.4486763635595707 ) ) ;
#2627 = EDGE_CURVE ( 'NONE', #2412, #968, #1568, .T. ) ;
#2628 = ORIENTED_EDGE ( 'NONE', *, *, #1765, .T. ) ;
#2629 = DIRECTION ( 'NONE',  ( -0.000000000000000000, 1.000000000000000000, -0.000000000000000000 ) ) ;
#2630 = DIRECTION ( 'NONE',  ( 2.135044278125300850E-16, -0.000000000000000000, -1.000000000000000000 ) ) ;
#2631 = FACE_OUTER_BOUND ( 'NONE', #380, .T. ) ;
#2632 = VECTOR ( 'NONE', #1630, 1000.000000000000000 ) ;
#2633 = AXIS2_PLACEMENT_3D ( 'NONE', #735, #2580, #2175 ) ;
#2634 = EDGE_LOOP ( 'NONE', ( #2347, #560 ) ) ;
#2635 = DIRECTION ( 'NONE',  ( -0.000000000000000000, -1.000000000000000000, -0.000000000000000000 ) ) ;
#2636 = AXIS2_PLACEMENT_3D ( 'NONE', #2549, #1320, #1375 ) ;
#2637 = ORIENTED_EDGE ( 'NONE', *, *, #2290, .T. ) ;
#2638 = CARTESIAN_POINT ( 'NONE',  ( 1004.669040948425391, 1036.694073948430741, 1038.648676363559616 ) ) ;
#2639 = ORIENTED_EDGE ( 'NONE', *, *, #1059, .T. ) ;
#2640 = CYLINDRICAL_SURFACE ( 'NONE', #1566, 2.000000000000001776 ) ;
#2641 = DIRECTION ( 'NONE',  ( 0.000000000000000000, -0.000000000000000000, -1.000000000000000000 ) ) ;
#2642 = EDGE_CURVE ( 'NONE', #2392, #1555, #949, .T. ) ;
#2643 = ORIENTED_EDGE ( 'NONE', *, *, #386, .T. ) ;
#2644 = CARTESIAN_POINT ( 'NONE',  ( 1087.669040948425391, 1041.688488887152289, 1042.648676363559616 ) ) ;
#2645 = EDGE_CURVE ( 'NONE', #2032, #2618, #321, .T. ) ;
#2646 = ORIENTED_EDGE ( 'NONE', *, *, #2282, .F. ) ;
#2647 = CARTESIAN_POINT ( 'NONE',  ( 1001.669040948425504, 1040.688488887152062, 1035.648676363559616 ) ) ;
#2648 = ORIENTED_EDGE ( 'NONE', *, *, #1076, .F. ) ;
#2649 = LINE ( 'NONE', #375, #346 ) ;
#2650 = CARTESIAN_POINT ( 'NONE',  ( 998.6690409484253905, 1041.238488887152243, 977.6486763635597299 ) ) ;
#2651 = ORIENTED_EDGE ( 'NONE', *, *, #2180, .T. ) ;
#2652 = CARTESIAN_POINT ( 'NONE',  ( 1083.669040948425391, 1046.345343136644715, 982.6486763635597299 ) ) ;
#2653 = AXIS2_PLACEMENT_3D ( 'NONE', #2567, #2363, #2579 ) ;
#2654 = ORIENTED_EDGE ( 'NONE', *, *, #1732, .F. ) ;
#2655 = DIRECTION ( 'NONE',  ( 0.000000000000000000, -0.0001745329243167994800, -0.9999999847691289911 ) ) ;
#2656 = DIRECTION ( 'NONE',  ( 0.000000000000000000, 1.000000000000000000, -0.000000000000000000 ) ) ;
#2657 = CYLINDRICAL_SURFACE ( 'NONE', #907, 2.999999999999891642 ) ;
#2658 = UNCERTAINTY_MEASURE_WITH_UNIT (LENGTH_MEASURE( 1.000000000000000082E-05 ), #2423, 'distance_accuracy_value', 'NONE');
#2659 = EDGE_CURVE ( 'NONE', #1327, #2064, #378, .T. ) ;
#2660 = ORIENTED_EDGE ( 'NONE', *, *, #1932, .F. ) ;
#2661 = DIRECTION ( 'NONE',  ( -0.000000000000000000, -1.000000000000000000, -0.000000000000000000 ) ) ;
#2662 = ADVANCED_FACE ( 'NONE', ( #1141 ), #1582, .F. ) ;
#2663 = ORIENTED_EDGE ( 'NONE', *, *, #607, .T. ) ;
#2664 = CARTESIAN_POINT ( 'NONE',  ( 1087.669040948425391, 1041.688488887152289, 976.6486763635596162 ) ) ;
#2665 = AXIS2_PLACEMENT_3D ( 'NONE', #2240, #6, #37 ) ;
#2666 = DIRECTION ( 'NONE',  ( 0.000000000000000000, 0.000000000000000000, -1.000000000000000000 ) ) ;
#2667 = NEXT_ASSEMBLY_USAGE_OCCURRENCE ( 'NAUO1', ' ', ' ', #123, #2317, $ ) ;
ENDSEC;
END-ISO-10303-21;
