ISO-10303-21;
HEADER;
FILE_DESCRIPTION (( 'STEP AP214' ),
    '1' );
FILE_NAME ('Top.STEP',
    '2026-05-12T13:54:38',
    ( '' ),
    ( '' ),
    'SwSTEP 2.0',
    'SolidWorks 2025',
    '' );
FILE_SCHEMA (( 'AUTOMOTIVE_DESIGN' ));
ENDSEC;

DATA;
#1 = SHAPE_DEFINITION_REPRESENTATION ( #898, #876 ) ;
#2 = EDGE_CURVE ( 'NONE', #1642, #38, #1549, .T. ) ;
#3 = VECTOR ( 'NONE', #1693, 1000.000000000000000 ) ;
#4 = CARTESIAN_POINT ( 'NONE',  ( 40.99999999999999289, -2.000000000000000000, -7.000000000000000888 ) ) ;
#5 = ORIENTED_EDGE ( 'NONE', *, *, #612, .T. ) ;
#6 = CARTESIAN_POINT ( 'NONE',  ( 37.99999999999999289, -2.000000000000000000, -4.000000000000000000 ) ) ;
#7 = ORIENTED_EDGE ( 'NONE', *, *, #22, .F. ) ;
#8 = DIRECTION ( 'NONE',  ( 1.000000000000000000, 0.000000000000000000, 1.119176436114069085E-16 ) ) ;
#9 = ADVANCED_FACE ( 'NONE', ( #1515 ), #1388, .F. ) ;
#10 = DIRECTION ( 'NONE',  ( 0.000000000000000000, 0.000000000000000000, -1.000000000000000000 ) ) ;
#11 = AXIS2_PLACEMENT_3D ( 'NONE', #449, #1190, #1303 ) ;
#12 = ORIENTED_EDGE ( 'NONE', *, *, #974, .T. ) ;
#13 = DIRECTION ( 'NONE',  ( -0.000000000000000000, 1.000000000000000000, -0.000000000000000000 ) ) ;
#14 = CARTESIAN_POINT ( 'NONE',  ( -45.00000000000001421, 14.80000000000000071, -65.00000000000000000 ) ) ;
#15 = ORIENTED_EDGE ( 'NONE', *, *, #1370, .T. ) ;
#16 = DIRECTION ( 'NONE',  ( 0.000000000000000000, -1.000000000000000000, 0.000000000000000000 ) ) ;
#17 = EDGE_CURVE ( 'NONE', #192, #168, #1404, .T. ) ;
#18 = ORIENTED_EDGE ( 'NONE', *, *, #998, .F. ) ;
#19 = DIRECTION ( 'NONE',  ( 1.000000000000000000, 0.000000000000000000, -6.938893903907227392E-16 ) ) ;
#20 = DIRECTION ( 'NONE',  ( -0.000000000000000000, -0.000000000000000000, 1.000000000000000000 ) ) ;
#21 = ORIENTED_EDGE ( 'NONE', *, *, #852, .F. ) ;
#22 = EDGE_CURVE ( 'NONE', #256, #1601, #95, .T. ) ;
#23 = LINE ( 'NONE', #878, #1806 ) ;
#24 = DIRECTION ( 'NONE',  ( 0.000000000000000000, 0.000000000000000000, -1.000000000000000000 ) ) ;
#25 = DIRECTION ( 'NONE',  ( 1.000000000000000000, 0.000000000000000000, 2.891205793294675861E-16 ) ) ;
#26 = ORIENTED_EDGE ( 'NONE', *, *, #1226, .T. ) ;
#27 = LINE ( 'NONE', #320, #1193 ) ;
#28 = FACE_OUTER_BOUND ( 'NONE', #1425, .T. ) ;
#29 = EDGE_LOOP ( 'NONE', ( #753, #614, #1157, #1137 ) ) ;
#30 = DIRECTION ( 'NONE',  ( 0.000000000000000000, 0.000000000000000000, 1.000000000000000000 ) ) ;
#31 = CARTESIAN_POINT ( 'NONE',  ( 40.99999999999999289, -2.000000000000000000, -62.00000000000000000 ) ) ;
#32 = CARTESIAN_POINT ( 'NONE',  ( -41.00000000000000711, -0.5000000000000000000, -62.00000000000000000 ) ) ;
#33 = VECTOR ( 'NONE', #914, 1000.000000000000000 ) ;
#34 = AXIS2_PLACEMENT_3D ( 'NONE', #56, #482, #1092 ) ;
#35 = VERTEX_POINT ( 'NONE', #65 ) ;
#36 = FACE_OUTER_BOUND ( 'NONE', #460, .T. ) ;
#37 = CARTESIAN_POINT ( 'NONE',  ( 44.00000000000001421, -2.000000000000000000, -62.00000000000000000 ) ) ;
#38 = VERTEX_POINT ( 'NONE', #517 ) ;
#39 = DIRECTION ( 'NONE',  ( 0.3162277660168386628, 1.371419323662773905E-15, 0.9486832980505135460 ) ) ;
#40 = DIRECTION ( 'NONE',  ( 1.000000000000000000, 0.000000000000000000, -2.168404344971008868E-16 ) ) ;
#41 = CARTESIAN_POINT ( 'NONE',  ( 40.99999999999999289, -0.5000000000000000000, -4.749999999999999112 ) ) ;
#42 = EDGE_LOOP ( 'NONE', ( #1208, #860, #707, #503 ) ) ;
#43 = PLANE ( 'NONE',  #1249 ) ;
#44 = DIRECTION ( 'NONE',  ( -0.000000000000000000, -1.000000000000000000, -0.000000000000000000 ) ) ;
#45 = ORIENTED_EDGE ( 'NONE', *, *, #891, .T. ) ;
#46 = ADVANCED_FACE ( 'NONE', ( #352 ), #952, .T. ) ;
#47 = CYLINDRICAL_SURFACE ( 'NONE', #1864, 0.7499999999999988898 ) ;
#48 = ORIENTED_EDGE ( 'NONE', *, *, #1355, .F. ) ;
#49 = EDGE_CURVE ( 'NONE', #434, #653, #274, .T. ) ;
#50 = CARTESIAN_POINT ( 'NONE',  ( 44.00000000000000000, -2.000000000000000000, -3.999999999999996447 ) ) ;
#51 = CARTESIAN_POINT ( 'NONE',  ( -2.230358754827308088E-17, 0.8999999999999943601, 7.434529182757701329E-18 ) ) ;
#52 = ORIENTED_EDGE ( 'NONE', *, *, #786, .T. ) ;
#53 = VECTOR ( 'NONE', #298, 1000.000000000000000 ) ;
#54 = DIRECTION ( 'NONE',  ( 0.000000000000000000, 0.000000000000000000, -1.000000000000000000 ) ) ;
#55 = FILL_AREA_STYLE_COLOUR ( '', #265 ) ;
#56 = CARTESIAN_POINT ( 'NONE',  ( 16.00000000000000711, -1.000000000000000000, -64.00000000000000000 ) ) ;
#57 = VECTOR ( 'NONE', #179, 1000.000000000000000 ) ;
#58 = CARTESIAN_POINT ( 'NONE',  ( 40.99999999999999289, -10.48528137423858020, -59.00000000000000711 ) ) ;
#59 = ORIENTED_EDGE ( 'NONE', *, *, #285, .T. ) ;
#60 = LINE ( 'NONE', #792, #445 ) ;
#61 = CARTESIAN_POINT ( 'NONE',  ( -41.00000000000000711, -2.000000000000000000, -65.00000000000000000 ) ) ;
#62 = ORIENTED_EDGE ( 'NONE', *, *, #664, .F. ) ;
#63 = LINE ( 'NONE', #1223, #508 ) ;
#64 = DIRECTION ( 'NONE',  ( 0.000000000000000000, 1.000000000000000000, 0.000000000000000000 ) ) ;
#65 = CARTESIAN_POINT ( 'NONE',  ( 43.00000000000000711, -1.000000000000000000, -7.000000000000000000 ) ) ;
#66 = DIRECTION ( 'NONE',  ( 0.000000000000000000, 0.000000000000000000, -1.000000000000000000 ) ) ;
#67 = EDGE_LOOP ( 'NONE', ( #400, #104 ) ) ;
#68 = DIRECTION ( 'NONE',  ( 0.000000000000000000, 0.000000000000000000, 1.000000000000000000 ) ) ;
#69 = AXIS2_PLACEMENT_3D ( 'NONE', #51, #935, #201 ) ;
#70 = CARTESIAN_POINT ( 'NONE',  ( 40.99999999999999289, -2.000000000000000000, -4.000000000000000000 ) ) ;
#71 = EDGE_LOOP ( 'NONE', ( #417, #1526, #1441, #140 ) ) ;
#72 = CARTESIAN_POINT ( 'NONE',  ( 41.00000000000000711, -2.000000000000000000, -62.75000000000000000 ) ) ;
#73 = EDGE_CURVE ( 'NONE', #1750, #241, #962, .T. ) ;
#74 = FACE_OUTER_BOUND ( 'NONE', #527, .T. ) ;
#75 = DIRECTION ( 'NONE',  ( -0.000000000000000000, 0.000000000000000000, -1.000000000000000000 ) ) ;
#76 = ORIENTED_EDGE ( 'NONE', *, *, #1393, .F. ) ;
#77 = EDGE_CURVE ( 'NONE', #702, #809, #1524, .T. ) ;
#78 = CARTESIAN_POINT ( 'NONE',  ( 26.00000000000001776, 1.899999999999995470, -77.00000000000000000 ) ) ;
#79 = EDGE_LOOP ( 'NONE', ( #171, #18, #226, #925, #1645, #1484 ) ) ;
#80 = PRESENTATION_LAYER_ASSIGNMENT (  '', '', ( #690 ) ) ;
#81 = DIRECTION ( 'NONE',  ( 0.3162277660168382742, 0.000000000000000000, 0.9486832980505137680 ) ) ;
#82 = VECTOR ( 'NONE', #1274, 1000.000000000000000 ) ;
#83 = ORIENTED_EDGE ( 'NONE', *, *, #379, .F. ) ;
#84 = DIRECTION ( 'NONE',  ( 0.000000000000000000, -1.000000000000000000, 0.000000000000000000 ) ) ;
#85 = ORIENTED_EDGE ( 'NONE', *, *, #1457, .T. ) ;
#86 = ADVANCED_FACE ( 'NONE', ( #228, #1215, #1076, #1245, #221, #74 ), #817, .T. ) ;
#87 = ORIENTED_EDGE ( 'NONE', *, *, #1547, .T. ) ;
#88 = LINE ( 'NONE', #542, #328 ) ;
#89 = ORIENTED_EDGE ( 'NONE', *, *, #1565, .F. ) ;
#90 = DIRECTION ( 'NONE',  ( 0.000000000000000000, 0.000000000000000000, 1.000000000000000000 ) ) ;
#91 = AXIS2_PLACEMENT_3D ( 'NONE', #94, #1872, #1144 ) ;
#92 = VECTOR ( 'NONE', #410, 1000.000000000000227 ) ;
#93 = ADVANCED_FACE ( 'NONE', ( #1828 ), #1665, .F. ) ;
#94 = CARTESIAN_POINT ( 'NONE',  ( -45.00000000000000000, -1.000999999999998336, -60.00000000000000711 ) ) ;
#95 = CIRCLE ( 'NONE', #1163, 0.7500000000000006661 ) ;
#96 = EDGE_LOOP ( 'NONE', ( #1023, #1339, #812, #1212 ) ) ;
#97 = EDGE_CURVE ( 'NONE', #256, #1559, #1395, .T. ) ;
#98 =( NAMED_UNIT ( * ) PLANE_ANGLE_UNIT ( ) SI_UNIT ( $, .RADIAN. ) );
#99 = DIRECTION ( 'NONE',  ( 1.000000000000000000, 0.000000000000000000, 0.000000000000000000 ) ) ;
#100 = ORIENTED_EDGE ( 'NONE', *, *, #1253, .F. ) ;
#101 = PLANE ( 'NONE',  #976 ) ;
#102 = CARTESIAN_POINT ( 'NONE',  ( -41.00000000000000711, -0.5000000000000000000, -62.75000000000000000 ) ) ;
#103 = FACE_OUTER_BOUND ( 'NONE', #1382, .T. ) ;
#104 = ORIENTED_EDGE ( 'NONE', *, *, #1654, .T. ) ;
#105 = APPLICATION_PROTOCOL_DEFINITION ( 'draft international standard', 'automotive_design', 1998, #1859 ) ;
#106 = DIRECTION ( 'NONE',  ( 2.891205793294676354E-16, 0.000000000000000000, -1.000000000000000000 ) ) ;
#107 = ORIENTED_EDGE ( 'NONE', *, *, #17, .T. ) ;
#108 = LINE ( 'NONE', #703, #816 ) ;
#109 = DIRECTION ( 'NONE',  ( 1.000000000000000000, -1.734723475976810299E-16, -0.000000000000000000 ) ) ;
#110 = AXIS2_PLACEMENT_3D ( 'NONE', #938, #1075, #1506 ) ;
#111 = FACE_BOUND ( 'NONE', #1359, .T. ) ;
#112 = ORIENTED_EDGE ( 'NONE', *, *, #295, .F. ) ;
#113 = VECTOR ( 'NONE', #1248, 1000.000000000000000 ) ;
#114 = PRODUCT_DEFINITION_FORMATION_WITH_SPECIFIED_SOURCE ( 'ANY', '', #1294, .NOT_KNOWN. ) ;
#115 = EDGE_CURVE ( 'NONE', #1435, #689, #632, .T. ) ;
#116 = PLANE ( 'NONE',  #533 ) ;
#117 = ORIENTED_EDGE ( 'NONE', *, *, #384, .T. ) ;
#118 = CARTESIAN_POINT ( 'NONE',  ( -40.99999999999999289, -2.000000000000000000, -62.00000000000000000 ) ) ;
#119 = CARTESIAN_POINT ( 'NONE',  ( -43.00000000000000000, -1.000000000000000000, -7.000000000000000000 ) ) ;
#120 = DIRECTION ( 'NONE',  ( -1.000000000000000000, 0.000000000000000000, -0.000000000000000000 ) ) ;
#121 = VERTEX_POINT ( 'NONE', #376 ) ;
#122 = AXIS2_PLACEMENT_3D ( 'NONE', #1269, #1433, #1738 ) ;
#123 = ADVANCED_FACE ( 'NONE', ( #280 ), #418, .F. ) ;
#124 = VECTOR ( 'NONE', #734, 1000.000000000000000 ) ;
#125 = CARTESIAN_POINT ( 'NONE',  ( -45.00000000000001421, 13.80000000000000071, -65.00000000000000000 ) ) ;
#126 = ORIENTED_EDGE ( 'NONE', *, *, #1087, .F. ) ;
#127 = CYLINDRICAL_SURFACE ( 'NONE', #1117, 3.000000000000002665 ) ;
#128 = VECTOR ( 'NONE', #356, 1000.000000000000000 ) ;
#129 = FACE_OUTER_BOUND ( 'NONE', #42, .T. ) ;
#130 = EDGE_CURVE ( 'NONE', #313, #38, #1878, .T. ) ;
#131 = LINE ( 'NONE', #547, #888 ) ;
#132 = ORIENTED_EDGE ( 'NONE', *, *, #205, .T. ) ;
#133 = CARTESIAN_POINT ( 'NONE',  ( -40.99999999999999289, -0.5000000000000000000, -4.000000000000000000 ) ) ;
#134 = ORIENTED_EDGE ( 'NONE', *, *, #176, .F. ) ;
#135 = DIRECTION ( 'NONE',  ( 0.000000000000000000, 0.000000000000000000, -1.000000000000000000 ) ) ;
#136 = ORIENTED_EDGE ( 'NONE', *, *, #1565, .T. ) ;
#137 = DIRECTION ( 'NONE',  ( -0.000000000000000000, -1.000000000000000000, -0.000000000000000000 ) ) ;
#138 = DIRECTION ( 'NONE',  ( 1.119176436114069085E-16, 0.000000000000000000, -1.000000000000000000 ) ) ;
#139 = PRODUCT_RELATED_PRODUCT_CATEGORY ( 'part', '', ( #1294 ) ) ;
#140 = ORIENTED_EDGE ( 'NONE', *, *, #1622, .F. ) ;
#141 = DIRECTION ( 'NONE',  ( 0.9486832980505136570, 0.000000000000000000, -0.3162277660168387183 ) ) ;
#142 = CONTEXT_DEPENDENT_SHAPE_REPRESENTATION ( #1723, #1121 ) ;
#143 = AXIS2_PLACEMENT_3D ( 'NONE', #844, #892, #1783 ) ;
#144 = EDGE_CURVE ( 'NONE', #1225, #1509, #1134, .T. ) ;
#145 = LINE ( 'NONE', #4, #972 ) ;
#146 = CIRCLE ( 'NONE', #210, 3.000000000000002665 ) ;
#147 = ORIENTED_EDGE ( 'NONE', *, *, #1406, .F. ) ;
#148 = FACE_OUTER_BOUND ( 'NONE', #556, .T. ) ;
#149 = ORIENTED_EDGE ( 'NONE', *, *, #971, .F. ) ;
#150 = LINE ( 'NONE', #1613, #33 ) ;
#151 = LINE ( 'NONE', #579, #931 ) ;
#152 = ORIENTED_EDGE ( 'NONE', *, *, #1619, .F. ) ;
#153 = EDGE_CURVE ( 'NONE', #1716, #1079, #244, .T. ) ;
#154 = CARTESIAN_POINT ( 'NONE',  ( 37.99999999999999289, -2.000000000000000000, -62.00000000000000000 ) ) ;
#155 = ADVANCED_FACE ( 'NONE', ( #671 ), #1443, .F. ) ;
#156 = LINE ( 'NONE', #307, #1336 ) ;
#157 = EDGE_LOOP ( 'NONE', ( #964, #804, #607, #1754, #420, #1392, #724, #1808 ) ) ;
#158 = DIRECTION ( 'NONE',  ( 0.000000000000000000, 0.000000000000000000, -1.000000000000000000 ) ) ;
#159 = ORIENTED_EDGE ( 'NONE', *, *, #998, .T. ) ;
#160 = DIRECTION ( 'NONE',  ( -1.000000000000000000, -2.478176394252580771E-17, 0.000000000000000000 ) ) ;
#161 = CARTESIAN_POINT ( 'NONE',  ( -40.99999999999999289, -10.48528137423858020, -59.00000000000000711 ) ) ;
#162 = ADVANCED_FACE ( 'NONE', ( #534 ), #1005, .F. ) ;
#163 = AXIS2_PLACEMENT_3D ( 'NONE', #1591, #277, #167 ) ;
#164 = ORIENTED_EDGE ( 'NONE', *, *, #350, .F. ) ;
#165 = DIRECTION ( 'NONE',  ( 0.000000000000000000, 1.000000000000000000, 0.000000000000000000 ) ) ;
#166 = LINE ( 'NONE', #193, #53 ) ;
#167 = DIRECTION ( 'NONE',  ( -0.9838699100999075409, 0.000000000000000000, 0.1788854381999830656 ) ) ;
#168 = VERTEX_POINT ( 'NONE', #270 ) ;
#169 = CARTESIAN_POINT ( 'NONE',  ( 16.00000000000000711, 0.000000000000000000, -64.00000000000000000 ) ) ;
#170 = DIRECTION ( 'NONE',  ( -0.000000000000000000, 1.000000000000000000, -0.000000000000000000 ) ) ;
#171 = ORIENTED_EDGE ( 'NONE', *, *, #406, .T. ) ;
#172 = DIRECTION ( 'NONE',  ( -0.000000000000000000, 0.000000000000000000, 1.000000000000000000 ) ) ;
#173 = AXIS2_PLACEMENT_3D ( 'NONE', #1804, #40, #1052 ) ;
#174 = CARTESIAN_POINT ( 'NONE',  ( -45.00000000000001421, 13.80000000000000071, -60.00000000000000711 ) ) ;
#175 = FACE_OUTER_BOUND ( 'NONE', #1029, .T. ) ;
#176 = EDGE_CURVE ( 'NONE', #375, #1857, #560, .T. ) ;
#177 = ORIENTED_EDGE ( 'NONE', *, *, #1756, .T. ) ;
#178 = DIRECTION ( 'NONE',  ( -0.000000000000000000, -1.000000000000000000, -0.000000000000000000 ) ) ;
#179 = DIRECTION ( 'NONE',  ( 1.000000000000000000, 0.000000000000000000, 0.000000000000000000 ) ) ;
#180 = EDGE_LOOP ( 'NONE', ( #1293, #164, #624, #1635 ) ) ;
#181 = CARTESIAN_POINT ( 'NONE',  ( -42.99999999999999289, -1.000000000000000000, -64.00000000000000000 ) ) ;
#182 = EDGE_CURVE ( 'NONE', #1259, #511, #850, .T. ) ;
#183 = CARTESIAN_POINT ( 'NONE',  ( -41.00000000000000711, -2.000000000000000000, -65.00000000000000000 ) ) ;
#184 = FACE_OUTER_BOUND ( 'NONE', #712, .T. ) ;
#185 = AXIS2_PLACEMENT_3D ( 'NONE', #1800, #651, #1812 ) ;
#186 = ORIENTED_EDGE ( 'NONE', *, *, #1520, .T. ) ;
#187 = DIRECTION ( 'NONE',  ( 0.000000000000000000, -1.000000000000000000, 0.000000000000000000 ) ) ;
#188 = SURFACE_SIDE_STYLE ('',( #631 ) ) ;
#189 = EDGE_LOOP ( 'NONE', ( #454, #825, #442, #89 ) ) ;
#190 = EDGE_CURVE ( 'NONE', #241, #1313, #1728, .T. ) ;
#191 = CARTESIAN_POINT ( 'NONE',  ( -45.00000000000000000, -0.9999999999999991118, 0.000000000000000000 ) ) ;
#192 = VERTEX_POINT ( 'NONE', #1582 ) ;
#193 = CARTESIAN_POINT ( 'NONE',  ( 16.00000000000000711, -1.000000000000000000, -64.00000000000000000 ) ) ;
#194 = CARTESIAN_POINT ( 'NONE',  ( -40.09016994374961484, 0.8999999999999939160, -66.00000000000000000 ) ) ;
#195 = ORIENTED_EDGE ( 'NONE', *, *, #555, .F. ) ;
#196 = DIRECTION ( 'NONE',  ( -0.000000000000000000, 0.000000000000000000, -1.000000000000000000 ) ) ;
#197 = CARTESIAN_POINT ( 'NONE',  ( -45.00000000000000000, 13.80000000000000071, -60.00000000000000711 ) ) ;
#198 = DIRECTION ( 'NONE',  ( -0.000000000000000000, -1.000000000000000000, 0.000000000000000000 ) ) ;
#199 = ORIENTED_EDGE ( 'NONE', *, *, #182, .F. ) ;
#200 = AXIS2_PLACEMENT_3D ( 'NONE', #1616, #1194, #1748 ) ;
#201 = DIRECTION ( 'NONE',  ( 1.000000000000000000, 2.478176394252580463E-17, 0.000000000000000000 ) ) ;
#202 = EDGE_CURVE ( 'NONE', #1497, #1420, #1593, .T. ) ;
#203 = EDGE_LOOP ( 'NONE', ( #803, #1771 ) ) ;
#204 = AXIS2_PLACEMENT_3D ( 'NONE', #582, #1220, #902 ) ;
#205 = EDGE_CURVE ( 'NONE', #1513, #405, #834, .T. ) ;
#206 = CARTESIAN_POINT ( 'NONE',  ( -45.00000000000000000, 14.80000000000000071, -60.00000000000000711 ) ) ;
#207 =( GEOMETRIC_REPRESENTATION_CONTEXT ( 3 ) GLOBAL_UNCERTAINTY_ASSIGNED_CONTEXT ( ( #1886 ) ) GLOBAL_UNIT_ASSIGNED_CONTEXT ( ( #213, #98, #810 ) ) REPRESENTATION_CONTEXT ( 'NONE', 'WORKASPACE' ) );
#208 = LINE ( 'NONE', #251, #357 ) ;
#209 = ORIENTED_EDGE ( 'NONE', *, *, #144, .T. ) ;
#210 = AXIS2_PLACEMENT_3D ( 'NONE', #118, #1141, #670 ) ;
#211 = CARTESIAN_POINT ( 'NONE',  ( -44.00000000000000000, -1.000000000000000000, -3.999999999999999112 ) ) ;
#212 = EDGE_LOOP ( 'NONE', ( #52, #942 ) ) ;
#213 =( LENGTH_UNIT ( ) NAMED_UNIT ( * ) SI_UNIT ( .MILLI., .METRE. ) );
#214 = LINE ( 'NONE', #616, #1199 ) ;
#215 = EDGE_CURVE ( 'NONE', #717, #499, #1854, .T. ) ;
#216 = VECTOR ( 'NONE', #1310, 1000.000000000000000 ) ;
#217 = EDGE_LOOP ( 'NONE', ( #1727, #1780, #390, #267 ) ) ;
#218 = CARTESIAN_POINT ( 'NONE',  ( -40.99999999999999289, -1.000000000000000000, -4.000000000000000000 ) ) ;
#219 = VECTOR ( 'NONE', #1871, 1000.000000000000000 ) ;
#220 = PLANE ( 'NONE',  #1398 ) ;
#221 = FACE_BOUND ( 'NONE', #819, .T. ) ;
#222 = CARTESIAN_POINT ( 'NONE',  ( 55.50000000000004974, 0.000000000000000000, -18.50000000000006750 ) ) ;
#223 = VERTEX_POINT ( 'NONE', #1573 ) ;
#224 = AXIS2_PLACEMENT_3D ( 'NONE', #32, #300, #158 ) ;
#225 =( NAMED_UNIT ( * ) SI_UNIT ( $, .STERADIAN. ) SOLID_ANGLE_UNIT ( ) );
#226 = ORIENTED_EDGE ( 'NONE', *, *, #153, .T. ) ;
#227 = CYLINDRICAL_SURFACE ( 'NONE', #751, 0.7500000000000006661 ) ;
#228 = FACE_BOUND ( 'NONE', #203, .T. ) ;
#229 = CARTESIAN_POINT ( 'NONE',  ( -40.99999999999999289, -0.5000000000000000000, -4.000000000000000000 ) ) ;
#230 = VERTEX_POINT ( 'NONE', #395 ) ;
#231 = ORIENTED_EDGE ( 'NONE', *, *, #1568, .T. ) ;
#232 = EDGE_CURVE ( 'NONE', #1590, #121, #1423, .T. ) ;
#233 = DIRECTION ( 'NONE',  ( 0.000000000000000000, 1.000000000000000000, 0.000000000000000000 ) ) ;
#234 = CIRCLE ( 'NONE', #944, 3.000000000000002665 ) ;
#235 = VERTEX_POINT ( 'NONE', #261 ) ;
#236 = CARTESIAN_POINT ( 'NONE',  ( -37.99999999999999289, -10.48528137423858020, -62.00000000000000000 ) ) ;
#237 = FACE_OUTER_BOUND ( 'NONE', #921, .T. ) ;
#238 = EDGE_CURVE ( 'NONE', #1884, #907, #1049, .T. ) ;
#239 = VERTEX_POINT ( 'NONE', #861 ) ;
#240 = VECTOR ( 'NONE', #676, 1000.000000000000000 ) ;
#241 = VERTEX_POINT ( 'NONE', #840 ) ;
#242 = FACE_OUTER_BOUND ( 'NONE', #1019, .T. ) ;
#243 = AXIS2_PLACEMENT_3D ( 'NONE', #455, #141, #466 ) ;
#244 = LINE ( 'NONE', #402, #1078 ) ;
#245 = AXIS2_PLACEMENT_3D ( 'NONE', #1124, #544, #1298 ) ;
#246 = AXIS2_PLACEMENT_3D ( 'NONE', #364, #198, #778 ) ;
#247 = DIRECTION ( 'NONE',  ( 1.000000000000000000, -0.000000000000000000, -0.000000000000000000 ) ) ;
#248 = ADVANCED_FACE ( 'NONE', ( #129, #687 ), #1279, .F. ) ;
#249 = ORIENTED_EDGE ( 'NONE', *, *, #496, .F. ) ;
#250 = VECTOR ( 'NONE', #25, 1000.000000000000000 ) ;
#251 = CARTESIAN_POINT ( 'NONE',  ( 36.72075922005613791, 0.000000000000000000, -78.00000000000000000 ) ) ;
#252 = EDGE_LOOP ( 'NONE', ( #132, #900, #722, #709 ) ) ;
#253 = FACE_OUTER_BOUND ( 'NONE', #1743, .T. ) ;
#254 = CARTESIAN_POINT ( 'NONE',  ( 36.00000000000000711, 11.89999999999999325, -77.00000000000000000 ) ) ;
#255 = CARTESIAN_POINT ( 'NONE',  ( 38.00000000000000711, -1.000000000000000000, -54.00000000000000000 ) ) ;
#256 = VERTEX_POINT ( 'NONE', #102 ) ;
#257 = SHAPE_DEFINITION_REPRESENTATION ( #431, #1826 ) ;
#258 = CARTESIAN_POINT ( 'NONE',  ( -40.99999999999999289, -2.000000000000000000, -4.000000000000000000 ) ) ;
#259 = VERTEX_POINT ( 'NONE', #119 ) ;
#260 = FACE_OUTER_BOUND ( 'NONE', #1140, .T. ) ;
#261 = CARTESIAN_POINT ( 'NONE',  ( -41.00000000000000711, -1.000000000000000000, -65.00000000000000000 ) ) ;
#262 = AXIS2_PLACEMENT_3D ( 'NONE', #133, #414, #1009 ) ;
#263 = FACE_OUTER_BOUND ( 'NONE', #189, .T. ) ;
#264 = ORIENTED_EDGE ( 'NONE', *, *, #1235, .F. ) ;
#265 = COLOUR_RGB ( '',0.7921568627450980005, 0.8196078431372548767, 0.9333333333333333481 ) ;
#266 = DIRECTION ( 'NONE',  ( 1.000000000000000000, 0.000000000000000000, -2.135044278125301096E-16 ) ) ;
#267 = ORIENTED_EDGE ( 'NONE', *, *, #1171, .T. ) ;
#268 = EDGE_CURVE ( 'NONE', #499, #1286, #1741, .T. ) ;
#269 = CARTESIAN_POINT ( 'NONE',  ( 43.00000000000000711, -2.000000000000000000, -6.999999999999999112 ) ) ;
#270 = CARTESIAN_POINT ( 'NONE',  ( 43.00000000000000711, -2.000000000000000000, -59.00000000000000711 ) ) ;
#271 = CARTESIAN_POINT ( 'NONE',  ( 45.00000000000000000, 0.000000000000000000, 0.000000000000000000 ) ) ;
#272 = ORIENTED_EDGE ( 'NONE', *, *, #546, .F. ) ;
#273 = VECTOR ( 'NONE', #1626, 1000.000000000000000 ) ;
#274 = CIRCLE ( 'NONE', #1589, 3.000000000000002665 ) ;
#275 = CARTESIAN_POINT ( 'NONE',  ( -37.99999999999999289, -2.000000000000000000, -62.00000000000000000 ) ) ;
#276 = VERTEX_POINT ( 'NONE', #169 ) ;
#277 = DIRECTION ( 'NONE',  ( -0.1788854381999830656, 0.000000000000000000, -0.9838699100999075409 ) ) ;
#278 = PRODUCT_DEFINITION ( 'UNKNOWN', '', #446, #1451 ) ;
#279 = VERTEX_POINT ( 'NONE', #451 ) ;
#280 = FACE_OUTER_BOUND ( 'NONE', #1648, .T. ) ;
#281 = DIRECTION ( 'NONE',  ( 0.000000000000000000, 0.000000000000000000, -1.000000000000000000 ) ) ;
#282 = ORIENTED_EDGE ( 'NONE', *, *, #1803, .T. ) ;
#283 = DIRECTION ( 'NONE',  ( 0.000000000000000000, -0.000000000000000000, 1.000000000000000000 ) ) ;
#284 = APPLICATION_PROTOCOL_DEFINITION ( 'draft international standard', 'automotive_design', 1998, #1136 ) ;
#285 = EDGE_CURVE ( 'NONE', #1823, #870, #1778, .T. ) ;
#286 = LINE ( 'NONE', #867, #1611 ) ;
#287 = ORIENTED_EDGE ( 'NONE', *, *, #130, .F. ) ;
#288 = CARTESIAN_POINT ( 'NONE',  ( -37.99999999999999289, -1.000000000000000000, -64.00000000000000000 ) ) ;
#289 = EDGE_CURVE ( 'NONE', #405, #1518, #1318, .T. ) ;
#290 = ORIENTED_EDGE ( 'NONE', *, *, #384, .F. ) ;
#291 = DIRECTION ( 'NONE',  ( -1.000000000000000000, -0.000000000000000000, -0.000000000000000000 ) ) ;
#292 = CARTESIAN_POINT ( 'NONE',  ( -40.99999999999999289, -1.000000000000000000, -7.000000000000000888 ) ) ;
#293 = CIRCLE ( 'NONE', #1763, 0.7499999999999988898 ) ;
#294 = ORIENTED_EDGE ( 'NONE', *, *, #664, .T. ) ;
#295 = EDGE_CURVE ( 'NONE', #355, #689, #27, .T. ) ;
#296 = PLANE ( 'NONE',  #1186 ) ;
#297 = VECTOR ( 'NONE', #766, 1000.000000000000000 ) ;
#298 = DIRECTION ( 'NONE',  ( -0.000000000000000000, 1.000000000000000000, -0.000000000000000000 ) ) ;
#299 = ORIENTED_EDGE ( 'NONE', *, *, #1651, .F. ) ;
#300 = DIRECTION ( 'NONE',  ( -0.000000000000000000, -1.000000000000000000, -0.000000000000000000 ) ) ;
#301 = EDGE_CURVE ( 'NONE', #1464, #1255, #150, .T. ) ;
#302 = ORIENTED_EDGE ( 'NONE', *, *, #268, .T. ) ;
#303 = CARTESIAN_POINT ( 'NONE',  ( -40.99999999999999289, -2.000000000000000000, -1.000000000000000000 ) ) ;
#304 = CARTESIAN_POINT ( 'NONE',  ( 0.000000000000000000, 13.80000000000000071, 0.000000000000000000 ) ) ;
#305 = EDGE_LOOP ( 'NONE', ( #392, #1529, #1788, #1814 ) ) ;
#306 = FACE_OUTER_BOUND ( 'NONE', #96, .T. ) ;
#307 = CARTESIAN_POINT ( 'NONE',  ( -44.00000000000000000, -1.000000000000000000, -1.000000000000000000 ) ) ;
#308 = PLANE ( 'NONE',  #990 ) ;
#309 = ORIENTED_EDGE ( 'NONE', *, *, #1197, .F. ) ;
#310 = PLANE ( 'NONE',  #1347 ) ;
#311 = LINE ( 'NONE', #1183, #1466 ) ;
#312 = VECTOR ( 'NONE', #1081, 1000.000000000000000 ) ;
#313 = VERTEX_POINT ( 'NONE', #1033 ) ;
#314 = CYLINDRICAL_SURFACE ( 'NONE', #1103, 3.000000000000002665 ) ;
#315 = EDGE_CURVE ( 'NONE', #375, #1255, #586, .T. ) ;
#316 = CARTESIAN_POINT ( 'NONE',  ( 37.99999999999999289, -10.48528137423858020, -62.00000000000000000 ) ) ;
#317 = DIRECTION ( 'NONE',  ( -0.000000000000000000, -1.000000000000000000, -0.000000000000000000 ) ) ;
#318 = EDGE_CURVE ( 'NONE', #1461, #1890, #1044, .T. ) ;
#319 = ORIENTED_EDGE ( 'NONE', *, *, #618, .F. ) ;
#320 = CARTESIAN_POINT ( 'NONE',  ( -45.00000000000001421, 0.000000000000000000, -65.00000000000000000 ) ) ;
#321 = DIRECTION ( 'NONE',  ( -0.000000000000000000, 0.000000000000000000, -1.000000000000000000 ) ) ;
#322 = EDGE_LOOP ( 'NONE', ( #1718, #365, #1328, #1683 ) ) ;
#323 = CARTESIAN_POINT ( 'NONE',  ( 16.00000000000000711, 0.000000000000000000, -64.00000000000000000 ) ) ;
#324 = EDGE_CURVE ( 'NONE', #843, #121, #1477, .T. ) ;
#325 =( GEOMETRIC_REPRESENTATION_CONTEXT ( 3 ) GLOBAL_UNCERTAINTY_ASSIGNED_CONTEXT ( ( #1159 ) ) GLOBAL_UNIT_ASSIGNED_CONTEXT ( ( #332, #1787, #1811 ) ) REPRESENTATION_CONTEXT ( 'NONE', 'WORKASPACE' ) );
#326 = DIRECTION ( 'NONE',  ( 0.000000000000000000, -0.000000000000000000, -1.000000000000000000 ) ) ;
#327 = CARTESIAN_POINT ( 'NONE',  ( 38.00000000000000711, -1.000000000000000000, -54.00000000000000000 ) ) ;
#328 = VECTOR ( 'NONE', #1430, 1000.000000000000000 ) ;
#329 = ADVANCED_FACE ( 'NONE', ( #569 ), #471, .F. ) ;
#330 = VERTEX_POINT ( 'NONE', #1465 ) ;
#331 = DIRECTION ( 'NONE',  ( 0.000000000000000000, 0.000000000000000000, -1.000000000000000000 ) ) ;
#332 =( LENGTH_UNIT ( ) NAMED_UNIT ( * ) SI_UNIT ( .MILLI., .METRE. ) );
#333 = ORIENTED_EDGE ( 'NONE', *, *, #1833, .T. ) ;
#334 = CARTESIAN_POINT ( 'NONE',  ( 43.00000000000000711, -2.000000000000000000, -2.000000000000000000 ) ) ;
#335 = ORIENTED_EDGE ( 'NONE', *, *, #1731, .F. ) ;
#336 = DIRECTION ( 'NONE',  ( 0.000000000000000000, 0.000000000000000000, 1.000000000000000000 ) ) ;
#337 = DIRECTION ( 'NONE',  ( -6.938893903907227392E-16, 0.000000000000000000, -1.000000000000000000 ) ) ;
#338 = VECTOR ( 'NONE', #430, 1000.000000000000000 ) ;
#339 = ORIENTED_EDGE ( 'NONE', *, *, #1127, .F. ) ;
#340 = DIRECTION ( 'NONE',  ( -0.000000000000000000, 1.000000000000000000, -0.000000000000000000 ) ) ;
#341 = PRODUCT_DEFINITION ( 'UNKNOWN', '', #114, #427 ) ;
#342 = CARTESIAN_POINT ( 'NONE',  ( 40.99999999999999289, -1.000000000000000000, -1.000000000000000000 ) ) ;
#343 = CARTESIAN_POINT ( 'NONE',  ( -41.00000000000000711, -0.5000000000000000000, -62.75000000000000000 ) ) ;
#344 = DIRECTION ( 'NONE',  ( -1.000000000000000000, 0.000000000000000000, 0.000000000000000000 ) ) ;
#345 = EDGE_LOOP ( 'NONE', ( #1691, #484, #1082, #45 ) ) ;
#346 = DIRECTION ( 'NONE',  ( -0.9838699100999074298, -2.585973076299241701E-17, 0.1788854381999830379 ) ) ;
#347 = VECTOR ( 'NONE', #1064, 1000.000000000000000 ) ;
#348 = ORIENTED_EDGE ( 'NONE', *, *, #17, .F. ) ;
#349 = DIRECTION ( 'NONE',  ( -1.000000000000000000, -2.478176394252580463E-17, 0.000000000000000000 ) ) ;
#350 = EDGE_CURVE ( 'NONE', #737, #1817, #1768, .T. ) ;
#351 = FACE_OUTER_BOUND ( 'NONE', #635, .T. ) ;
#352 = FACE_OUTER_BOUND ( 'NONE', #1100, .T. ) ;
#353 = DIRECTION ( 'NONE',  ( 1.119176436114069085E-16, 0.000000000000000000, -1.000000000000000000 ) ) ;
#354 = EDGE_CURVE ( 'NONE', #363, #870, #725, .T. ) ;
#355 = VERTEX_POINT ( 'NONE', #1024 ) ;
#356 = DIRECTION ( 'NONE',  ( -0.000000000000000000, -1.000000000000000000, -0.000000000000000000 ) ) ;
#357 = VECTOR ( 'NONE', #492, 1000.000000000000000 ) ;
#358 = ADVANCED_FACE ( 'NONE', ( #744 ), #310, .T. ) ;
#359 = ORIENTED_EDGE ( 'NONE', *, *, #491, .T. ) ;
#360 = FACE_OUTER_BOUND ( 'NONE', #895, .T. ) ;
#361 = AXIS2_PLACEMENT_3D ( 'NONE', #1478, #1174, #1759 ) ;
#362 = CARTESIAN_POINT ( 'NONE',  ( 43.00000000000000711, -1.000000000000000000, -64.00000000000000000 ) ) ;
#363 = VERTEX_POINT ( 'NONE', #578 ) ;
#364 = CARTESIAN_POINT ( 'NONE',  ( 41.00000000000000711, -2.000000000000000000, -62.00000000000000000 ) ) ;
#365 = ORIENTED_EDGE ( 'NONE', *, *, #1290, .T. ) ;
#366 = VECTOR ( 'NONE', #835, 1000.000000000000000 ) ;
#367 = ORIENTED_EDGE ( 'NONE', *, *, #144, .F. ) ;
#368 = FACE_OUTER_BOUND ( 'NONE', #1335, .T. ) ;
#369 = AXIS2_PLACEMENT_3D ( 'NONE', #58, #1543, #918 ) ;
#370 = DIRECTION ( 'NONE',  ( 0.000000000000000000, -1.000000000000000000, 0.000000000000000000 ) ) ;
#371 = CARTESIAN_POINT ( 'NONE',  ( 40.99999999999999289, -2.000000000000000000, -3.250000000000001332 ) ) ;
#372 = EDGE_LOOP ( 'NONE', ( #5, #1058, #784, #333 ) ) ;
#373 = ORIENTED_EDGE ( 'NONE', *, *, #1127, .T. ) ;
#374 = CARTESIAN_POINT ( 'NONE',  ( -37.99999999999999289, -10.48528137423857665, -4.000000000000000000 ) ) ;
#375 = VERTEX_POINT ( 'NONE', #1056 ) ;
#376 = CARTESIAN_POINT ( 'NONE',  ( -45.00000000000000000, -0.9999999999999991118, 0.000000000000000000 ) ) ;
#377 = DIRECTION ( 'NONE',  ( -0.000000000000000000, -0.000000000000000000, -1.000000000000000000 ) ) ;
#378 = ORIENTED_EDGE ( 'NONE', *, *, #891, .F. ) ;
#379 = EDGE_CURVE ( 'NONE', #1250, #1464, #1192, .T. ) ;
#380 = AXIS2_PLACEMENT_3D ( 'NONE', #1366, #1119, #620 ) ;
#381 = CIRCLE ( 'NONE', #622, 3.000000000000001776 ) ;
#382 = ORIENTED_EDGE ( 'NONE', *, *, #459, .T. ) ;
#383 = DIRECTION ( 'NONE',  ( -0.000000000000000000, 1.000000000000000000, -0.000000000000000000 ) ) ;
#384 = EDGE_CURVE ( 'NONE', #1497, #1048, #1346, .T. ) ;
#385 = VECTOR ( 'NONE', #951, 1000.000000000000227 ) ;
#386 = DIRECTION ( 'NONE',  ( -0.000000000000000000, -1.000000000000000000, -0.000000000000000000 ) ) ;
#387 = VECTOR ( 'NONE', #1827, 1000.000000000000000 ) ;
#388 = DIRECTION ( 'NONE',  ( 1.000000000000000000, 0.000000000000000000, -0.000000000000000000 ) ) ;
#389 = VECTOR ( 'NONE', #20, 1000.000000000000000 ) ;
#390 = ORIENTED_EDGE ( 'NONE', *, *, #833, .T. ) ;
#391 = PLANE ( 'NONE',  #654 ) ;
#392 = ORIENTED_EDGE ( 'NONE', *, *, #190, .F. ) ;
#393 = DIRECTION ( 'NONE',  ( -0.000000000000000000, -1.000000000000000000, -0.000000000000000000 ) ) ;
#394 = AXIS2_PLACEMENT_3D ( 'NONE', #1469, #165, #283 ) ;
#395 = CARTESIAN_POINT ( 'NONE',  ( 16.00000000000000711, -1.000000000000000000, -53.99999999999999289 ) ) ;
#396 = CIRCLE ( 'NONE', #602, 3.000000000000000000 ) ;
#397 = CARTESIAN_POINT ( 'NONE',  ( -45.00000000000001421, 13.80000000000000071, -66.00000000000000000 ) ) ;
#398 = ORIENTED_EDGE ( 'NONE', *, *, #934, .T. ) ;
#399 = DIRECTION ( 'NONE',  ( 0.000000000000000000, -1.000000000000000000, 0.000000000000000000 ) ) ;
#400 = ORIENTED_EDGE ( 'NONE', *, *, #1146, .T. ) ;
#401 = PLANE ( 'NONE',  #1496 ) ;
#402 = CARTESIAN_POINT ( 'NONE',  ( 37.99999999999999289, -2.000000000000000000, -62.00000000000000000 ) ) ;
#403 = ADVANCED_FACE ( 'NONE', ( #36 ), #608, .T. ) ;
#404 = CARTESIAN_POINT ( 'NONE',  ( 41.00000000000000711, -2.000000000000000000, -61.25000000000000000 ) ) ;
#405 = VERTEX_POINT ( 'NONE', #713 ) ;
#406 = EDGE_CURVE ( 'NONE', #1453, #629, #1162, .T. ) ;
#407 = FACE_OUTER_BOUND ( 'NONE', #913, .T. ) ;
#408 = ORIENTED_EDGE ( 'NONE', *, *, #1342, .F. ) ;
#409 = DIRECTION ( 'NONE',  ( 6.938893903907228378E-16, 1.000000000000000000, -0.000000000000000000 ) ) ;
#410 = DIRECTION ( 'NONE',  ( 0.3162277660168386628, 1.371419323662773905E-15, 0.9486832980505135460 ) ) ;
#411 = CIRCLE ( 'NONE', #1096, 3.000000000000002665 ) ;
#412 = DIRECTION ( 'NONE',  ( 0.000000000000000000, -1.000000000000000000, 0.000000000000000000 ) ) ;
#413 = ORIENTED_EDGE ( 'NONE', *, *, #1586, .T. ) ;
#414 = DIRECTION ( 'NONE',  ( 0.000000000000000000, -1.000000000000000000, 0.000000000000000000 ) ) ;
#415 = EDGE_LOOP ( 'NONE', ( #838, #177, #1345, #799 ) ) ;
#416 = CARTESIAN_POINT ( 'NONE',  ( 38.00000000000000711, -1.000000000000000000, -54.00000000000000000 ) ) ;
#417 = ORIENTED_EDGE ( 'NONE', *, *, #1176, .T. ) ;
#418 = PLANE ( 'NONE',  #1257 ) ;
#419 = CYLINDRICAL_SURFACE ( 'NONE', #1703, 0.7499999999999988898 ) ;
#420 = ORIENTED_EDGE ( 'NONE', *, *, #324, .T. ) ;
#421 = AXIS2_PLACEMENT_3D ( 'NONE', #980, #1694, #1109 ) ;
#422 = PRODUCT_CONTEXT ( 'NONE', #1432, 'mechanical' ) ;
#423 = EDGE_CURVE ( 'NONE', #746, #1453, #1602, .T. ) ;
#424 = DIRECTION ( 'NONE',  ( 0.000000000000000000, 0.000000000000000000, 1.000000000000000000 ) ) ;
#425 = ORIENTED_EDGE ( 'NONE', *, *, #536, .F. ) ;
#426 = CARTESIAN_POINT ( 'NONE',  ( -45.00000000000001421, -1.000000000000000000, -66.00000000000000000 ) ) ;
#427 = PRODUCT_DEFINITION_CONTEXT ( 'detailed design', #1136, 'design' ) ;
#428 = EDGE_CURVE ( 'NONE', #1802, #1559, #1123, .T. ) ;
#429 = ORIENTED_EDGE ( 'NONE', *, *, #1540, .T. ) ;
#430 = DIRECTION ( 'NONE',  ( -6.938893903907227392E-16, 0.000000000000000000, -1.000000000000000000 ) ) ;
#431 = PRODUCT_DEFINITION_SHAPE ( 'NONE', 'NONE',  #341 ) ;
#432 = EDGE_CURVE ( 'NONE', #168, #563, #1074, .T. ) ;
#433 = CARTESIAN_POINT ( 'NONE',  ( -43.00000000000000000, -1.000000000000000000, -2.000000000000000000 ) ) ;
#434 = VERTEX_POINT ( 'NONE', #1670 ) ;
#435 = DIRECTION ( 'NONE',  ( 0.000000000000000000, 1.000000000000000000, 0.000000000000000000 ) ) ;
#436 = DIRECTION ( 'NONE',  ( 1.000000000000000000, 0.000000000000000000, 2.891205793294675861E-16 ) ) ;
#437 = VERTEX_POINT ( 'NONE', #764 ) ;
#438 = CARTESIAN_POINT ( 'NONE',  ( 40.99999999999999289, -0.5000000000000000000, -4.000000000000000000 ) ) ;
#439 = EDGE_LOOP ( 'NONE', ( #645, #568, #15, #1376 ) ) ;
#440 = DIRECTION ( 'NONE',  ( -0.000000000000000000, 1.000000000000000000, -0.000000000000000000 ) ) ;
#441 = LINE ( 'NONE', #899, #940 ) ;
#442 = ORIENTED_EDGE ( 'NONE', *, *, #555, .T. ) ;
#443 = CIRCLE ( 'NONE', #1400, 0.7500000000000006661 ) ;
#444 = CARTESIAN_POINT ( 'NONE',  ( 41.00000000000000711, -2.000000000000000000, -62.00000000000000000 ) ) ;
#445 = VECTOR ( 'NONE', #1241, 1000.000000000000000 ) ;
#446 = PRODUCT_DEFINITION_FORMATION_WITH_SPECIFIED_SOURCE ( 'ANY', '', #1704, .NOT_KNOWN. ) ;
#447 = EDGE_CURVE ( 'NONE', #1169, #1873, #1653, .T. ) ;
#448 = DIRECTION ( 'NONE',  ( -0.9838699100999074298, 2.327375768669317315E-16, 0.1788854381999830379 ) ) ;
#449 = CARTESIAN_POINT ( 'NONE',  ( 40.99999999999999289, -2.000000000000000000, -4.000000000000000000 ) ) ;
#450 = VERTEX_POINT ( 'NONE', #1090 ) ;
#451 = CARTESIAN_POINT ( 'NONE',  ( -40.99999999999999289, -0.5000000000000000000, -4.749999999999999112 ) ) ;
#452 = EDGE_CURVE ( 'NONE', #1590, #1250, #1680, .T. ) ;
#453 = LINE ( 'NONE', #1035, #657 ) ;
#454 = ORIENTED_EDGE ( 'NONE', *, *, #1877, .F. ) ;
#455 = CARTESIAN_POINT ( 'NONE',  ( 56.44868329805056106, 0.000000000000000000, -18.81622776601690816 ) ) ;
#456 = VECTOR ( 'NONE', #1329, 1000.000000000000000 ) ;
#457 = PLANE ( 'NONE',  #173 ) ;
#458 = PLANE ( 'NONE',  #163 ) ;
#459 = EDGE_CURVE ( 'NONE', #1108, #1420, #537, .T. ) ;
#460 = EDGE_LOOP ( 'NONE', ( #767, #588, #675, #984 ) ) ;
#461 = CARTESIAN_POINT ( 'NONE',  ( -45.00000000000001421, -0.9999999999999991118, -65.00000000000000000 ) ) ;
#462 = VECTOR ( 'NONE', #1519, 1000.000000000000000 ) ;
#463 = CARTESIAN_POINT ( 'NONE',  ( 16.00000000000000711, -1.000000000000000000, -53.99999999999999289 ) ) ;
#464 = VECTOR ( 'NONE', #1207, 1000.000000000000000 ) ;
#465 = ORIENTED_EDGE ( 'NONE', *, *, #1263, .F. ) ;
#466 = DIRECTION ( 'NONE',  ( -0.3162277660168386628, 0.000000000000000000, -0.9486832980505135460 ) ) ;
#467 = ADVANCED_FACE ( 'NONE', ( #360 ), #227, .F. ) ;
#468 = DIRECTION ( 'NONE',  ( -1.000000000000000000, -0.000000000000000000, -0.000000000000000000 ) ) ;
#469 = DIRECTION ( 'NONE',  ( 0.000000000000000000, 1.000000000000000000, 0.000000000000000000 ) ) ;
#470 = EDGE_LOOP ( 'NONE', ( #598, #728, #1316, #858 ) ) ;
#471 = PLANE ( 'NONE',  #698 ) ;
#472 = FACE_OUTER_BOUND ( 'NONE', #439, .T. ) ;
#473 = ORIENTED_EDGE ( 'NONE', *, *, #958, .T. ) ;
#474 = AXIS2_PLACEMENT_3D ( 'NONE', #304, #1320, #1018 ) ;
#475 = CARTESIAN_POINT ( 'NONE',  ( -44.00000000000000000, -2.000000000000000000, -3.999999999999999112 ) ) ;
#476 = ORIENTED_EDGE ( 'NONE', *, *, #268, .F. ) ;
#477 = DIRECTION ( 'NONE',  ( 0.000000000000000000, 1.000000000000000000, 0.000000000000000000 ) ) ;
#478 = LINE ( 'NONE', #1618, #464 ) ;
#479 = ORIENTED_EDGE ( 'NONE', *, *, #1517, .T. ) ;
#480 = CARTESIAN_POINT ( 'NONE',  ( 40.99999999999999289, -10.48528137423857665, -7.000000000000000888 ) ) ;
#481 = CARTESIAN_POINT ( 'NONE',  ( -41.00000000000000711, -2.000000000000000000, -62.75000000000000000 ) ) ;
#482 = DIRECTION ( 'NONE',  ( 0.000000000000000000, 0.000000000000000000, -1.000000000000000000 ) ) ;
#483 = DIRECTION ( 'NONE',  ( -1.000000000000000000, 0.000000000000000000, 0.000000000000000000 ) ) ;
#484 = ORIENTED_EDGE ( 'NONE', *, *, #1094, .F. ) ;
#485 = DIRECTION ( 'NONE',  ( 0.000000000000000000, -1.000000000000000000, 0.000000000000000000 ) ) ;
#486 = DIRECTION ( 'NONE',  ( -1.000000000000000000, 0.000000000000000000, 0.000000000000000000 ) ) ;
#487 = ADVANCED_FACE ( 'NONE', ( #368 ), #43, .F. ) ;
#488 = CLOSED_SHELL ( 'NONE', ( #760, #599, #742, #522, #1011, #9, #358, #1258, #1104, #248, #1629, #1311, #1657, #1238, #1535, #1374, #735, #564, #873, #1037, #1265, #1476, #1042, #487, #1713, #123, #155, #1219, #1314, #329, #719, #1003, #86, #162, #1818, #1587, #605, #1632, #1050, #979, #512, #1790, #1615, #1679, #584, #403, #1830, #93, #628, #1603, #1201, #591, #1353, #1232, #1143, #1447, #467, #1749, #897, #46 ) ) ;
#489 = VERTEX_POINT ( 'NONE', #774 ) ;
#490 = DIRECTION ( 'NONE',  ( 0.000000000000000000, 0.000000000000000000, -1.000000000000000000 ) ) ;
#491 = EDGE_CURVE ( 'NONE', #673, #450, #1187, .T. ) ;
#492 = DIRECTION ( 'NONE',  ( 0.000000000000000000, -1.000000000000000000, 0.000000000000000000 ) ) ;
#493 = DIRECTION ( 'NONE',  ( 0.000000000000000000, -1.000000000000000000, 0.000000000000000000 ) ) ;
#494 = DIRECTION ( 'NONE',  ( 0.000000000000000000, 0.000000000000000000, -1.000000000000000000 ) ) ;
#495 = ORIENTED_EDGE ( 'NONE', *, *, #1370, .F. ) ;
#496 = EDGE_CURVE ( 'NONE', #531, #363, #516, .T. ) ;
#497 =( LENGTH_UNIT ( ) NAMED_UNIT ( * ) SI_UNIT ( .MILLI., .METRE. ) );
#498 = CARTESIAN_POINT ( 'NONE',  ( -40.00000000000001421, 1.899999999999993916, -65.00000000000000000 ) ) ;
#499 = VERTEX_POINT ( 'NONE', #72 ) ;
#500 = LINE ( 'NONE', #269, #1554 ) ;
#501 = ORIENTED_EDGE ( 'NONE', *, *, #786, .F. ) ;
#502 = DIRECTION ( 'NONE',  ( -1.000000000000000000, 0.000000000000000000, 0.000000000000000000 ) ) ;
#503 = ORIENTED_EDGE ( 'NONE', *, *, #1226, .F. ) ;
#504 = DIRECTION ( 'NONE',  ( 0.000000000000000000, 0.000000000000000000, 1.000000000000000000 ) ) ;
#505 = DIRECTION ( 'NONE',  ( 0.000000000000000000, -1.000000000000000000, 0.000000000000000000 ) ) ;
#506 = VERTEX_POINT ( 'NONE', #1244 ) ;
#507 = CYLINDRICAL_SURFACE ( 'NONE', #814, 3.000000000000000000 ) ;
#508 = VECTOR ( 'NONE', #81, 1000.000000000000114 ) ;
#509 = CARTESIAN_POINT ( 'NONE',  ( -37.99999999999999289, -10.48528137423858020, -62.00000000000000000 ) ) ;
#510 = DIRECTION ( 'NONE',  ( 1.000000000000000000, -0.000000000000000000, 0.000000000000000000 ) ) ;
#511 = VERTEX_POINT ( 'NONE', #619 ) ;
#512 = ADVANCED_FACE ( 'NONE', ( #1539 ), #507, .T. ) ;
#513 = VECTOR ( 'NONE', #137, 1000.000000000000000 ) ;
#514 = ORIENTED_EDGE ( 'NONE', *, *, #447, .F. ) ;
#515 = EDGE_CURVE ( 'NONE', #611, #1108, #630, .T. ) ;
#516 = LINE ( 'NONE', #960, #1097 ) ;
#517 = CARTESIAN_POINT ( 'NONE',  ( -37.99999999999999289, -1.000000000000000000, -62.00000000000000000 ) ) ;
#518 = DIRECTION ( 'NONE',  ( 0.000000000000000000, 1.000000000000000000, 0.000000000000000000 ) ) ;
#519 = ORIENTED_EDGE ( 'NONE', *, *, #1586, .F. ) ;
#520 = DIRECTION ( 'NONE',  ( 0.000000000000000000, 0.000000000000000000, 1.000000000000000000 ) ) ;
#521 = VECTOR ( 'NONE', #1039, 1000.000000000000000 ) ;
#522 = ADVANCED_FACE ( 'NONE', ( #1107 ), #1099, .F. ) ;
#523 = ORIENTED_EDGE ( 'NONE', *, *, #1833, .F. ) ;
#524 = CARTESIAN_POINT ( 'NONE',  ( -3.196847548585857193E-16, 12.90000000000010161, -1.854171578179797123E-14 ) ) ;
#525 = CARTESIAN_POINT ( 'NONE',  ( -37.99999999999999289, -1.000000000000000000, -62.00000000000000000 ) ) ;
#526 = DIRECTION ( 'NONE',  ( 1.000000000000000000, 2.478176394252582312E-17, 0.000000000000000000 ) ) ;
#527 = EDGE_LOOP ( 'NONE', ( #1145, #1233, #1110, #429, #936, #1701, #1555, #1361 ) ) ;
#528 = CARTESIAN_POINT ( 'NONE',  ( 1042.669040948425391, 1042.688488887152062, 1042.648676363559616 ) ) ;
#530 = EDGE_CURVE ( 'NONE', #1461, #1791, #63, .T. ) ;
#529 = CARTESIAN_POINT ( 'NONE',  ( -40.99999999999999289, -1.000000000000000000, -59.00000000000000711 ) ) ;
#531 = VERTEX_POINT ( 'NONE', #1083 ) ;
#532 = CARTESIAN_POINT ( 'NONE',  ( -37.99999999999999289, -2.000000000000000000, -4.000000000000000000 ) ) ;
#533 = AXIS2_PLACEMENT_3D ( 'NONE', #1312, #106, #1460 ) ;
#534 = FACE_OUTER_BOUND ( 'NONE', #252, .T. ) ;
#535 = PRODUCT_DEFINITION_FORMATION_WITH_SPECIFIED_SOURCE ( 'ANY', '', #1414, .NOT_KNOWN. ) ;
#536 = EDGE_CURVE ( 'NONE', #821, #669, #1664, .T. ) ;
#537 = CIRCLE ( 'NONE', #1278, 3.000000000000001776 ) ;
#538 = CARTESIAN_POINT ( 'NONE',  ( 40.00000000000001421, 11.90000000000001101, -65.00000000000000000 ) ) ;
#539 = ORIENTED_EDGE ( 'NONE', *, *, #1253, .T. ) ;
#540 = CARTESIAN_POINT ( 'NONE',  ( -40.99999999999999289, -1.000000000000000000, -62.00000000000000000 ) ) ;
#541 = VERTEX_POINT ( 'NONE', #206 ) ;
#542 = CARTESIAN_POINT ( 'NONE',  ( 16.00000000000000711, 0.000000000000000000, -53.99999999999999289 ) ) ;
#543 = VECTOR ( 'NONE', #502, 1000.000000000000000 ) ;
#544 = DIRECTION ( 'NONE',  ( -0.000000000000000000, 0.000000000000000000, -1.000000000000000000 ) ) ;
#545 = VECTOR ( 'NONE', #823, 1000.000000000000000 ) ;
#546 = EDGE_CURVE ( 'NONE', #551, #1453, #1377, .T. ) ;
#547 = CARTESIAN_POINT ( 'NONE',  ( 37.99999999999999289, -1.000000000000000000, -4.000000000000000000 ) ) ;
#548 = ORIENTED_EDGE ( 'NONE', *, *, #1803, .F. ) ;
#549 = AXIS2_PLACEMENT_3D ( 'NONE', #438, #317, #1344 ) ;
#550 = CARTESIAN_POINT ( 'NONE',  ( 40.99999999999999289, -10.48528137423858020, -59.00000000000000711 ) ) ;
#551 = VERTEX_POINT ( 'NONE', #1819 ) ;
#552 = DIRECTION ( 'NONE',  ( -2.478176394252582312E-17, 1.000000000000000000, -1.437342308666497870E-15 ) ) ;
#553 = DIRECTION ( 'NONE',  ( -0.000000000000000000, -1.000000000000000000, 0.000000000000000000 ) ) ;
#554 = PLANE ( 'NONE',  #983 ) ;
#555 = EDGE_CURVE ( 'NONE', #563, #35, #500, .T. ) ;
#556 = EDGE_LOOP ( 'NONE', ( #408, #12, #1534, #1010 ) ) ;
#557 = DIRECTION ( 'NONE',  ( -2.135044278125301096E-16, 0.000000000000000000, 1.000000000000000000 ) ) ;
#558 = ORIENTED_EDGE ( 'NONE', *, *, #1689, .T. ) ;
#559 = CARTESIAN_POINT ( 'NONE',  ( 40.99999999999999289, -0.5000000000000000000, -3.250000000000001332 ) ) ;
#560 = LINE ( 'NONE', #1114, #545 ) ;
#561 = CIRCLE ( 'NONE', #262, 0.7499999999999988898 ) ;
#562 = CARTESIAN_POINT ( 'NONE',  ( -3.196847548585833527E-16, 12.90000000000000746, -66.00000000000000000 ) ) ;
#563 = VERTEX_POINT ( 'NONE', #1735 ) ;
#564 = ADVANCED_FACE ( 'NONE', ( #253 ), #401, .T. ) ;
#565 = FACE_OUTER_BOUND ( 'NONE', #955, .T. ) ;
#566 = ORIENTED_EDGE ( 'NONE', *, *, #889, .F. ) ;
#567 = DIRECTION ( 'NONE',  ( 0.000000000000000000, 1.000000000000000000, 0.000000000000000000 ) ) ;
#568 = ORIENTED_EDGE ( 'NONE', *, *, #1031, .F. ) ;
#569 = FACE_OUTER_BOUND ( 'NONE', #79, .T. ) ;
#570 = DIRECTION ( 'NONE',  ( 0.000000000000000000, -1.000000000000000000, 0.000000000000000000 ) ) ;
#571 = ORIENTED_EDGE ( 'NONE', *, *, #1646, .T. ) ;
#572 = DIRECTION ( 'NONE',  ( 0.000000000000000000, -0.000000000000000000, 1.000000000000000000 ) ) ;
#573 = DIRECTION ( 'NONE',  ( 1.000000000000000000, 0.000000000000000000, 2.891205793294675861E-16 ) ) ;
#574 = ORIENTED_EDGE ( 'NONE', *, *, #1794, .F. ) ;
#575 = EDGE_CURVE ( 'NONE', #1487, #1513, #1707, .T. ) ;
#576 = DIRECTION ( 'NONE',  ( 0.000000000000000000, -1.000000000000000000, 0.000000000000000000 ) ) ;
#577 = ORIENTED_EDGE ( 'NONE', *, *, #115, .T. ) ;
#578 = CARTESIAN_POINT ( 'NONE',  ( 25.90983005625042424, 0.8999999999999956923, -78.00000000000000000 ) ) ;
#579 = CARTESIAN_POINT ( 'NONE',  ( -44.00000000000001421, -2.000000000000000000, -62.00000000000000000 ) ) ;
#580 = ORIENTED_EDGE ( 'NONE', *, *, #1756, .F. ) ;
#581 = CARTESIAN_POINT ( 'NONE',  ( 16.00000000000000711, -1.000000000000000000, -53.99999999999999289 ) ) ;
#582 = CARTESIAN_POINT ( 'NONE',  ( -40.99999999999999289, -2.000000000000000000, -4.000000000000000000 ) ) ;
#583 = DIRECTION ( 'NONE',  ( -0.000000000000000000, 1.000000000000000000, -0.000000000000000000 ) ) ;
#584 = ADVANCED_FACE ( 'NONE', ( #1862 ), #1131, .T. ) ;
#585 = ORIENTED_EDGE ( 'NONE', *, *, #1146, .F. ) ;
#586 = LINE ( 'NONE', #884, #1285 ) ;
#587 = CARTESIAN_POINT ( 'NONE',  ( 41.00000000000000711, -0.5000000000000000000, -61.25000000000000000 ) ) ;
#588 = ORIENTED_EDGE ( 'NONE', *, *, #1132, .T. ) ;
#589 = AXIS2_PLACEMENT_3D ( 'NONE', #1578, #701, #557 ) ;
#590 = PLANE ( 'NONE',  #394 ) ;
#591 = ADVANCED_FACE ( 'NONE', ( #1853 ), #1572, .T. ) ;
#592 = LINE ( 'NONE', #316, #1671 ) ;
#593 = CARTESIAN_POINT ( 'NONE',  ( -45.00000000000001421, 0.000000000000000000, -65.00000000000000000 ) ) ;
#594 = VECTOR ( 'NONE', #383, 1000.000000000000000 ) ;
#595 = ORIENTED_EDGE ( 'NONE', *, *, #432, .F. ) ;
#596 = CARTESIAN_POINT ( 'NONE',  ( 44.00000000000000000, -2.000000000000000000, -3.999999999999996447 ) ) ;
#597 = FACE_OUTER_BOUND ( 'NONE', #305, .T. ) ;
#598 = ORIENTED_EDGE ( 'NONE', *, *, #1654, .F. ) ;
#599 = ADVANCED_FACE ( 'NONE', ( #260 ), #839, .F. ) ;
#600 = VECTOR ( 'NONE', #613, 1000.000000000000000 ) ;
#601 = CARTESIAN_POINT ( 'NONE',  ( 41.00000000000000711, -2.000000000000000000, -65.00000000000000000 ) ) ;
#602 = AXIS2_PLACEMENT_3D ( 'NONE', #678, #1856, #1135 ) ;
#603 = VECTOR ( 'NONE', #510, 1000.000000000000000 ) ;
#604 = LINE ( 'NONE', #1210, #1272 ) ;
#605 = ADVANCED_FACE ( 'NONE', ( #1546 ), #101, .F. ) ;
#606 = CARTESIAN_POINT ( 'NONE',  ( -44.00000000000001421, -2.000000000000000000, -65.00000000000000000 ) ) ;
#607 = ORIENTED_EDGE ( 'NONE', *, *, #1807, .F. ) ;
#608 = PLANE ( 'NONE',  #1160 ) ;
#609 = CIRCLE ( 'NONE', #856, 0.7500000000000006661 ) ;
#610 = CARTESIAN_POINT ( 'NONE',  ( -37.99999999999999289, -1.000000000000000000, -4.000000000000000000 ) ) ;
#611 = VERTEX_POINT ( 'NONE', #532 ) ;
#612 = EDGE_CURVE ( 'NONE', #276, #551, #88, .T. ) ;
#613 = DIRECTION ( 'NONE',  ( 2.135044278125300850E-16, 0.000000000000000000, 1.000000000000000000 ) ) ;
#614 = ORIENTED_EDGE ( 'NONE', *, *, #1452, .T. ) ;
#615 = CARTESIAN_POINT ( 'NONE',  ( 40.72075922005615212, 0.8999999999999958034, -66.00000000000000000 ) ) ;
#616 = CARTESIAN_POINT ( 'NONE',  ( -45.00000000000001421, 13.80000000000000071, -65.00000000000000000 ) ) ;
#617 = EDGE_LOOP ( 'NONE', ( #1638, #1130, #548, #743 ) ) ;
#618 = EDGE_CURVE ( 'NONE', #1642, #1309, #146, .T. ) ;
#619 = CARTESIAN_POINT ( 'NONE',  ( 36.00000000000000711, 11.89999999999999325, -77.00000000000000000 ) ) ;
#620 = DIRECTION ( 'NONE',  ( 0.000000000000000000, 0.000000000000000000, -1.000000000000000000 ) ) ;
#621 = ORIENTED_EDGE ( 'NONE', *, *, #1167, .T. ) ;
#622 = AXIS2_PLACEMENT_3D ( 'NONE', #1308, #1164, #1604 ) ;
#623 = LINE ( 'NONE', #1508, #847 ) ;
#624 = ORIENTED_EDGE ( 'NONE', *, *, #1273, .F. ) ;
#625 = AXIS2_PLACEMENT_3D ( 'NONE', #922, #911, #24 ) ;
#626 = CARTESIAN_POINT ( 'NONE',  ( 37.99999999999999289, -2.000000000000000000, -64.00000000000000000 ) ) ;
#627 = PLANE ( 'NONE',  #69 ) ;
#628 = ADVANCED_FACE ( 'NONE', ( #242 ), #127, .T. ) ;
#629 = VERTEX_POINT ( 'NONE', #1726 ) ;
#630 = LINE ( 'NONE', #374, #1431 ) ;
#631 = SURFACE_STYLE_FILL_AREA ( #1348 ) ;
#632 = LINE ( 'NONE', #1252, #3 ) ;
#633 = EDGE_CURVE ( 'NONE', #1403, #717, #443, .T. ) ;
#634 = DIRECTION ( 'NONE',  ( 0.000000000000000000, 0.000000000000000000, -1.000000000000000000 ) ) ;
#635 = EDGE_LOOP ( 'NONE', ( #1043, #186, #973, #795 ) ) ;
#636 = VECTOR ( 'NONE', #1500, 1000.000000000000000 ) ;
#637 = LINE ( 'NONE', #1230, #113 ) ;
#638 = LINE ( 'NONE', #762, #1053 ) ;
#639 = AXIS2_PLACEMENT_3D ( 'NONE', #1434, #1558, #120 ) ;
#640 = ORIENTED_EDGE ( 'NONE', *, *, #954, .T. ) ;
#641 = CARTESIAN_POINT ( 'NONE',  ( 38.00000000000000711, 0.000000000000000000, -54.00000000000000000 ) ) ;
#642 = ORIENTED_EDGE ( 'NONE', *, *, #285, .F. ) ;
#643 = CIRCLE ( 'NONE', #1661, 3.000000000000002665 ) ;
#644 = PLANE ( 'NONE',  #1439 ) ;
#645 = ORIENTED_EDGE ( 'NONE', *, *, #882, .F. ) ;
#646 = DIRECTION ( 'NONE',  ( 0.000000000000000000, 0.000000000000000000, 1.000000000000000000 ) ) ;
#647 = CARTESIAN_POINT ( 'NONE',  ( -37.99999999999999289, -2.000000000000000000, -64.00000000000000000 ) ) ;
#648 = VERTEX_POINT ( 'NONE', #1260 ) ;
#649 = EDGE_CURVE ( 'NONE', #1890, #1259, #108, .T. ) ;
#650 = CARTESIAN_POINT ( 'NONE',  ( -45.00000000000000000, 0.000000000000000000, 0.000000000000000000 ) ) ;
#651 = DIRECTION ( 'NONE',  ( 0.000000000000000000, -1.000000000000000000, 0.000000000000000000 ) ) ;
#652 = PLANE ( 'NONE',  #369 ) ;
#653 = VERTEX_POINT ( 'NONE', #1698 ) ;
#654 = AXIS2_PLACEMENT_3D ( 'NONE', #1091, #64, #927 ) ;
#655 = DIRECTION ( 'NONE',  ( -0.000000000000000000, 1.000000000000000000, -0.000000000000000000 ) ) ;
#656 = AXIS2_PLACEMENT_3D ( 'NONE', #1178, #1470, #761 ) ;
#657 = VECTOR ( 'NONE', #1879, 1000.000000000000000 ) ;
#658 = ORIENTED_EDGE ( 'NONE', *, *, #1714, .T. ) ;
#659 = DIRECTION ( 'NONE',  ( 0.000000000000000000, 0.000000000000000000, 1.000000000000000000 ) ) ;
#660 = VECTOR ( 'NONE', #233, 1000.000000000000000 ) ;
#661 = EDGE_CURVE ( 'NONE', #241, #733, #1001, .T. ) ;
#662 = DIRECTION ( 'NONE',  ( 1.000000000000000000, -0.000000000000000000, 0.000000000000000000 ) ) ;
#663 = DIRECTION ( 'NONE',  ( 0.000000000000000000, 0.000000000000000000, 1.000000000000000000 ) ) ;
#664 = EDGE_CURVE ( 'NONE', #966, #1642, #1580, .T. ) ;
#665 = ORIENTED_EDGE ( 'NONE', *, *, #1520, .F. ) ;
#666 = CARTESIAN_POINT ( 'NONE',  ( 0.000000000000000000, 0.000000000000000000, 0.000000000000000000 ) ) ;
#667 = VECTOR ( 'NONE', #1729, 1000.000000000000000 ) ;
#668 = AXIS2_PLACEMENT_3D ( 'NONE', #978, #553, #1413 ) ;
#669 = VERTEX_POINT ( 'NONE', #1122 ) ;
#670 = DIRECTION ( 'NONE',  ( 0.000000000000000000, 0.000000000000000000, -1.000000000000000000 ) ) ;
#671 = FACE_OUTER_BOUND ( 'NONE', #1004, .T. ) ;
#672 = DIRECTION ( 'NONE',  ( 0.000000000000000000, 0.000000000000000000, -1.000000000000000000 ) ) ;
#673 = VERTEX_POINT ( 'NONE', #559 ) ;
#674 = LINE ( 'NONE', #1655, #1181 ) ;
#675 = ORIENTED_EDGE ( 'NONE', *, *, #827, .T. ) ;
#676 = DIRECTION ( 'NONE',  ( -2.168404344971008868E-16, 0.000000000000000000, 1.000000000000000000 ) ) ;
#677 = CARTESIAN_POINT ( 'NONE',  ( -2.949029909160598685E-16, 11.90000000000010338, -1.710437347313147257E-14 ) ) ;
#678 = CARTESIAN_POINT ( 'NONE',  ( 40.99999999999999289, -1.000000000000000000, -4.000000000000000000 ) ) ;
#679 = ORIENTED_EDGE ( 'NONE', *, *, #232, .T. ) ;
#680 = EDGE_CURVE ( 'NONE', #1592, #1817, #684, .T. ) ;
#681 = DIRECTION ( 'NONE',  ( 0.000000000000000000, 1.000000000000000000, 0.000000000000000000 ) ) ;
#682 = ORIENTED_EDGE ( 'NONE', *, *, #1498, .T. ) ;
#683 = EDGE_CURVE ( 'NONE', #330, #669, #1608, .T. ) ;
#684 = LINE ( 'NONE', #1411, #240 ) ;
#685 = AXIS2_PLACEMENT_3D ( 'NONE', #1849, #504, #782 ) ;
#686 = ORIENTED_EDGE ( 'NONE', *, *, #1794, .T. ) ;
#687 = FACE_BOUND ( 'NONE', #1062, .T. ) ;
#688 = CARTESIAN_POINT ( 'NONE',  ( 36.00000000000000711, 11.89999999999999325, -77.00000000000000000 ) ) ;
#689 = VERTEX_POINT ( 'NONE', #593 ) ;
#690 = STYLED_ITEM ( 'NONE', ( #1561 ), #1542 ) ;
#691 = ITEM_DEFINED_TRANSFORMATION ( 'NONE', 'NONE', #1577,  #685 ) ;
#692 = CARTESIAN_POINT ( 'NONE',  ( -45.00000000000000000, -1.000999999999998336, -60.00000000000000711 ) ) ;
#693 = ORIENTED_EDGE ( 'NONE', *, *, #1437, .T. ) ;
#694 = DIRECTION ( 'NONE',  ( -2.891205793294675861E-16, 0.000000000000000000, -1.000000000000000000 ) ) ;
#695 = VECTOR ( 'NONE', #13, 1000.000000000000000 ) ;
#696 = EDGE_LOOP ( 'NONE', ( #1841, #679, #26, #83 ) ) ;
#697 = CARTESIAN_POINT ( 'NONE',  ( 41.00000000000000711, -2.000000000000000000, -62.00000000000000000 ) ) ;
#698 = AXIS2_PLACEMENT_3D ( 'NONE', #1494, #19, #1182 ) ;
#699 = LINE ( 'NONE', #538, #1474 ) ;
#700 = ORIENTED_EDGE ( 'NONE', *, *, #1646, .F. ) ;
#701 = DIRECTION ( 'NONE',  ( -1.000000000000000000, 0.000000000000000000, -2.135044278125301096E-16 ) ) ;
#702 = VERTEX_POINT ( 'NONE', #6 ) ;
#703 = CARTESIAN_POINT ( 'NONE',  ( 26.00000000000002132, 11.89999999999999503, -77.00000000000000000 ) ) ;
#704 = ORIENTED_EDGE ( 'NONE', *, *, #649, .F. ) ;
#705 = CARTESIAN_POINT ( 'NONE',  ( 45.00000000000001421, 13.80000000000000071, -65.00000000000000000 ) ) ;
#706 = DIRECTION ( 'NONE',  ( -1.000000000000000000, 0.000000000000000000, 0.000000000000000000 ) ) ;
#707 = ORIENTED_EDGE ( 'NONE', *, *, #301, .F. ) ;
#708 = PLANE ( 'NONE',  #1858 ) ;
#709 = ORIENTED_EDGE ( 'NONE', *, *, #575, .T. ) ;
#710 = CYLINDRICAL_SURFACE ( 'NONE', #224, 0.7500000000000006661 ) ;
#711 = CIRCLE ( 'NONE', #380, 3.000000000000000000 ) ;
#712 = EDGE_LOOP ( 'NONE', ( #959, #7, #1737, #1349 ) ) ;
#713 = CARTESIAN_POINT ( 'NONE',  ( -40.99999999999999289, -1.000000000000000000, -1.000000000000000000 ) ) ;
#714 = EDGE_CURVE ( 'NONE', #1857, #843, #1041, .T. ) ;
#715 = VECTOR ( 'NONE', #1489, 1000.000000000000000 ) ;
#716 = CARTESIAN_POINT ( 'NONE',  ( -40.99999999999999289, -2.000000000000000000, -7.000000000000000888 ) ) ;
#717 = VERTEX_POINT ( 'NONE', #1170 ) ;
#718 = AXIS2_PLACEMENT_3D ( 'NONE', #1421, #393, #1442 ) ;
#719 = ADVANCED_FACE ( 'NONE', ( #175 ), #308, .F. ) ;
#720 = LINE ( 'NONE', #1639, #216 ) ;
#721 = DIRECTION ( 'NONE',  ( -2.135044278125301096E-16, 0.000000000000000000, -1.000000000000000000 ) ) ;
#722 = ORIENTED_EDGE ( 'NONE', *, *, #855, .F. ) ;
#723 = CARTESIAN_POINT ( 'NONE',  ( -40.99999999999999289, -0.5000000000000000000, -3.250000000000001332 ) ) ;
#724 = ORIENTED_EDGE ( 'NONE', *, *, #831, .F. ) ;
#725 = LINE ( 'NONE', #754, #957 ) ;
#726 = AXIS2_PLACEMENT_3D ( 'NONE', #581, #1606, #172 ) ;
#727 = PLANE ( 'NONE',  #200 ) ;
#728 = ORIENTED_EDGE ( 'NONE', *, *, #536, .T. ) ;
#729 = FACE_OUTER_BOUND ( 'NONE', #1175, .T. ) ;
#730 = DIRECTION ( 'NONE',  ( 1.000000000000000000, 0.000000000000000000, 0.000000000000000000 ) ) ;
#731 = ORIENTED_EDGE ( 'NONE', *, *, #182, .T. ) ;
#732 = CARTESIAN_POINT ( 'NONE',  ( 40.99999999999999289, -1.000000000000000000, -62.00000000000000000 ) ) ;
#733 = VERTEX_POINT ( 'NONE', #1179 ) ;
#734 = DIRECTION ( 'NONE',  ( 2.135044278125301096E-16, -0.000000000000000000, 1.000000000000000000 ) ) ;
#735 = ADVANCED_FACE ( 'NONE', ( #1462 ), #458, .T. ) ;
#736 = CARTESIAN_POINT ( 'NONE',  ( 37.99999999999999289, -1.000000000000000000, -62.00000000000000000 ) ) ;
#737 = VERTEX_POINT ( 'NONE', #1621 ) ;
#738 = FACE_OUTER_BOUND ( 'NONE', #372, .T. ) ;
#739 = EDGE_CURVE ( 'NONE', #1000, #1184, #1755, .T. ) ;
#740 = DIRECTION ( 'NONE',  ( -2.168404344971008868E-16, 0.000000000000000000, -1.000000000000000000 ) ) ;
#741 = DIRECTION ( 'NONE',  ( 0.000000000000000000, -1.000000000000000000, 0.000000000000000000 ) ) ;
#742 = ADVANCED_FACE ( 'NONE', ( #752 ), #1610, .F. ) ;
#743 = ORIENTED_EDGE ( 'NONE', *, *, #917, .F. ) ;
#744 = FACE_OUTER_BOUND ( 'NONE', #71, .T. ) ;
#745 = CARTESIAN_POINT ( 'NONE',  ( -45.00000000000001421, 13.80000000000000071, -65.00000000000000000 ) ) ;
#746 = VERTEX_POINT ( 'NONE', #1030 ) ;
#747 = AXIS2_PLACEMENT_3D ( 'NONE', #1742, #1020, #1597 ) ;
#748 = LINE ( 'NONE', #1332, #1436 ) ;
#749 = EDGE_CURVE ( 'NONE', #907, #1055, #859, .T. ) ;
#750 = DIRECTION ( 'NONE',  ( 0.000000000000000000, 0.000000000000000000, -1.000000000000000000 ) ) ;
#751 = AXIS2_PLACEMENT_3D ( 'NONE', #796, #950, #490 ) ;
#752 = FACE_OUTER_BOUND ( 'NONE', #29, .T. ) ;
#753 = ORIENTED_EDGE ( 'NONE', *, *, #491, .F. ) ;
#754 = CARTESIAN_POINT ( 'NONE',  ( -12.89888543819997757, 0.8999999999999945821, -70.94386991009993437 ) ) ;
#755 = DIRECTION ( 'NONE',  ( -1.000000000000000000, 0.000000000000000000, 0.000000000000000000 ) ) ;
#756 = ORIENTED_EDGE ( 'NONE', *, *, #1772, .F. ) ;
#757 = VECTOR ( 'NONE', #1051, 1000.000000000000000 ) ;
#758 = CARTESIAN_POINT ( 'NONE',  ( 43.00000000000000711, -1.000000000000000000, -2.000000000000000000 ) ) ;
#759 = AXIS2_PLACEMENT_3D ( 'NONE', #697, #1337, #905 ) ;
#760 = ADVANCED_FACE ( 'NONE', ( #148 ), #710, .F. ) ;
#761 = DIRECTION ( 'NONE',  ( 0.000000000000000000, 0.000000000000000000, 1.000000000000000000 ) ) ;
#762 = CARTESIAN_POINT ( 'NONE',  ( 25.90983005625042068, -0.000000000000000000, -78.00000000000000000 ) ) ;
#763 = ORIENTED_EDGE ( 'NONE', *, *, #1772, .T. ) ;
#764 = CARTESIAN_POINT ( 'NONE',  ( -40.00000000000001421, 11.90000000000001101, -65.00000000000000000 ) ) ;
#765 = EDGE_CURVE ( 'NONE', #1397, #1746, #643, .T. ) ;
#766 = DIRECTION ( 'NONE',  ( 0.000000000000000000, 0.000000000000000000, 1.000000000000000000 ) ) ;
#767 = ORIENTED_EDGE ( 'NONE', *, *, #1547, .F. ) ;
#768 = CARTESIAN_POINT ( 'NONE',  ( -40.99999999999999289, -0.5000000000000000000, -4.000000000000000000 ) ) ;
#769 = ORIENTED_EDGE ( 'NONE', *, *, #749, .F. ) ;
#770 = CYLINDRICAL_SURFACE ( 'NONE', #1304, 3.000000000000001776 ) ;
#771 = DIRECTION ( 'NONE',  ( -0.000000000000000000, -1.000000000000000000, -0.000000000000000000 ) ) ;
#772 = PRODUCT_DEFINITION_CONTEXT ( 'detailed design', #1859, 'design' ) ;
#773 = ORIENTED_EDGE ( 'NONE', *, *, #994, .F. ) ;
#774 = CARTESIAN_POINT ( 'NONE',  ( 40.99999999999999289, -2.000000000000000000, -4.749999999999999112 ) ) ;
#775 = LINE ( 'NONE', #982, #1417 ) ;
#776 = DIRECTION ( 'NONE',  ( -0.000000000000000000, -1.000000000000000000, -0.000000000000000000 ) ) ;
#777 = VECTOR ( 'NONE', #1047, 1000.000000000000000 ) ;
#778 = DIRECTION ( 'NONE',  ( 0.000000000000000000, 0.000000000000000000, -1.000000000000000000 ) ) ;
#779 = EDGE_LOOP ( 'NONE', ( #665, #1247, #1545, #916, #465, #1243, #1106, #1669 ) ) ;
#780 = PRODUCT_RELATED_PRODUCT_CATEGORY ( 'part', '', ( #1414 ) ) ;
#781 = CIRCLE ( 'NONE', #110, 0.7500000000000006661 ) ;
#782 = DIRECTION ( 'NONE',  ( 1.000000000000000000, 0.000000000000000000, 0.000000000000000000 ) ) ;
#783 = DIRECTION ( 'NONE',  ( 0.000000000000000000, 0.000000000000000000, -1.000000000000000000 ) ) ;
#784 = ORIENTED_EDGE ( 'NONE', *, *, #1375, .F. ) ;
#785 = DIRECTION ( 'NONE',  ( 1.000000000000000000, 0.000000000000000000, 0.000000000000000000 ) ) ;
#786 = EDGE_CURVE ( 'NONE', #717, #1403, #1292, .T. ) ;
#787 = LINE ( 'NONE', #1358, #347 ) ;
#788 = CARTESIAN_POINT ( 'NONE',  ( 41.00000000000000711, -1.000000000000000000, -62.00000000000000000 ) ) ;
#789 = CARTESIAN_POINT ( 'NONE',  ( 45.00000000000001421, 13.80000000000000071, -65.00000000000000000 ) ) ;
#790 = ORIENTED_EDGE ( 'NONE', *, *, #1290, .F. ) ;
#791 = AXIS2_PLACEMENT_3D ( 'NONE', #334, #75, #344 ) ;
#792 = CARTESIAN_POINT ( 'NONE',  ( 43.00000000000000711, -2.000000000000000000, -59.00000000000000711 ) ) ;
#793 = DIRECTION ( 'NONE',  ( -1.000000000000000000, 0.000000000000000000, 2.891205793294675861E-16 ) ) ;
#794 = VECTOR ( 'NONE', #1153, 1000.000000000000000 ) ;
#795 = ORIENTED_EDGE ( 'NONE', *, *, #1807, .T. ) ;
#796 = CARTESIAN_POINT ( 'NONE',  ( 41.00000000000000711, -0.5000000000000000000, -62.00000000000000000 ) ) ;
#797 = CARTESIAN_POINT ( 'NONE',  ( -44.00000000000001421, -2.000000000000000000, -65.00000000000000000 ) ) ;
#798 = VECTOR ( 'NONE', #346, 1000.000000000000227 ) ;
#799 = ORIENTED_EDGE ( 'NONE', *, *, #765, .F. ) ;
#800 = EDGE_CURVE ( 'NONE', #1817, #1487, #826, .T. ) ;
#801 = VECTOR ( 'NONE', #486, 1000.000000000000000 ) ;
#802 = DIRECTION ( 'NONE',  ( -0.3162277660168386628, 0.000000000000000000, -0.9486832980505135460 ) ) ;
#803 = ORIENTED_EDGE ( 'NONE', *, *, #1560, .F. ) ;
#804 = ORIENTED_EDGE ( 'NONE', *, *, #1619, .T. ) ;
#805 = CARTESIAN_POINT ( 'NONE',  ( -40.99999999999999289, -0.5000000000000000000, -4.000000000000000000 ) ) ;
#806 = EDGE_CURVE ( 'NONE', #1873, #35, #893, .T. ) ;
#807 = DIRECTION ( 'NONE',  ( 0.000000000000000000, 0.000000000000000000, 1.000000000000000000 ) ) ;
#808 = CARTESIAN_POINT ( 'NONE',  ( -37.99999999999999289, -1.000000000000000000, -2.000000000000000000 ) ) ;
#809 = VERTEX_POINT ( 'NONE', #1776 ) ;
#810 =( NAMED_UNIT ( * ) SI_UNIT ( $, .STERADIAN. ) SOLID_ANGLE_UNIT ( ) );
#811 = CIRCLE ( 'NONE', #625, 3.000000000000001776 ) ;
#812 = ORIENTED_EDGE ( 'NONE', *, *, #1263, .T. ) ;
#813 = DIRECTION ( 'NONE',  ( -1.000000000000000000, 0.000000000000000000, -2.168404344971008868E-16 ) ) ;
#814 = AXIS2_PLACEMENT_3D ( 'NONE', #1213, #1394, #659 ) ;
#815 = ORIENTED_EDGE ( 'NONE', *, *, #633, .F. ) ;
#816 = VECTOR ( 'NONE', #409, 1000.000000000000000 ) ;
#817 = PLANE ( 'NONE',  #185 ) ;
#818 = FACE_OUTER_BOUND ( 'NONE', #696, .T. ) ;
#819 = EDGE_LOOP ( 'NONE', ( #1712, #76, #294, #970, #1575, #1149, #290, #981, #1401, #378, #686, #1410, #1831, #595, #348, #580 ) ) ;
#820 = AXIS2_PLACEMENT_3D ( 'NONE', #236, #1656, #807 ) ;
#821 = VERTEX_POINT ( 'NONE', #723 ) ;
#822 = CARTESIAN_POINT ( 'NONE',  ( -37.99999999999999289, -2.000000000000000000, -62.00000000000000000 ) ) ;
#823 = DIRECTION ( 'NONE',  ( -1.000000000000000000, 0.000000000000000000, 0.000000000000000000 ) ) ;
#824 = CARTESIAN_POINT ( 'NONE',  ( 45.00000000000001421, 13.80000000000000071, -65.00000000000000000 ) ) ;
#825 = ORIENTED_EDGE ( 'NONE', *, *, #432, .T. ) ;
#826 = CIRCLE ( 'NONE', #11, 3.000000000000000000 ) ;
#827 = EDGE_CURVE ( 'NONE', #1008, #611, #1022, .T. ) ;
#828 = CARTESIAN_POINT ( 'NONE',  ( 40.99999999999999289, -10.48528137423857665, -7.000000000000000888 ) ) ;
#829 = ORIENTED_EDGE ( 'NONE', *, *, #1762, .T. ) ;
#830 = CARTESIAN_POINT ( 'NONE',  ( 40.99999999999999289, -10.48528137423858020, -62.00000000000000000 ) ) ;
#831 = EDGE_CURVE ( 'NONE', #689, #1590, #1634, .T. ) ;
#832 = EDGE_LOOP ( 'NONE', ( #425, #585, #398, #1036 ) ) ;
#833 = EDGE_CURVE ( 'NONE', #1592, #434, #1745, .T. ) ;
#834 = LINE ( 'NONE', #1564, #1228 ) ;
#835 = DIRECTION ( 'NONE',  ( -1.000000000000000000, 0.000000000000000000, 0.000000000000000000 ) ) ;
#836 = ORIENTED_EDGE ( 'NONE', *, *, #515, .F. ) ;
#837 = LINE ( 'NONE', #1882, #1216 ) ;
#838 = ORIENTED_EDGE ( 'NONE', *, *, #1852, .F. ) ;
#839 = CYLINDRICAL_SURFACE ( 'NONE', #718, 0.7500000000000006661 ) ;
#840 = CARTESIAN_POINT ( 'NONE',  ( 45.00000000000000000, 13.80000000000000071, -60.00000000000000711 ) ) ;
#841 = VECTOR ( 'NONE', #526, 1000.000000000000000 ) ;
#842 = DIRECTION ( 'NONE',  ( 1.000000000000000000, -0.000000000000000000, -3.154042683594195121E-16 ) ) ;
#843 = VERTEX_POINT ( 'NONE', #426 ) ;
#844 = CARTESIAN_POINT ( 'NONE',  ( -12.71999999999999353, 0.000000000000000000, -69.96000000000002217 ) ) ;
#845 = ORIENTED_EDGE ( 'NONE', *, *, #661, .T. ) ;
#846 = DIRECTION ( 'NONE',  ( 0.000000000000000000, 0.000000000000000000, 1.000000000000000000 ) ) ;
#847 = VECTOR ( 'NONE', #353, 1000.000000000000000 ) ;
#848 = VECTOR ( 'NONE', #178, 1000.000000000000000 ) ;
#849 = CIRCLE ( 'NONE', #246, 3.000000000000002665 ) ;
#850 = LINE ( 'NONE', #254, #1505 ) ;
#851 = VECTOR ( 'NONE', #939, 1000.000000000000000 ) ;
#852 = EDGE_CURVE ( 'NONE', #966, #313, #1599, .T. ) ;
#853 = PLANE ( 'NONE',  #1438 ) ;
#854 = VERTEX_POINT ( 'NONE', #1231 ) ;
#855 = EDGE_CURVE ( 'NONE', #1487, #1518, #1824, .T. ) ;
#856 = AXIS2_PLACEMENT_3D ( 'NONE', #1221, #505, #1242 ) ;
#857 = DIRECTION ( 'NONE',  ( 0.000000000000000000, 1.000000000000000000, 0.000000000000000000 ) ) ;
#858 = ORIENTED_EDGE ( 'NONE', *, *, #934, .F. ) ;
#859 = LINE ( 'NONE', #606, #1481 ) ;
#860 = ORIENTED_EDGE ( 'NONE', *, *, #1167, .F. ) ;
#861 = CARTESIAN_POINT ( 'NONE',  ( 40.00000000000001421, 11.90000000000001101, -65.00000000000000000 ) ) ;
#862 = EDGE_CURVE ( 'NONE', #1890, #948, #1502, .T. ) ;
#863 = CARTESIAN_POINT ( 'NONE',  ( 40.99999999999999289, -0.5000000000000000000, -4.000000000000000000 ) ) ;
#864 = VERTEX_POINT ( 'NONE', #1071 ) ;
#865 = PLANE ( 'NONE',  #243 ) ;
#866 = APPLICATION_PROTOCOL_DEFINITION ( 'draft international standard', 'automotive_design', 1998, #1690 ) ;
#867 = CARTESIAN_POINT ( 'NONE',  ( -44.00000000000000000, -2.000000000000000000, -1.000000000000000000 ) ) ;
#868 = ORIENTED_EDGE ( 'NONE', *, *, #1583, .T. ) ;
#869 = DIRECTION ( 'NONE',  ( 0.000000000000000000, 1.000000000000000000, 0.000000000000000000 ) ) ;
#870 = VERTEX_POINT ( 'NONE', #194 ) ;
#871 = DIRECTION ( 'NONE',  ( -0.9838699100999074298, -2.585973076299241701E-17, 0.1788854381999830379 ) ) ;
#872 = VECTOR ( 'NONE', #477, 1000.000000000000000 ) ;
#873 = ADVANCED_FACE ( 'NONE', ( #946 ), #627, .T. ) ;
#874 = LINE ( 'NONE', #433, #1214 ) ;
#875 = ORIENTED_EDGE ( 'NONE', *, *, #1342, .T. ) ;
#876 = SHAPE_REPRESENTATION ( 'BleCase3_\X2\041f043e\X0\ \X2\0443043c043e043b04470430043d0438044e\X0\', ( #685 ), #1118 ) ;
#877 = AXIS2_PLACEMENT_3D ( 'NONE', #1889, #321, #755 ) ;
#878 = CARTESIAN_POINT ( 'NONE',  ( 36.00000000000000711, 11.89999999999999325, -77.00000000000000000 ) ) ;
#879 = CARTESIAN_POINT ( 'NONE',  ( 40.00000000000000711, 1.899999999999997247, -65.00000000000000000 ) ) ;
#880 = ORIENTED_EDGE ( 'NONE', *, *, #1280, .F. ) ;
#881 = DIRECTION ( 'NONE',  ( 1.000000000000000000, 0.000000000000000000, -3.154042683594195121E-16 ) ) ;
#882 = EDGE_CURVE ( 'NONE', #887, #1180, #1805, .T. ) ;
#883 = ORIENTED_EDGE ( 'NONE', *, *, #612, .F. ) ;
#884 = CARTESIAN_POINT ( 'NONE',  ( 45.00000000000000000, 13.80000000000000071, -66.00000000000000000 ) ) ;
#885 = VECTOR ( 'NONE', #1675, 1000.000000000000000 ) ;
#886 = LINE ( 'NONE', #161, #1614 ) ;
#887 = VERTEX_POINT ( 'NONE', #1088 ) ;
#888 = VECTOR ( 'NONE', #377, 1000.000000000000000 ) ;
#889 = EDGE_CURVE ( 'NONE', #1191, #489, #1631, .T. ) ;
#890 = DIRECTION ( 'NONE',  ( 0.000000000000000000, 0.000000000000000000, 1.000000000000000000 ) ) ;
#891 = EDGE_CURVE ( 'NONE', #648, #1008, #923, .T. ) ;
#892 = DIRECTION ( 'NONE',  ( -0.1788854381999830656, 0.000000000000000000, -0.9838699100999075409 ) ) ;
#893 = LINE ( 'NONE', #1334, #250 ) ;
#894 = VECTOR ( 'NONE', #1012, 1000.000000000000000 ) ;
#895 = EDGE_LOOP ( 'NONE', ( #1456, #501, #1468, #302 ) ) ;
#896 = CARTESIAN_POINT ( 'NONE',  ( -43.00000000000000000, -2.000000000000000000, -2.000000000000000000 ) ) ;
#897 = ADVANCED_FACE ( 'NONE', ( #184 ), #1373, .F. ) ;
#898 = PRODUCT_DEFINITION_SHAPE ( 'NONE', 'NONE',  #1696 ) ;
#899 = CARTESIAN_POINT ( 'NONE',  ( 40.99999999999999289, -0.5000000000000000000, -3.250000000000001776 ) ) ;
#900 = ORIENTED_EDGE ( 'NONE', *, *, #289, .T. ) ;
#901 = CARTESIAN_POINT ( 'NONE',  ( -37.99999999999999289, -2.000000000000000000, -2.000000000000000000 ) ) ;
#902 = DIRECTION ( 'NONE',  ( 0.000000000000000000, 0.000000000000000000, -1.000000000000000000 ) ) ;
#903 = CARTESIAN_POINT ( 'NONE',  ( 41.00000000000000711, -0.5000000000000000000, -62.00000000000000000 ) ) ;
#904 = ORIENTED_EDGE ( 'NONE', *, *, #1881, .T. ) ;
#905 = DIRECTION ( 'NONE',  ( 0.000000000000000000, 0.000000000000000000, -1.000000000000000000 ) ) ;
#906 = LINE ( 'NONE', #463, #389 ) ;
#907 = VERTEX_POINT ( 'NONE', #61 ) ;
#908 = VECTOR ( 'NONE', #448, 1000.000000000000227 ) ;
#909 = LINE ( 'NONE', #181, #757 ) ;
#910 = AXIS2_PLACEMENT_3D ( 'NONE', #1876, #694, #993 ) ;
#911 = DIRECTION ( 'NONE',  ( 0.000000000000000000, 1.000000000000000000, -0.000000000000000000 ) ) ;
#912 = LINE ( 'NONE', #41, #128 ) ;
#913 = EDGE_LOOP ( 'NONE', ( #1544, #1390, #231, #126 ) ) ;
#914 = DIRECTION ( 'NONE',  ( 2.135044278125301096E-16, 0.000000000000000000, -1.000000000000000000 ) ) ;
#915 = DIRECTION ( 'NONE',  ( 0.000000000000000000, -0.000000000000000000, -1.000000000000000000 ) ) ;
#916 = ORIENTED_EDGE ( 'NONE', *, *, #1206, .T. ) ;
#917 = EDGE_CURVE ( 'NONE', #363, #506, #638, .T. ) ;
#918 = DIRECTION ( 'NONE',  ( 1.000000000000000000, 0.000000000000000000, -2.891205793294676354E-16 ) ) ;
#919 = VECTOR ( 'NONE', #1125, 1000.000000000000000 ) ;
#920 = VECTOR ( 'NONE', #160, 1000.000000000000000 ) ;
#921 = EDGE_LOOP ( 'NONE', ( #112, #1407, #473, #577 ) ) ;
#922 = CARTESIAN_POINT ( 'NONE',  ( -40.99999999999999289, -2.000000000000000000, -4.000000000000000000 ) ) ;
#923 = LINE ( 'NONE', #1650, #801 ) ;
#924 = AXIS2_PLACEMENT_3D ( 'NONE', #444, #1188, #890 ) ;
#925 = ORIENTED_EDGE ( 'NONE', *, *, #1852, .T. ) ;
#926 = DIRECTION ( 'NONE',  ( -0.000000000000000000, 1.000000000000000000, -0.000000000000000000 ) ) ;
#927 = DIRECTION ( 'NONE',  ( 0.000000000000000000, -0.000000000000000000, 1.000000000000000000 ) ) ;
#928 = DIRECTION ( 'NONE',  ( 0.000000000000000000, 1.000000000000000000, 0.000000000000000000 ) ) ;
#929 = EDGE_CURVE ( 'NONE', #746, #1397, #1512, .T. ) ;
#930 = CARTESIAN_POINT ( 'NONE',  ( -45.00000000000001421, -0.9999999999999991118, -66.00000000000000000 ) ) ;
#931 = VECTOR ( 'NONE', #44, 1000.000000000000000 ) ;
#932 = ORIENTED_EDGE ( 'NONE', *, *, #765, .T. ) ;
#933 = DIRECTION ( 'NONE',  ( 0.000000000000000000, -1.000000000000000000, 0.000000000000000000 ) ) ;
#934 = EDGE_CURVE ( 'NONE', #279, #330, #1641, .T. ) ;
#935 = DIRECTION ( 'NONE',  ( 2.478176394252580463E-17, -1.000000000000000000, -8.260587980841944634E-18 ) ) ;
#936 = ORIENTED_EDGE ( 'NONE', *, *, #1682, .T. ) ;
#937 = CARTESIAN_POINT ( 'NONE',  ( -40.99999999999999289, -0.5000000000000000000, -3.250000000000001776 ) ) ;
#938 = CARTESIAN_POINT ( 'NONE',  ( -41.00000000000000711, -2.000000000000000000, -62.00000000000000000 ) ) ;
#939 = DIRECTION ( 'NONE',  ( -0.000000000000000000, 1.000000000000000000, -0.000000000000000000 ) ) ;
#940 = VECTOR ( 'NONE', #1154, 1000.000000000000000 ) ;
#941 = DIRECTION ( 'NONE',  ( -2.168404344971008868E-16, 0.000000000000000000, 1.000000000000000000 ) ) ;
#942 = ORIENTED_EDGE ( 'NONE', *, *, #633, .T. ) ;
#943 = AXIS2_PLACEMENT_3D ( 'NONE', #1667, #68, #1536 ) ;
#944 = AXIS2_PLACEMENT_3D ( 'NONE', #31, #1482, #750 ) ;
#945 = DIRECTION ( 'NONE',  ( 1.000000000000000000, 0.000000000000000000, 0.000000000000000000 ) ) ;
#946 = FACE_OUTER_BOUND ( 'NONE', #1165, .T. ) ;
#947 = AXIS2_PLACEMENT_3D ( 'NONE', #666, #520, #1111 ) ;
#948 = VERTEX_POINT ( 'NONE', #498 ) ;
#949 = EDGE_CURVE ( 'NONE', #1420, #259, #1668, .T. ) ;
#950 = DIRECTION ( 'NONE',  ( -0.000000000000000000, -1.000000000000000000, -0.000000000000000000 ) ) ;
#951 = DIRECTION ( 'NONE',  ( 0.3162277660168386628, 1.232595164407830672E-32, 0.9486832980505135460 ) ) ;
#952 = PLANE ( 'NONE',  #1105 ) ;
#953 = DIRECTION ( 'NONE',  ( -0.000000000000000000, -1.000000000000000000, -0.000000000000000000 ) ) ;
#954 = EDGE_CURVE ( 'NONE', #450, #489, #912, .T. ) ;
#955 = EDGE_LOOP ( 'NONE', ( #1306, #1073, #1579, #574 ) ) ;
#956 = CIRCLE ( 'NONE', #1774, 3.000000000000000000 ) ;
#957 = VECTOR ( 'NONE', #871, 1000.000000000000227 ) ;
#958 = EDGE_CURVE ( 'NONE', #1313, #1435, #214, .T. ) ;
#959 = ORIENTED_EDGE ( 'NONE', *, *, #974, .F. ) ;
#960 = CARTESIAN_POINT ( 'NONE',  ( -2.230358754827310245E-17, 0.8999999999999950262, -78.00000000000000000 ) ) ;
#961 = VECTOR ( 'NONE', #1816, 1000.000000000000000 ) ;
#962 = LINE ( 'NONE', #197, #1840 ) ;
#963 = DIRECTION ( 'NONE',  ( 0.9486832980505136570, 0.000000000000000000, -0.3162277660168387183 ) ) ;
#964 = ORIENTED_EDGE ( 'NONE', *, *, #1069, .T. ) ;
#965 = CARTESIAN_POINT ( 'NONE',  ( 40.72075922005615212, 0.000000000000000000, -66.00000000000000000 ) ) ;
#966 = VERTEX_POINT ( 'NONE', #647 ) ;
#967 = DIRECTION ( 'NONE',  ( -0.000000000000000000, 1.000000000000000000, -0.000000000000000000 ) ) ;
#968 = ORIENTED_EDGE ( 'NONE', *, *, #1877, .T. ) ;
#969 = CARTESIAN_POINT ( 'NONE',  ( 45.00000000000001421, -1.000000000000000000, -66.00000000000000000 ) ) ;
#970 = ORIENTED_EDGE ( 'NONE', *, *, #618, .T. ) ;
#971 = EDGE_CURVE ( 'NONE', #1286, #499, #609, .T. ) ;
#972 = VECTOR ( 'NONE', #573, 1000.000000000000000 ) ;
#973 = ORIENTED_EDGE ( 'NONE', *, *, #176, .T. ) ;
#974 = EDGE_CURVE ( 'NONE', #1601, #1802, #478, .T. ) ;
#975 = CARTESIAN_POINT ( 'NONE',  ( 45.00000000000000000, -1.000999999999998336, -60.00000000000000711 ) ) ;
#976 = AXIS2_PLACEMENT_3D ( 'NONE', #1844, #813, #1717 ) ;
#977 = VECTOR ( 'NONE', #1297, 1000.000000000000000 ) ;
#978 = CARTESIAN_POINT ( 'NONE',  ( -41.00000000000000711, -2.000000000000000000, -62.00000000000000000 ) ) ;
#979 = ADVANCED_FACE ( 'NONE', ( #729 ), #1761, .T. ) ;
#980 = CARTESIAN_POINT ( 'NONE',  ( -45.00000000000001421, 13.80000000000000071, -65.00000000000000000 ) ) ;
#981 = ORIENTED_EDGE ( 'NONE', *, *, #1762, .F. ) ;
#982 = CARTESIAN_POINT ( 'NONE',  ( 45.00000000000001421, 14.80000000000000071, -65.00000000000000000 ) ) ;
#983 = AXIS2_PLACEMENT_3D ( 'NONE', #397, #1574, #388 ) ;
#984 = ORIENTED_EDGE ( 'NONE', *, *, #515, .T. ) ;
#985 = DIRECTION ( 'NONE',  ( 0.000000000000000000, 0.000000000000000000, 1.000000000000000000 ) ) ;
#986 = CARTESIAN_POINT ( 'NONE',  ( 56.44868329805055396, 12.90000000000007674, -18.81622776601692593 ) ) ;
#987 = CARTESIAN_POINT ( 'NONE',  ( 26.00000000000002132, 11.89999999999999503, -77.00000000000000000 ) ) ;
#988 = PRODUCT_RELATED_PRODUCT_CATEGORY ( 'part', '', ( #1704 ) ) ;
#989 = ORIENTED_EDGE ( 'NONE', *, *, #1744, .F. ) ;
#990 = AXIS2_PLACEMENT_3D ( 'NONE', #416, #1472, #881 ) ;
#991 = LINE ( 'NONE', #550, #1702 ) ;
#992 = ORIENTED_EDGE ( 'NONE', *, *, #1881, .F. ) ;
#993 = DIRECTION ( 'NONE',  ( -1.000000000000000000, 0.000000000000000000, 2.891205793294675861E-16 ) ) ;
#994 = EDGE_CURVE ( 'NONE', #629, #276, #1488, .T. ) ;
#995 = DIRECTION ( 'NONE',  ( -1.000000000000000000, 0.000000000000000000, 0.000000000000000000 ) ) ;
#996 = LINE ( 'NONE', #255, #1256 ) ;
#997 = ORIENTED_EDGE ( 'NONE', *, *, #739, .F. ) ;
#998 = EDGE_CURVE ( 'NONE', #1716, #629, #1480, .T. ) ;
#999 = PLANE ( 'NONE',  #143 ) ;
#1000 = VERTEX_POINT ( 'NONE', #475 ) ;
#1001 = LINE ( 'NONE', #975, #594 ) ;
#1002 = VECTOR ( 'NONE', #933, 1000.000000000000000 ) ;
#1003 = ADVANCED_FACE ( 'NONE', ( #738 ), #1773, .F. ) ;
#1004 = EDGE_LOOP ( 'NONE', ( #1161, #1446, #1120, #100 ) ) ;
#1005 = PLANE ( 'NONE',  #245 ) ;
#1006 = VECTOR ( 'NONE', #1234, 1000.000000000000000 ) ;
#1007 = CARTESIAN_POINT ( 'NONE',  ( 43.00000000000000711, -2.000000000000000000, -64.00000000000000000 ) ) ;
#1008 = VERTEX_POINT ( 'NONE', #901 ) ;
#1009 = DIRECTION ( 'NONE',  ( 0.000000000000000000, 0.000000000000000000, -1.000000000000000000 ) ) ;
#1010 = ORIENTED_EDGE ( 'NONE', *, *, #97, .F. ) ;
#1011 = ADVANCED_FACE ( 'NONE', ( #1351 ), #296, .F. ) ;
#1012 = DIRECTION ( 'NONE',  ( 0.000000000000000000, 1.000000000000000000, 0.000000000000000000 ) ) ;
#1013 = AXIS2_PLACEMENT_3D ( 'NONE', #768, #1093, #634 ) ;
#1014 = VECTOR ( 'NONE', #518, 1000.000000000000000 ) ;
#1015 = ORIENTED_EDGE ( 'NONE', *, *, #1845, .F. ) ;
#1016 = DIRECTION ( 'NONE',  ( -2.478176394252582312E-17, 1.000000000000000000, -1.437342308666497870E-15 ) ) ;
#1017 = VECTOR ( 'NONE', #1541, 1000.000000000000000 ) ;
#1018 = DIRECTION ( 'NONE',  ( 0.000000000000000000, -0.000000000000000000, 1.000000000000000000 ) ) ;
#1019 = EDGE_LOOP ( 'NONE', ( #319, #1222, #1551, #495 ) ) ;
#1020 = DIRECTION ( 'NONE',  ( 1.000000000000000000, 0.000000000000000000, -0.000000000000000000 ) ) ;
#1021 = ORIENTED_EDGE ( 'NONE', *, *, #22, .T. ) ;
#1022 = LINE ( 'NONE', #1054, #1138 ) ;
#1023 = ORIENTED_EDGE ( 'NONE', *, *, #831, .T. ) ;
#1024 = CARTESIAN_POINT ( 'NONE',  ( 45.00000000000001421, 0.000000000000000000, -65.00000000000000000 ) ) ;
#1025 = CARTESIAN_POINT ( 'NONE',  ( -42.99999999999999289, -2.000000000000000000, -64.00000000000000000 ) ) ;
#1026 = EDGE_LOOP ( 'NONE', ( #1706, #989 ) ) ;
#1027 = LINE ( 'NONE', #758, #1836 ) ;
#1028 = LINE ( 'NONE', #692, #82 ) ;
#1029 = EDGE_LOOP ( 'NONE', ( #1722, #1767, #1471, #1218 ) ) ;
#1030 = CARTESIAN_POINT ( 'NONE',  ( 38.00000000000000711, -1.000000000000000000, -54.00000000000000000 ) ) ;
#1031 = EDGE_CURVE ( 'NONE', #1309, #887, #748, .T. ) ;
#1032 = ORIENTED_EDGE ( 'NONE', *, *, #1087, .T. ) ;
#1033 = CARTESIAN_POINT ( 'NONE',  ( -37.99999999999999289, -1.000000000000000000, -64.00000000000000000 ) ) ;
#1034 = VECTOR ( 'NONE', #399, 1000.000000000000000 ) ;
#1035 = CARTESIAN_POINT ( 'NONE',  ( 16.00000000000000711, -1.000000000000000000, -53.99999999999999289 ) ) ;
#1036 = ORIENTED_EDGE ( 'NONE', *, *, #683, .T. ) ;
#1037 = ADVANCED_FACE ( 'NONE', ( #1596 ), #865, .T. ) ;
#1038 = EDGE_CURVE ( 'NONE', #511, #239, #23, .T. ) ;
#1039 = DIRECTION ( 'NONE',  ( -1.000000000000000000, -0.000000000000000000, -0.000000000000000000 ) ) ;
#1040 = LINE ( 'NONE', #14, #715 ) ;
#1041 = LINE ( 'NONE', #1483, #1736 ) ;
#1042 = ADVANCED_FACE ( 'NONE', ( #1177, #306 ), #590, .T. ) ;
#1043 = ORIENTED_EDGE ( 'NONE', *, *, #1714, .F. ) ;
#1044 = LINE ( 'NONE', #1888, #456 ) ;
#1045 = VECTOR ( 'NONE', #941, 1000.000000000000000 ) ;
#1046 = EDGE_CURVE ( 'NONE', #313, #223, #909, .T. ) ;
#1047 = DIRECTION ( 'NONE',  ( 1.000000000000000000, 2.478176394252582620E-17, 0.000000000000000000 ) ) ;
#1048 = VERTEX_POINT ( 'NONE', #1322 ) ;
#1049 = CIRCLE ( 'NONE', #668, 3.000000000000002665 ) ;
#1050 = ADVANCED_FACE ( 'NONE', ( #1630 ), #314, .T. ) ;
#1051 = DIRECTION ( 'NONE',  ( 1.000000000000000000, 0.000000000000000000, 0.000000000000000000 ) ) ;
#1052 = DIRECTION ( 'NONE',  ( -2.168404344971008868E-16, 0.000000000000000000, -1.000000000000000000 ) ) ;
#1053 = VECTOR ( 'NONE', #469, 1000.000000000000000 ) ;
#1054 = CARTESIAN_POINT ( 'NONE',  ( -37.99999999999999289, -2.000000000000000000, -4.000000000000000000 ) ) ;
#1055 = VERTEX_POINT ( 'NONE', #601 ) ;
#1056 = CARTESIAN_POINT ( 'NONE',  ( 45.00000000000001421, 14.80000000000000071, -66.00000000000000000 ) ) ;
#1057 = CARTESIAN_POINT ( 'NONE',  ( 45.00000000000000000, -0.9999999999999991118, 0.000000000000000000 ) ) ;
#1058 = ORIENTED_EDGE ( 'NONE', *, *, #1429, .F. ) ;
#1059 = CARTESIAN_POINT ( 'NONE',  ( -45.00000000000001421, 13.80000000000000071, -65.00000000000000000 ) ) ;
#1060 = LINE ( 'NONE', #1324, #1552 ) ;
#1061 = CARTESIAN_POINT ( 'NONE',  ( 26.00000000000001776, 1.899999999999995692, -77.00000000000000000 ) ) ;
#1062 = EDGE_LOOP ( 'NONE', ( #1288, #1205, #1503, #1267, #335, #571, #1015, #373 ) ) ;
#1063 = DIRECTION ( 'NONE',  ( -1.000000000000000000, 0.000000000000000000, 2.891205793294675861E-16 ) ) ;
#1064 = DIRECTION ( 'NONE',  ( -0.000000000000000000, -1.000000000000000000, -0.000000000000000000 ) ) ;
#1065 = ORIENTED_EDGE ( 'NONE', *, *, #1452, .F. ) ;
#1066 = CIRCLE ( 'NONE', #204, 0.7499999999999988898 ) ;
#1067 = CARTESIAN_POINT ( 'NONE',  ( -40.99999999999999289, -1.000000000000000000, -4.000000000000000000 ) ) ;
#1068 = ORIENTED_EDGE ( 'NONE', *, *, #1283, .F. ) ;
#1069 = EDGE_CURVE ( 'NONE', #1435, #1750, #1196, .T. ) ;
#1070 = CYLINDRICAL_SURFACE ( 'NONE', #656, 3.000000000000001776 ) ;
#1071 = CARTESIAN_POINT ( 'NONE',  ( -40.09016994374960774, 12.90000000000000746, -66.00000000000000000 ) ) ;
#1072 = EDGE_CURVE ( 'NONE', #1403, #1286, #720, .T. ) ;
#1073 = ORIENTED_EDGE ( 'NONE', *, *, #1235, .T. ) ;
#1074 = LINE ( 'NONE', #1357, #387 ) ;
#1075 = DIRECTION ( 'NONE',  ( 0.000000000000000000, -1.000000000000000000, 0.000000000000000000 ) ) ;
#1076 = FACE_BOUND ( 'NONE', #1567, .T. ) ;
#1077 = PLANE ( 'NONE',  #791 ) ;
#1078 = VECTOR ( 'NONE', #1708, 1000.000000000000000 ) ;
#1079 = VERTEX_POINT ( 'NONE', #154 ) ;
#1080 = CARTESIAN_POINT ( 'NONE',  ( -12.89888543819997579, 12.90000000000000036, -70.94386991009993437 ) ) ;
#1081 = DIRECTION ( 'NONE',  ( -0.000000000000000000, 1.000000000000000000, 0.000000000000000000 ) ) ;
#1082 = ORIENTED_EDGE ( 'NONE', *, *, #1674, .T. ) ;
#1083 = CARTESIAN_POINT ( 'NONE',  ( 36.72075922005613791, 0.8999999999999958034, -78.00000000000000000 ) ) ;
#1084 = CARTESIAN_POINT ( 'NONE',  ( -41.00000000000000711, -0.5000000000000000000, -62.00000000000000000 ) ) ;
#1085 = LINE ( 'NONE', #1217, #885 ) ;
#1086 = ORIENTED_EDGE ( 'NONE', *, *, #1622, .T. ) ;
#1087 = EDGE_CURVE ( 'NONE', #948, #437, #1166, .T. ) ;
#1088 = CARTESIAN_POINT ( 'NONE',  ( -42.99999999999999289, -2.000000000000000000, -59.00000000000000711 ) ) ;
#1089 = ORIENTED_EDGE ( 'NONE', *, *, #1072, .T. ) ;
#1090 = CARTESIAN_POINT ( 'NONE',  ( 40.99999999999999289, -0.5000000000000000000, -4.749999999999999112 ) ) ;
#1091 = CARTESIAN_POINT ( 'NONE',  ( 0.000000000000000000, 14.80000000000000071, 0.000000000000000000 ) ) ;
#1092 = DIRECTION ( 'NONE',  ( -1.000000000000000000, 0.000000000000000000, -0.000000000000000000 ) ) ;
#1093 = DIRECTION ( 'NONE',  ( 0.000000000000000000, -1.000000000000000000, 0.000000000000000000 ) ) ;
#1094 = EDGE_CURVE ( 'NONE', #1628, #1133, #1027, .T. ) ;
#1095 = ORIENTED_EDGE ( 'NONE', *, *, #714, .F. ) ;
#1096 = AXIS2_PLACEMENT_3D ( 'NONE', #1715, #681, #424 ) ;
#1097 = VECTOR ( 'NONE', #349, 1000.000000000000000 ) ;
#1098 = ORIENTED_EDGE ( 'NONE', *, *, #1375, .T. ) ;
#1099 = CYLINDRICAL_SURFACE ( 'NONE', #1340, 0.7499999999999988898 ) ;
#1100 = EDGE_LOOP ( 'NONE', ( #1021, #875 ) ) ;
#1101 = FACE_OUTER_BOUND ( 'NONE', #67, .T. ) ;
#1102 = ORIENTED_EDGE ( 'NONE', *, *, #1046, .F. ) ;
#1103 = AXIS2_PLACEMENT_3D ( 'NONE', #1341, #1458, #30 ) ;
#1104 = ADVANCED_FACE ( 'NONE', ( #1516 ), #1077, .T. ) ;
#1105 = AXIS2_PLACEMENT_3D ( 'NONE', #1531, #493, #1673 ) ;
#1106 = ORIENTED_EDGE ( 'NONE', *, *, #301, .T. ) ;
#1107 = FACE_OUTER_BOUND ( 'NONE', #470, .T. ) ;
#1108 = VERTEX_POINT ( 'NONE', #1839 ) ;
#1109 = DIRECTION ( 'NONE',  ( 1.000000000000000000, 0.000000000000000000, -0.000000000000000000 ) ) ;
#1110 = ORIENTED_EDGE ( 'NONE', *, *, #855, .T. ) ;
#1111 = DIRECTION ( 'NONE',  ( 1.000000000000000000, 0.000000000000000000, 0.000000000000000000 ) ) ;
#1112 = ORIENTED_EDGE ( 'NONE', *, *, #1038, .T. ) ;
#1113 = DIRECTION ( 'NONE',  ( 0.000000000000000000, -1.000000000000000000, 0.000000000000000000 ) ) ;
#1114 = CARTESIAN_POINT ( 'NONE',  ( -45.00000000000001421, 14.80000000000000071, -66.00000000000000000 ) ) ;
#1115 = FACE_OUTER_BOUND ( 'NONE', #832, .T. ) ;
#1116 = ORIENTED_EDGE ( 'NONE', *, *, #1094, .T. ) ;
#1117 = AXIS2_PLACEMENT_3D ( 'NONE', #1150, #1869, #985 ) ;
#1118 =( GEOMETRIC_REPRESENTATION_CONTEXT ( 3 ) GLOBAL_UNCERTAINTY_ASSIGNED_CONTEXT ( ( #1600 ) ) GLOBAL_UNIT_ASSIGNED_CONTEXT ( ( #497, #1677, #225 ) ) REPRESENTATION_CONTEXT ( 'NONE', 'WORKASPACE' ) );
#1119 = DIRECTION ( 'NONE',  ( -0.000000000000000000, -1.000000000000000000, 0.000000000000000000 ) ) ;
#1120 = ORIENTED_EDGE ( 'NONE', *, *, #862, .T. ) ;
#1121 = PRODUCT_DEFINITION_SHAPE ( 'NONE', 'NONE',  #1892 ) ;
#1122 = CARTESIAN_POINT ( 'NONE',  ( -40.99999999999999289, -2.000000000000000000, -3.250000000000001332 ) ) ;
#1123 = CIRCLE ( 'NONE', #1399, 0.7500000000000006661 ) ;
#1124 = CARTESIAN_POINT ( 'NONE',  ( 44.00000000000000000, -2.000000000000000000, -1.000000000000000000 ) ) ;
#1125 = DIRECTION ( 'NONE',  ( 6.938893903907228378E-16, -1.000000000000000000, 0.000000000000000000 ) ) ;
#1126 = ORIENTED_EDGE ( 'NONE', *, *, #917, .T. ) ;
#1127 = EDGE_CURVE ( 'NONE', #1184, #405, #956, .T. ) ;
#1128 = DIRECTION ( 'NONE',  ( 0.000000000000000000, -1.000000000000000000, 0.000000000000000000 ) ) ;
#1129 = VECTOR ( 'NONE', #1557, 1000.000000000000000 ) ;
#1130 = ORIENTED_EDGE ( 'NONE', *, *, #1280, .T. ) ;
#1131 = PLANE ( 'NONE',  #910 ) ;
#1132 = EDGE_CURVE ( 'NONE', #1133, #1008, #1085, .T. ) ;
#1133 = VERTEX_POINT ( 'NONE', #808 ) ;
#1134 = LINE ( 'NONE', #986, #92 ) ;
#1135 = DIRECTION ( 'NONE',  ( 0.000000000000000000, 0.000000000000000000, 1.000000000000000000 ) ) ;
#1136 = APPLICATION_CONTEXT ( 'automotive_design' ) ;
#1137 = ORIENTED_EDGE ( 'NONE', *, *, #954, .F. ) ;
#1138 = VECTOR ( 'NONE', #1158, 1000.000000000000000 ) ;
#1139 = PLANE ( 'NONE',  #589 ) ;
#1140 = EDGE_LOOP ( 'NONE', ( #815, #1089, #1660, #1202 ) ) ;
#1141 = DIRECTION ( 'NONE',  ( -0.000000000000000000, -1.000000000000000000, 0.000000000000000000 ) ) ;
#1142 = CARTESIAN_POINT ( 'NONE',  ( -4.708535149079888859E-17, 1.899999999999994360, 1.569511716359964596E-17 ) ) ;
#1143 = ADVANCED_FACE ( 'NONE', ( #1239 ), #47, .F. ) ;
#1144 = DIRECTION ( 'NONE',  ( -1.000000000000000000, 0.000000000000000000, -0.000000000000000000 ) ) ;
#1145 = ORIENTED_EDGE ( 'NONE', *, *, #680, .T. ) ;
#1146 = EDGE_CURVE ( 'NONE', #279, #821, #1681, .T. ) ;
#1147 = PRODUCT_CONTEXT ( 'NONE', #1499, 'mechanical' ) ;
#1148 = DIRECTION ( 'NONE',  ( 0.000000000000000000, -1.000000000000000000, 0.000000000000000000 ) ) ;
#1149 = ORIENTED_EDGE ( 'NONE', *, *, #1176, .F. ) ;
#1150 = CARTESIAN_POINT ( 'NONE',  ( -40.99999999999999289, -10.48528137423858020, -62.00000000000000000 ) ) ;
#1151 = AXIS2_PLACEMENT_3D ( 'NONE', #828, #1570, #436 ) ;
#1152 = ORIENTED_EDGE ( 'NONE', *, *, #1510, .F. ) ;
#1153 = DIRECTION ( 'NONE',  ( -0.000000000000000000, -1.000000000000000000, -0.000000000000000000 ) ) ;
#1154 = DIRECTION ( 'NONE',  ( -0.000000000000000000, -1.000000000000000000, -0.000000000000000000 ) ) ;
#1155 = EDGE_LOOP ( 'NONE', ( #209, #904, #519, #1428 ) ) ;
#1156 = PLANE ( 'NONE',  #747 ) ;
#1157 = ORIENTED_EDGE ( 'NONE', *, *, #889, .T. ) ;
#1158 = DIRECTION ( 'NONE',  ( 0.000000000000000000, 0.000000000000000000, -1.000000000000000000 ) ) ;
#1159 = UNCERTAINTY_MEASURE_WITH_UNIT (LENGTH_MEASURE( 1.000000000000000082E-05 ), #332, 'distance_accuracy_value', 'NONE');
#1160 = AXIS2_PLACEMENT_3D ( 'NONE', #1203, #1644, #331 ) ;
#1161 = ORIENTED_EDGE ( 'NONE', *, *, #530, .F. ) ;
#1162 = LINE ( 'NONE', #1747, #338 ) ;
#1163 = AXIS2_PLACEMENT_3D ( 'NONE', #1084, #370, #1367 ) ;
#1164 = DIRECTION ( 'NONE',  ( 0.000000000000000000, -1.000000000000000000, 0.000000000000000000 ) ) ;
#1165 = EDGE_LOOP ( 'NONE', ( #413, #59, #1837, #249 ) ) ;
#1166 = LINE ( 'NONE', #1752, #636 ) ;
#1167 = EDGE_CURVE ( 'NONE', #1255, #843, #1813, .T. ) ;
#1168 = CARTESIAN_POINT ( 'NONE',  ( 40.00000000000001421, 11.90000000000001101, -65.00000000000000000 ) ) ;
#1169 = VERTEX_POINT ( 'NONE', #1659 ) ;
#1170 = CARTESIAN_POINT ( 'NONE',  ( 41.00000000000000711, -0.5000000000000000000, -62.75000000000000000 ) ) ;
#1171 = EDGE_CURVE ( 'NONE', #434, #737, #1360, .T. ) ;
#1172 = ORIENTED_EDGE ( 'NONE', *, *, #1731, .T. ) ;
#1173 = CARTESIAN_POINT ( 'NONE',  ( -40.99999999999999289, -2.000000000000000000, -7.000000000000000888 ) ) ;
#1174 = DIRECTION ( 'NONE',  ( -0.000000000000000000, -1.000000000000000000, 0.000000000000000000 ) ) ;
#1175 = EDGE_LOOP ( 'NONE', ( #309, #1609, #1676, #1240 ) ) ;
#1176 = EDGE_CURVE ( 'NONE', #1048, #887, #623, .T. ) ;
#1177 = FACE_BOUND ( 'NONE', #1492, .T. ) ;
#1178 = CARTESIAN_POINT ( 'NONE',  ( 40.99999999999999289, -10.48528137423857665, -4.000000000000000000 ) ) ;
#1179 = CARTESIAN_POINT ( 'NONE',  ( 45.00000000000000000, 14.80000000000000071, -60.00000000000000711 ) ) ;
#1180 = VERTEX_POINT ( 'NONE', #1525 ) ;
#1181 = VECTOR ( 'NONE', #1705, 1000.000000000000227 ) ;
#1182 = DIRECTION ( 'NONE',  ( -6.938893903907227392E-16, 0.000000000000000000, -1.000000000000000000 ) ) ;
#1183 = CARTESIAN_POINT ( 'NONE',  ( -40.99999999999999289, -1.000000000000000000, -59.00000000000000711 ) ) ;
#1184 = VERTEX_POINT ( 'NONE', #211 ) ;
#1185 = CIRCLE ( 'NONE', #361, 3.000000000000001776 ) ;
#1186 = AXIS2_PLACEMENT_3D ( 'NONE', #1891, #435, #572 ) ;
#1187 = CIRCLE ( 'NONE', #1527, 0.7499999999999988898 ) ;
#1188 = DIRECTION ( 'NONE',  ( 0.000000000000000000, 1.000000000000000000, 0.000000000000000000 ) ) ;
#1189 = FACE_OUTER_BOUND ( 'NONE', #1416, .T. ) ;
#1190 = DIRECTION ( 'NONE',  ( -0.000000000000000000, -1.000000000000000000, 0.000000000000000000 ) ) ;
#1191 = VERTEX_POINT ( 'NONE', #371 ) ;
#1192 = LINE ( 'NONE', #1636, #513 ) ;
#1193 = VECTOR ( 'NONE', #291, 1000.000000000000000 ) ;
#1194 = DIRECTION ( 'NONE',  ( 0.000000000000000000, -1.000000000000000000, 0.000000000000000000 ) ) ;
#1195 = EDGE_LOOP ( 'NONE', ( #195, #1325, #1356, #1730 ) ) ;
#1196 = LINE ( 'NONE', #1059, #600 ) ;
#1197 = EDGE_CURVE ( 'NONE', #1055, #1592, #849, .T. ) ;
#1198 = CARTESIAN_POINT ( 'NONE',  ( -44.00000000000001421, -1.000000000000000000, -65.00000000000000000 ) ) ;
#1199 = VECTOR ( 'NONE', #1383, 1000.000000000000000 ) ;
#1200 = CARTESIAN_POINT ( 'NONE',  ( 44.00000000000001421, -2.000000000000000000, -62.00000000000000000 ) ) ;
#1201 = ADVANCED_FACE ( 'NONE', ( #1369 ), #652, .T. ) ;
#1202 = ORIENTED_EDGE ( 'NONE', *, *, #215, .F. ) ;
#1203 = CARTESIAN_POINT ( 'NONE',  ( -37.99999999999999289, -10.48528137423857665, -4.000000000000000000 ) ) ;
#1204 = CARTESIAN_POINT ( 'NONE',  ( -41.00000000000000711, -0.5000000000000000000, -61.25000000000000000 ) ) ;
#1205 = ORIENTED_EDGE ( 'NONE', *, *, #1273, .T. ) ;
#1206 = EDGE_CURVE ( 'NONE', #1313, #355, #1227, .T. ) ;
#1207 = DIRECTION ( 'NONE',  ( -0.000000000000000000, -1.000000000000000000, -0.000000000000000000 ) ) ;
#1208 = ORIENTED_EDGE ( 'NONE', *, *, #324, .F. ) ;
#1209 = EDGE_CURVE ( 'NONE', #489, #1191, #1473, .T. ) ;
#1210 = CARTESIAN_POINT ( 'NONE',  ( 37.99999999999999289, -2.000000000000000000, -4.000000000000000000 ) ) ;
#1211 = CARTESIAN_POINT ( 'NONE',  ( -40.99999999999999289, -1.000000000000000000, -7.000000000000000888 ) ) ;
#1212 = ORIENTED_EDGE ( 'NONE', *, *, #295, .T. ) ;
#1213 = CARTESIAN_POINT ( 'NONE',  ( 40.99999999999999289, -2.000000000000000000, -4.000000000000000000 ) ) ;
#1214 = VECTOR ( 'NONE', #138, 1000.000000000000000 ) ;
#1215 = FACE_BOUND ( 'NONE', #1785, .T. ) ;
#1216 = VECTOR ( 'NONE', #1128, 1000.000000000000000 ) ;
#1217 = CARTESIAN_POINT ( 'NONE',  ( -37.99999999999999289, -2.000000000000000000, -2.000000000000000000 ) ) ;
#1218 = ORIENTED_EDGE ( 'NONE', *, *, #1429, .T. ) ;
#1219 = ADVANCED_FACE ( 'NONE', ( #1246 ), #644, .F. ) ;
#1220 = DIRECTION ( 'NONE',  ( 0.000000000000000000, -1.000000000000000000, 0.000000000000000000 ) ) ;
#1221 = CARTESIAN_POINT ( 'NONE',  ( 41.00000000000000711, -2.000000000000000000, -62.00000000000000000 ) ) ;
#1222 = ORIENTED_EDGE ( 'NONE', *, *, #2, .T. ) ;
#1223 = CARTESIAN_POINT ( 'NONE',  ( 36.00000000000001421, 1.899999999999993916, -77.00000000000000000 ) ) ;
#1224 = SURFACE_STYLE_USAGE ( .BOTH. , #188 ) ;
#1225 = VERTEX_POINT ( 'NONE', #1389 ) ;
#1226 = EDGE_CURVE ( 'NONE', #121, #1464, #1829, .T. ) ;
#1227 = LINE ( 'NONE', #789, #1317 ) ;
#1228 = VECTOR ( 'NONE', #995, 1000.000000000000000 ) ;
#1229 = ORIENTED_EDGE ( 'NONE', *, *, #1350, .F. ) ;
#1230 = CARTESIAN_POINT ( 'NONE',  ( 40.99999999999999289, -1.000000000000000000, -59.00000000000000711 ) ) ;
#1231 = CARTESIAN_POINT ( 'NONE',  ( 43.00000000000000711, -1.000000000000000000, -59.00000000000000711 ) ) ;
#1232 = ADVANCED_FACE ( 'NONE', ( #1101 ), #1686, .T. ) ;
#1233 = ORIENTED_EDGE ( 'NONE', *, *, #800, .T. ) ;
#1234 = DIRECTION ( 'NONE',  ( 1.000000000000000000, -0.000000000000000000, -3.154042683594195121E-16 ) ) ;
#1235 = EDGE_CURVE ( 'NONE', #1628, #809, #131, .T. ) ;
#1236 = LINE ( 'NONE', #1820, #385 ) ;
#1237 = DIRECTION ( 'NONE',  ( 1.000000000000000000, 0.000000000000000000, -2.891205793294676354E-16 ) ) ;
#1238 = ADVANCED_FACE ( 'NONE', ( #1415, #103 ), #554, .F. ) ;
#1239 = FACE_OUTER_BOUND ( 'NONE', #1695, .T. ) ;
#1240 = ORIENTED_EDGE ( 'NONE', *, *, #833, .F. ) ;
#1241 = DIRECTION ( 'NONE',  ( 0.000000000000000000, 1.000000000000000000, -0.000000000000000000 ) ) ;
#1242 = DIRECTION ( 'NONE',  ( 0.000000000000000000, 0.000000000000000000, -1.000000000000000000 ) ) ;
#1243 = ORIENTED_EDGE ( 'NONE', *, *, #379, .T. ) ;
#1244 = CARTESIAN_POINT ( 'NONE',  ( 25.90983005625042424, 12.89999999999999147, -78.00000000000000000 ) ) ;
#1245 = FACE_BOUND ( 'NONE', #1026, .T. ) ;
#1246 = FACE_OUTER_BOUND ( 'NONE', #322, .T. ) ;
#1247 = ORIENTED_EDGE ( 'NONE', *, *, #661, .F. ) ;
#1248 = DIRECTION ( 'NONE',  ( 1.000000000000000000, 0.000000000000000000, -2.891205793294675861E-16 ) ) ;
#1249 = AXIS2_PLACEMENT_3D ( 'NONE', #1530, #196, #1385 ) ;
#1250 = VERTEX_POINT ( 'NONE', #271 ) ;
#1251 = CARTESIAN_POINT ( 'NONE',  ( -41.00000000000000711, -2.000000000000000000, -62.00000000000000000 ) ) ;
#1252 = CARTESIAN_POINT ( 'NONE',  ( -45.00000000000001421, 13.80000000000000071, -65.00000000000000000 ) ) ;
#1253 = EDGE_CURVE ( 'NONE', #1791, #948, #1566, .T. ) ;
#1254 = DIRECTION ( 'NONE',  ( 0.000000000000000000, -0.000000000000000000, -1.000000000000000000 ) ) ;
#1255 = VERTEX_POINT ( 'NONE', #969 ) ;
#1256 = VECTOR ( 'NONE', #842, 1000.000000000000000 ) ;
#1257 = AXIS2_PLACEMENT_3D ( 'NONE', #677, #1016, #1454 ) ;
#1258 = ADVANCED_FACE ( 'NONE', ( #263 ), #853, .T. ) ;
#1259 = VERTEX_POINT ( 'NONE', #987 ) ;
#1260 = CARTESIAN_POINT ( 'NONE',  ( 37.99999999999999289, -2.000000000000000000, -2.000000000000000000 ) ) ;
#1261 = DIRECTION ( 'NONE',  ( 2.478176394252580463E-17, -1.000000000000000000, -8.260587980841944634E-18 ) ) ;
#1262 = LINE ( 'NONE', #1847, #841 ) ;
#1263 = EDGE_CURVE ( 'NONE', #1250, #355, #1270, .T. ) ;
#1264 = ORIENTED_EDGE ( 'NONE', *, *, #202, .T. ) ;
#1265 = ADVANCED_FACE ( 'NONE', ( #111, #237 ), #1424, .T. ) ;
#1266 = CARTESIAN_POINT ( 'NONE',  ( -45.00000000000000000, 0.000000000000000000, 0.000000000000000000 ) ) ;
#1267 = ORIENTED_EDGE ( 'NONE', *, *, #49, .T. ) ;
#1268 = DIRECTION ( 'NONE',  ( 0.000000000000000000, 1.000000000000000000, 0.000000000000000000 ) ) ;
#1269 = CARTESIAN_POINT ( 'NONE',  ( 0.000000000000000000, -1.000000000000000000, 0.000000000000000000 ) ) ;
#1270 = LINE ( 'NONE', #1710, #667 ) ;
#1271 = ORIENTED_EDGE ( 'NONE', *, *, #1711, .F. ) ;
#1272 = VECTOR ( 'NONE', #1764, 1000.000000000000000 ) ;
#1273 = EDGE_CURVE ( 'NONE', #1513, #737, #396, .T. ) ;
#1274 = DIRECTION ( 'NONE',  ( -0.000000000000000000, 1.000000000000000000, -0.000000000000000000 ) ) ;
#1275 = AXIS2_PLACEMENT_3D ( 'NONE', #1865, #412, #672 ) ;
#1276 = ORIENTED_EDGE ( 'NONE', *, *, #739, .T. ) ;
#1277 = CARTESIAN_POINT ( 'NONE',  ( -40.99999999999999289, -2.000000000000000000, -4.000000000000000000 ) ) ;
#1278 = AXIS2_PLACEMENT_3D ( 'NONE', #218, #926, #1504 ) ;
#1279 = PLANE ( 'NONE',  #122 ) ;
#1280 = EDGE_CURVE ( 'NONE', #870, #864, #1299, .T. ) ;
#1281 = CARTESIAN_POINT ( 'NONE',  ( -40.99999999999999289, -2.000000000000000000, -59.00000000000000711 ) ) ;
#1282 = ORIENTED_EDGE ( 'NONE', *, *, #315, .T. ) ;
#1283 = EDGE_CURVE ( 'NONE', #437, #239, #699, .T. ) ;
#1284 = DIRECTION ( 'NONE',  ( 0.000000000000000000, 0.000000000000000000, 1.000000000000000000 ) ) ;
#1285 = VECTOR ( 'NONE', #1786, 1000.000000000000000 ) ;
#1286 = VERTEX_POINT ( 'NONE', #404 ) ;
#1287 = DIRECTION ( 'NONE',  ( 0.000000000000000000, 1.437342308666497870E-15, 1.000000000000000000 ) ) ;
#1288 = ORIENTED_EDGE ( 'NONE', *, *, #205, .F. ) ;
#1289 = DIRECTION ( 'NONE',  ( 2.135044278125300850E-16, -0.000000000000000000, -1.000000000000000000 ) ) ;
#1290 = EDGE_CURVE ( 'NONE', #511, #1461, #1550, .T. ) ;
#1291 = PLANE ( 'NONE',  #91 ) ;
#1292 = CIRCLE ( 'NONE', #1719, 0.7500000000000006661 ) ;
#1293 = ORIENTED_EDGE ( 'NONE', *, *, #800, .F. ) ;
#1294 = PRODUCT ( 'Top', 'Top', '', ( #1147 ) ) ;
#1295 = FACE_OUTER_BOUND ( 'NONE', #1880, .T. ) ;
#1296 = EDGE_LOOP ( 'NONE', ( #1321, #159, #1697, #523, #1102, #21 ) ) ;
#1297 = DIRECTION ( 'NONE',  ( 0.000000000000000000, 0.000000000000000000, 1.000000000000000000 ) ) ;
#1298 = DIRECTION ( 'NONE',  ( -1.000000000000000000, 0.000000000000000000, 0.000000000000000000 ) ) ;
#1299 = LINE ( 'NONE', #1721, #1014 ) ;
#1300 = ORIENTED_EDGE ( 'NONE', *, *, #949, .F. ) ;
#1301 = FACE_OUTER_BOUND ( 'NONE', #779, .T. ) ;
#1302 = ORIENTED_EDGE ( 'NONE', *, *, #130, .T. ) ;
#1303 = DIRECTION ( 'NONE',  ( 0.000000000000000000, 0.000000000000000000, -1.000000000000000000 ) ) ;
#1304 = AXIS2_PLACEMENT_3D ( 'NONE', #1620, #1649, #336 ) ;
#1305 = EDGE_CURVE ( 'NONE', #230, #746, #996, .T. ) ;
#1306 = ORIENTED_EDGE ( 'NONE', *, *, #1674, .F. ) ;
#1307 = CARTESIAN_POINT ( 'NONE',  ( -2.230358754827309320E-17, 0.8999999999999949152, -66.00000000000000000 ) ) ;
#1308 = CARTESIAN_POINT ( 'NONE',  ( 40.99999999999999289, -1.000000000000000000, -4.000000000000000000 ) ) ;
#1309 = VERTEX_POINT ( 'NONE', #1281 ) ;
#1310 = DIRECTION ( 'NONE',  ( -0.000000000000000000, -1.000000000000000000, -0.000000000000000000 ) ) ;
#1311 = ADVANCED_FACE ( 'NONE', ( #818 ), #1405, .F. ) ;
#1312 = CARTESIAN_POINT ( 'NONE',  ( -40.99999999999999289, -10.48528137423858020, -59.00000000000000711 ) ) ;
#1313 = VERTEX_POINT ( 'NONE', #824 ) ;
#1314 = ADVANCED_FACE ( 'NONE', ( #1444 ), #1291, .F. ) ;
#1315 = DIRECTION ( 'NONE',  ( 0.000000000000000000, 0.000000000000000000, -1.000000000000000000 ) ) ;
#1316 = ORIENTED_EDGE ( 'NONE', *, *, #1744, .T. ) ;
#1317 = VECTOR ( 'NONE', #953, 1000.000000000000000 ) ;
#1318 = LINE ( 'NONE', #303, #848 ) ;
#1319 = VECTOR ( 'NONE', #1237, 1000.000000000000000 ) ;
#1320 = DIRECTION ( 'NONE',  ( 0.000000000000000000, 1.000000000000000000, 0.000000000000000000 ) ) ;
#1321 = ORIENTED_EDGE ( 'NONE', *, *, #1393, .T. ) ;
#1322 = CARTESIAN_POINT ( 'NONE',  ( -43.00000000000000000, -2.000000000000000000, -7.000000000000000000 ) ) ;
#1323 = AXIS2_PLACEMENT_3D ( 'NONE', #70, #1528, #783 ) ;
#1324 = CARTESIAN_POINT ( 'NONE',  ( -45.00000000000000000, 14.80000000000000071, -60.00000000000000711 ) ) ;
#1325 = ORIENTED_EDGE ( 'NONE', *, *, #1709, .F. ) ;
#1326 = PRODUCT_DEFINITION_SHAPE ( 'NONE', 'NONE',  #278 ) ;
#1327 = CARTESIAN_POINT ( 'NONE',  ( -44.00000000000000000, -2.000000000000000000, -3.999999999999999112 ) ) ;
#1328 = ORIENTED_EDGE ( 'NONE', *, *, #530, .T. ) ;
#1329 = DIRECTION ( 'NONE',  ( -1.000000000000000000, 1.734723475976808080E-16, 0.000000000000000000 ) ) ;
#1330 = DIRECTION ( 'NONE',  ( -1.000000000000000000, 0.000000000000000000, -2.891205793294675861E-16 ) ) ;
#1331 = ORIENTED_EDGE ( 'NONE', *, *, #806, .F. ) ;
#1332 = CARTESIAN_POINT ( 'NONE',  ( -40.99999999999999289, -2.000000000000000000, -59.00000000000000711 ) ) ;
#1333 = PLANE ( 'NONE',  #1463 ) ;
#1334 = CARTESIAN_POINT ( 'NONE',  ( 40.99999999999999289, -1.000000000000000000, -7.000000000000000888 ) ) ;
#1335 = EDGE_LOOP ( 'NONE', ( #790, #199, #704, #1449 ) ) ;
#1336 = VECTOR ( 'NONE', #740, 1000.000000000000000 ) ;
#1337 = DIRECTION ( 'NONE',  ( 0.000000000000000000, -1.000000000000000000, 0.000000000000000000 ) ) ;
#1338 = LINE ( 'NONE', #1025, #57 ) ;
#1339 = ORIENTED_EDGE ( 'NONE', *, *, #452, .T. ) ;
#1340 = AXIS2_PLACEMENT_3D ( 'NONE', #805, #1797, #1809 ) ;
#1341 = CARTESIAN_POINT ( 'NONE',  ( -41.00000000000000711, -2.000000000000000000, -62.00000000000000000 ) ) ;
#1342 = EDGE_CURVE ( 'NONE', #1601, #256, #1684, .T. ) ;
#1343 = LINE ( 'NONE', #1198, #1493 ) ;
#1344 = DIRECTION ( 'NONE',  ( 0.000000000000000000, 0.000000000000000000, -1.000000000000000000 ) ) ;
#1345 = ORIENTED_EDGE ( 'NONE', *, *, #1711, .T. ) ;
#1346 = LINE ( 'NONE', #1173, #1838 ) ;
#1347 = AXIS2_PLACEMENT_3D ( 'NONE', #896, #8, #1485 ) ;
#1348 = FILL_AREA_STYLE ('',( #55 ) ) ;
#1349 = ORIENTED_EDGE ( 'NONE', *, *, #1560, .T. ) ;
#1350 = EDGE_CURVE ( 'NONE', #506, #1225, #1262, .T. ) ;
#1351 = FACE_OUTER_BOUND ( 'NONE', #1834, .T. ) ;
#1352 = LINE ( 'NONE', #1080, #908 ) ;
#1353 = ADVANCED_FACE ( 'NONE', ( #1115 ), #419, .F. ) ;
#1354 = CARTESIAN_POINT ( 'NONE',  ( -40.99999999999999289, -0.5000000000000000000, -4.749999999999999112 ) ) ;
#1355 = EDGE_CURVE ( 'NONE', #702, #1169, #1185, .T. ) ;
#1356 = ORIENTED_EDGE ( 'NONE', *, *, #447, .T. ) ;
#1357 = CARTESIAN_POINT ( 'NONE',  ( 43.00000000000000711, -2.000000000000000000, -64.00000000000000000 ) ) ;
#1358 = CARTESIAN_POINT ( 'NONE',  ( 41.00000000000000711, -2.000000000000000000, -65.00000000000000000 ) ) ;
#1359 = EDGE_LOOP ( 'NONE', ( #539, #1032, #1687, #558 ) ) ;
#1360 = LINE ( 'NONE', #1396, #1045 ) ;
#1361 = ORIENTED_EDGE ( 'NONE', *, *, #1197, .T. ) ;
#1362 = CARTESIAN_POINT ( 'NONE',  ( 41.00000000000000711, -0.5000000000000000000, -62.00000000000000000 ) ) ;
#1363 = DIRECTION ( 'NONE',  ( 0.000000000000000000, 0.000000000000000000, -1.000000000000000000 ) ) ;
#1364 = ORIENTED_EDGE ( 'NONE', *, *, #929, .T. ) ;
#1365 = CARTESIAN_POINT ( 'NONE',  ( 40.99999999999999289, -0.5000000000000000000, -4.000000000000000000 ) ) ;
#1366 = CARTESIAN_POINT ( 'NONE',  ( -40.99999999999999289, -2.000000000000000000, -4.000000000000000000 ) ) ;
#1367 = DIRECTION ( 'NONE',  ( 0.000000000000000000, 0.000000000000000000, -1.000000000000000000 ) ) ;
#1368 = VECTOR ( 'NONE', #915, 1000.000000000000000 ) ;
#1369 = FACE_OUTER_BOUND ( 'NONE', #1725, .T. ) ;
#1370 = EDGE_CURVE ( 'NONE', #1309, #1538, #886, .T. ) ;
#1371 = ORIENTED_EDGE ( 'NONE', *, *, #1209, .T. ) ;
#1372 = VECTOR ( 'NONE', #785, 1000.000000000000000 ) ;
#1373 = CYLINDRICAL_SURFACE ( 'NONE', #1537, 0.7500000000000006661 ) ;
#1374 = ADVANCED_FACE ( 'NONE', ( #1495 ), #1637, .T. ) ;
#1375 = EDGE_CURVE ( 'NONE', #223, #230, #906, .T. ) ;
#1376 = ORIENTED_EDGE ( 'NONE', *, *, #1406, .T. ) ;
#1377 = LINE ( 'NONE', #641, #1006 ) ;
#1378 = CARTESIAN_POINT ( 'NONE',  ( -40.99999999999999289, -2.000000000000000000, -1.000000000000000000 ) ) ;
#1379 = CARTESIAN_POINT ( 'NONE',  ( 40.99999999999999289, -2.000000000000000000, -59.00000000000000711 ) ) ;
#1380 = CARTESIAN_POINT ( 'NONE',  ( 40.99999999999999289, -2.000000000000000000, -4.000000000000000000 ) ) ;
#1381 = VECTOR ( 'NONE', #776, 1000.000000000000000 ) ;
#1382 = EDGE_LOOP ( 'NONE', ( #621, #1095, #134, #1282 ) ) ;
#1383 = DIRECTION ( 'NONE',  ( -1.000000000000000000, -0.000000000000000000, -0.000000000000000000 ) ) ;
#1384 = ORIENTED_EDGE ( 'NONE', *, *, #1209, .F. ) ;
#1385 = DIRECTION ( 'NONE',  ( -1.000000000000000000, 0.000000000000000000, 0.000000000000000000 ) ) ;
#1386 = VECTOR ( 'NONE', #1490, 1000.000000000000000 ) ;
#1387 = DIRECTION ( 'NONE',  ( -0.000000000000000000, 0.000000000000000000, 1.000000000000000000 ) ) ;
#1388 = PLANE ( 'NONE',  #34 ) ;
#1389 = CARTESIAN_POINT ( 'NONE',  ( 36.72075922005613791, 12.89999999999999147, -78.00000000000000000 ) ) ;
#1390 = ORIENTED_EDGE ( 'NONE', *, *, #649, .T. ) ;
#1391 = CARTESIAN_POINT ( 'NONE',  ( 40.99999999999999289, -1.000000000000000000, -7.000000000000000888 ) ) ;
#1392 = ORIENTED_EDGE ( 'NONE', *, *, #232, .F. ) ;
#1393 = EDGE_CURVE ( 'NONE', #966, #1716, #1338, .T. ) ;
#1394 = DIRECTION ( 'NONE',  ( 0.000000000000000000, 1.000000000000000000, 0.000000000000000000 ) ) ;
#1395 = LINE ( 'NONE', #343, #1381 ) ;
#1396 = CARTESIAN_POINT ( 'NONE',  ( 44.00000000000001421, -1.000000000000000000, -65.00000000000000000 ) ) ;
#1397 = VERTEX_POINT ( 'NONE', #736 ) ;
#1398 = AXIS2_PLACEMENT_3D ( 'NONE', #797, #1387, #99 ) ;
#1399 = AXIS2_PLACEMENT_3D ( 'NONE', #1251, #1514, #1835 ) ;
#1400 = AXIS2_PLACEMENT_3D ( 'NONE', #1563, #1113, #1556 ) ;
#1401 = ORIENTED_EDGE ( 'NONE', *, *, #827, .F. ) ;
#1402 = CARTESIAN_POINT ( 'NONE',  ( 40.99999999999999289, -2.000000000000000000, -1.000000000000000000 ) ) ;
#1403 = VERTEX_POINT ( 'NONE', #587 ) ;
#1404 = LINE ( 'NONE', #1379, #1319 ) ;
#1405 = PLANE ( 'NONE',  #639 ) ;
#1406 = EDGE_CURVE ( 'NONE', #1538, #1180, #311, .T. ) ;
#1407 = ORIENTED_EDGE ( 'NONE', *, *, #1206, .F. ) ;
#1408 = VECTOR ( 'NONE', #440, 1000.000000000000000 ) ;
#1409 = SHAPE_REPRESENTATION_RELATIONSHIP ( 'NONE' , 'NONE' ,  #876, #1751 ) ;
#1410 = ORIENTED_EDGE ( 'NONE', *, *, #1355, .T. ) ;
#1411 = CARTESIAN_POINT ( 'NONE',  ( 44.00000000000001421, -2.000000000000000000, -65.00000000000000000 ) ) ;
#1412 = VECTOR ( 'NONE', #567, 1000.000000000000000 ) ;
#1413 = DIRECTION ( 'NONE',  ( 0.000000000000000000, 0.000000000000000000, -1.000000000000000000 ) ) ;
#1414 = PRODUCT ( 'BleCase3_\X2\041f043e\X0\ \X2\0443043c043e043b04470430043d0438044e\X0\', 'BleCase3_\X2\041f043e\X0\ \X2\0443043c043e043b04470430043d0438044e\X0\', '', ( #1418 ) ) ;
#1415 = FACE_BOUND ( 'NONE', #1861, .T. ) ;
#1416 = EDGE_LOOP ( 'NONE', ( #48, #1548, #682, #514 ) ) ;
#1417 = VECTOR ( 'NONE', #1850, 1000.000000000000000 ) ;
#1418 = PRODUCT_CONTEXT ( 'NONE', #1690, 'mechanical' ) ;
#1419 = CYLINDRICAL_SURFACE ( 'NONE', #1643, 3.000000000000000000 ) ;
#1420 = VERTEX_POINT ( 'NONE', #292 ) ;
#1421 = CARTESIAN_POINT ( 'NONE',  ( 41.00000000000000711, -0.5000000000000000000, -62.00000000000000000 ) ) ;
#1422 = ORIENTED_EDGE ( 'NONE', *, *, #73, .T. ) ;
#1423 = LINE ( 'NONE', #1863, #794 ) ;
#1424 = PLANE ( 'NONE',  #421 ) ;
#1425 = EDGE_LOOP ( 'NONE', ( #85, #359 ) ) ;
#1426 = CIRCLE ( 'NONE', #1796, 3.000000000000002665 ) ;
#1427 = CARTESIAN_POINT ( 'NONE',  ( -43.00000000000000000, -2.000000000000000000, -7.000000000000000000 ) ) ;
#1428 = ORIENTED_EDGE ( 'NONE', *, *, #1583, .F. ) ;
#1429 = EDGE_CURVE ( 'NONE', #230, #551, #453, .T. ) ;
#1430 = DIRECTION ( 'NONE',  ( -0.000000000000000000, -0.000000000000000000, 1.000000000000000000 ) ) ;
#1431 = VECTOR ( 'NONE', #1692, 1000.000000000000000 ) ;
#1432 = APPLICATION_CONTEXT ( 'automotive_design' ) ;
#1433 = DIRECTION ( 'NONE',  ( 0.000000000000000000, 1.000000000000000000, 0.000000000000000000 ) ) ;
#1434 = CARTESIAN_POINT ( 'NONE',  ( -45.00000000000000000, 13.80000000000000071, 0.000000000000000000 ) ) ;
#1435 = VERTEX_POINT ( 'NONE', #745 ) ;
#1436 = VECTOR ( 'NONE', #1789, 1000.000000000000000 ) ;
#1437 = EDGE_CURVE ( 'NONE', #864, #1509, #1594, .T. ) ;
#1438 = AXIS2_PLACEMENT_3D ( 'NONE', #1007, #706, #1584 ) ;
#1439 = AXIS2_PLACEMENT_3D ( 'NONE', #222, #963, #802 ) ;
#1440 = LINE ( 'NONE', #1168, #1034 ) ;
#1441 = ORIENTED_EDGE ( 'NONE', *, *, #1491, .F. ) ;
#1442 = DIRECTION ( 'NONE',  ( 0.000000000000000000, 0.000000000000000000, -1.000000000000000000 ) ) ;
#1443 = PLANE ( 'NONE',  #1685 ) ;
#1444 = FACE_OUTER_BOUND ( 'NONE', #1571, .T. ) ;
#1445 = VECTOR ( 'NONE', #793, 1000.000000000000000 ) ;
#1446 = ORIENTED_EDGE ( 'NONE', *, *, #318, .T. ) ;
#1447 = ADVANCED_FACE ( 'NONE', ( #28 ), #727, .T. ) ;
#1448 = LINE ( 'NONE', #1427, #1732 ) ;
#1449 = ORIENTED_EDGE ( 'NONE', *, *, #318, .F. ) ;
#1450 = DIRECTION ( 'NONE',  ( 1.000000000000000000, 0.000000000000000000, 0.000000000000000000 ) ) ;
#1451 = PRODUCT_DEFINITION_CONTEXT ( 'detailed design', #1532, 'design' ) ;
#1452 = EDGE_CURVE ( 'NONE', #673, #1191, #441, .T. ) ;
#1453 = VERTEX_POINT ( 'NONE', #1486 ) ;
#1454 = DIRECTION ( 'NONE',  ( 0.000000000000000000, 1.437342308666497870E-15, 1.000000000000000000 ) ) ;
#1455 = CARTESIAN_POINT ( 'NONE',  ( 40.99999999999999289, -2.000000000000000000, -1.000000000000000000 ) ) ;
#1456 = ORIENTED_EDGE ( 'NONE', *, *, #1072, .F. ) ;
#1457 = EDGE_CURVE ( 'NONE', #450, #673, #293, .T. ) ;
#1458 = DIRECTION ( 'NONE',  ( 0.000000000000000000, 1.000000000000000000, 0.000000000000000000 ) ) ;
#1459 = MECHANICAL_DESIGN_GEOMETRIC_PRESENTATION_REPRESENTATION (  '', ( #690 ), #325 ) ;
#1460 = DIRECTION ( 'NONE',  ( -1.000000000000000000, 0.000000000000000000, -2.891205793294676354E-16 ) ) ;
#1461 = VERTEX_POINT ( 'NONE', #1739 ) ;
#1462 = FACE_OUTER_BOUND ( 'NONE', #617, .T. ) ;
#1463 = AXIS2_PLACEMENT_3D ( 'NONE', #1362, #485, #326 ) ;
#1464 = VERTEX_POINT ( 'NONE', #1057 ) ;
#1465 = CARTESIAN_POINT ( 'NONE',  ( -40.99999999999999289, -2.000000000000000000, -4.749999999999999112 ) ) ;
#1466 = VECTOR ( 'NONE', #1330, 1000.000000000000000 ) ;
#1467 = CARTESIAN_POINT ( 'NONE',  ( 40.72075922005615212, 12.90000000000000924, -66.00000000000000000 ) ) ;
#1468 = ORIENTED_EDGE ( 'NONE', *, *, #215, .T. ) ;
#1469 = CARTESIAN_POINT ( 'NONE',  ( 0.000000000000000000, 0.000000000000000000, 0.000000000000000000 ) ) ;
#1470 = DIRECTION ( 'NONE',  ( -0.000000000000000000, 1.000000000000000000, -0.000000000000000000 ) ) ;
#1471 = ORIENTED_EDGE ( 'NONE', *, *, #1305, .F. ) ;
#1472 = DIRECTION ( 'NONE',  ( 3.154042683594195121E-16, 0.000000000000000000, 1.000000000000000000 ) ) ;
#1473 = CIRCLE ( 'NONE', #1623, 0.7499999999999988898 ) ;
#1474 = VECTOR ( 'NONE', #247, 1000.000000000000000 ) ;
#1475 = ORIENTED_EDGE ( 'NONE', *, *, #1305, .T. ) ;
#1476 = ADVANCED_FACE ( 'NONE', ( #597 ), #1779, .F. ) ;
#1477 = LINE ( 'NONE', #461, #124 ) ;
#1478 = CARTESIAN_POINT ( 'NONE',  ( 40.99999999999999289, -2.000000000000000000, -4.000000000000000000 ) ) ;
#1479 = ORIENTED_EDGE ( 'NONE', *, *, #1682, .F. ) ;
#1480 = LINE ( 'NONE', #1782, #695 ) ;
#1481 = VECTOR ( 'NONE', #1450, 1000.000000000000000 ) ;
#1482 = DIRECTION ( 'NONE',  ( 0.000000000000000000, 1.000000000000000000, -0.000000000000000000 ) ) ;
#1483 = CARTESIAN_POINT ( 'NONE',  ( -45.00000000000001421, 13.80000000000000071, -66.00000000000000000 ) ) ;
#1484 = ORIENTED_EDGE ( 'NONE', *, *, #423, .T. ) ;
#1485 = DIRECTION ( 'NONE',  ( 1.119176436114069085E-16, 0.000000000000000000, -1.000000000000000000 ) ) ;
#1486 = CARTESIAN_POINT ( 'NONE',  ( 38.00000000000000711, 0.000000000000000000, -54.00000000000000000 ) ) ;
#1487 = VERTEX_POINT ( 'NONE', #1455 ) ;
#1488 = LINE ( 'NONE', #323, #521 ) ;
#1489 = DIRECTION ( 'NONE',  ( 2.135044278125301096E-16, -0.000000000000000000, 1.000000000000000000 ) ) ;
#1490 = DIRECTION ( 'NONE',  ( 2.135044278125300850E-16, 0.000000000000000000, 1.000000000000000000 ) ) ;
#1491 = EDGE_CURVE ( 'NONE', #259, #1180, #874, .T. ) ;
#1492 = EDGE_LOOP ( 'NONE', ( #1625, #272, #883, #773 ) ) ;
#1493 = VECTOR ( 'NONE', #730, 1000.000000000000000 ) ;
#1494 = CARTESIAN_POINT ( 'NONE',  ( 38.00000000000000711, -1.000000000000000000, -54.00000000000000000 ) ) ;
#1495 = FACE_OUTER_BOUND ( 'NONE', #1617, .T. ) ;
#1496 = AXIS2_PLACEMENT_3D ( 'NONE', #524, #552, #1287 ) ;
#1497 = VERTEX_POINT ( 'NONE', #716 ) ;
#1498 = EDGE_CURVE ( 'NONE', #809, #1873, #381, .T. ) ;
#1499 = APPLICATION_CONTEXT ( 'automotive_design' ) ;
#1500 = DIRECTION ( 'NONE',  ( -0.000000000000000000, 1.000000000000000000, -0.000000000000000000 ) ) ;
#1501 = LINE ( 'NONE', #183, #872 ) ;
#1502 = LINE ( 'NONE', #1061, #798 ) ;
#1503 = ORIENTED_EDGE ( 'NONE', *, *, #1171, .F. ) ;
#1504 = DIRECTION ( 'NONE',  ( 0.000000000000000000, 0.000000000000000000, -1.000000000000000000 ) ) ;
#1505 = VECTOR ( 'NONE', #109, 1000.000000000000000 ) ;
#1506 = DIRECTION ( 'NONE',  ( 0.000000000000000000, 0.000000000000000000, -1.000000000000000000 ) ) ;
#1507 = ORIENTED_EDGE ( 'NONE', *, *, #949, .T. ) ;
#1508 = CARTESIAN_POINT ( 'NONE',  ( -43.00000000000000000, -2.000000000000000000, -2.000000000000000000 ) ) ;
#1509 = VERTEX_POINT ( 'NONE', #1467 ) ;
#1510 = EDGE_CURVE ( 'NONE', #1868, #1884, #151, .T. ) ;
#1511 = FACE_OUTER_BOUND ( 'NONE', #1875, .T. ) ;
#1512 = LINE ( 'NONE', #327, #1781 ) ;
#1513 = VERTEX_POINT ( 'NONE', #342 ) ;
#1514 = DIRECTION ( 'NONE',  ( 0.000000000000000000, -1.000000000000000000, 0.000000000000000000 ) ) ;
#1515 = FACE_OUTER_BOUND ( 'NONE', #1296, .T. ) ;
#1516 = FACE_OUTER_BOUND ( 'NONE', #345, .T. ) ;
#1517 = EDGE_CURVE ( 'NONE', #653, #1055, #787, .T. ) ;
#1518 = VERTEX_POINT ( 'NONE', #1378 ) ;
#1519 = DIRECTION ( 'NONE',  ( -1.000000000000000000, 0.000000000000000000, 0.000000000000000000 ) ) ;
#1520 = EDGE_CURVE ( 'NONE', #733, #375, #775, .T. ) ;
#1521 = ORIENTED_EDGE ( 'NONE', *, *, #1540, .F. ) ;
#1522 = DIRECTION ( 'NONE',  ( -0.000000000000000000, -1.000000000000000000, -0.000000000000000000 ) ) ;
#1523 = LINE ( 'NONE', #362, #297 ) ;
#1524 = LINE ( 'NONE', #1821, #1017 ) ;
#1525 = CARTESIAN_POINT ( 'NONE',  ( -42.99999999999999289, -1.000000000000000000, -59.00000000000000711 ) ) ;
#1526 = ORIENTED_EDGE ( 'NONE', *, *, #882, .T. ) ;
#1527 = AXIS2_PLACEMENT_3D ( 'NONE', #1365, #187, #54 ) ;
#1528 = DIRECTION ( 'NONE',  ( 0.000000000000000000, -1.000000000000000000, 0.000000000000000000 ) ) ;
#1529 = ORIENTED_EDGE ( 'NONE', *, *, #73, .F. ) ;
#1530 = CARTESIAN_POINT ( 'NONE',  ( 0.000000000000000000, 0.000000000000000000, -77.00000000000000000 ) ) ;
#1531 = CARTESIAN_POINT ( 'NONE',  ( -41.00000000000000711, -0.5000000000000000000, -62.00000000000000000 ) ) ;
#1532 = APPLICATION_CONTEXT ( 'automotive_design' ) ;
#1533 = DIRECTION ( 'NONE',  ( 0.000000000000000000, -1.000000000000000000, 0.000000000000000000 ) ) ;
#1534 = ORIENTED_EDGE ( 'NONE', *, *, #428, .T. ) ;
#1535 = ADVANCED_FACE ( 'NONE', ( #351 ), #391, .T. ) ;
#1536 = DIRECTION ( 'NONE',  ( 1.000000000000000000, 0.000000000000000000, 0.000000000000000000 ) ) ;
#1537 = AXIS2_PLACEMENT_3D ( 'NONE', #1784, #771, #1363 ) ;
#1538 = VERTEX_POINT ( 'NONE', #529 ) ;
#1539 = FACE_OUTER_BOUND ( 'NONE', #180, .T. ) ;
#1540 = EDGE_CURVE ( 'NONE', #1518, #1000, #711, .T. ) ;
#1541 = DIRECTION ( 'NONE',  ( -0.000000000000000000, 1.000000000000000000, -0.000000000000000000 ) ) ;
#1542 = MANIFOLD_SOLID_BREP ( '\X2\0412044b044004350437\X0\-\X2\0412044b0442044f043d04430442044c\X0\3', #488 ) ;
#1543 = DIRECTION ( 'NONE',  ( 2.891205793294676354E-16, 0.000000000000000000, 1.000000000000000000 ) ) ;
#1544 = ORIENTED_EDGE ( 'NONE', *, *, #862, .F. ) ;
#1545 = ORIENTED_EDGE ( 'NONE', *, *, #190, .T. ) ;
#1546 = FACE_OUTER_BOUND ( 'NONE', #217, .T. ) ;
#1547 = EDGE_CURVE ( 'NONE', #1133, #1108, #1798, .T. ) ;
#1548 = ORIENTED_EDGE ( 'NONE', *, *, #77, .T. ) ;
#1549 = LINE ( 'NONE', #509, #851 ) ;
#1550 = LINE ( 'NONE', #688, #919 ) ;
#1551 = ORIENTED_EDGE ( 'NONE', *, *, #1651, .T. ) ;
#1552 = VECTOR ( 'NONE', #468, 1000.000000000000000 ) ;
#1553 = APPLICATION_PROTOCOL_DEFINITION ( 'draft international standard', 'automotive_design', 1998, #1499 ) ;
#1554 = VECTOR ( 'NONE', #1268, 1000.000000000000000 ) ;
#1555 = ORIENTED_EDGE ( 'NONE', *, *, #749, .T. ) ;
#1556 = DIRECTION ( 'NONE',  ( 0.000000000000000000, 0.000000000000000000, -1.000000000000000000 ) ) ;
#1557 = DIRECTION ( 'NONE',  ( 0.000000000000000000, -0.000000000000000000, 1.000000000000000000 ) ) ;
#1558 = DIRECTION ( 'NONE',  ( 0.000000000000000000, 0.000000000000000000, -1.000000000000000000 ) ) ;
#1559 = VERTEX_POINT ( 'NONE', #481 ) ;
#1560 = EDGE_CURVE ( 'NONE', #1559, #1802, #781, .T. ) ;
#1561 = PRESENTATION_STYLE_ASSIGNMENT (( #1224 ) ) ;
#1562 = ORIENTED_EDGE ( 'NONE', *, *, #1855, .F. ) ;
#1563 = CARTESIAN_POINT ( 'NONE',  ( 41.00000000000000711, -0.5000000000000000000, -62.00000000000000000 ) ) ;
#1564 = CARTESIAN_POINT ( 'NONE',  ( 44.00000000000000000, -1.000000000000000000, -1.000000000000000000 ) ) ;
#1565 = EDGE_CURVE ( 'NONE', #854, #35, #1523, .T. ) ;
#1566 = LINE ( 'NONE', #1700, #366 ) ;
#1567 = EDGE_LOOP ( 'NONE', ( #1384, #566 ) ) ;
#1568 = EDGE_CURVE ( 'NONE', #1259, #437, #674, .T. ) ;
#1569 = APPLICATION_PROTOCOL_DEFINITION ( 'draft international standard', 'automotive_design', 1998, #1432 ) ;
#1570 = DIRECTION ( 'NONE',  ( -2.891205793294675861E-16, 0.000000000000000000, 1.000000000000000000 ) ) ;
#1571 = EDGE_LOOP ( 'NONE', ( #1422, #845, #658, #152 ) ) ;
#1572 = CYLINDRICAL_SURFACE ( 'NONE', #1883, 3.000000000000002665 ) ;
#1573 = CARTESIAN_POINT ( 'NONE',  ( 16.00000000000000711, -1.000000000000000000, -64.00000000000000000 ) ) ;
#1574 = DIRECTION ( 'NONE',  ( 0.000000000000000000, 0.000000000000000000, 1.000000000000000000 ) ) ;
#1575 = ORIENTED_EDGE ( 'NONE', *, *, #1031, .T. ) ;
#1576 = APPLICATION_PROTOCOL_DEFINITION ( 'draft international standard', 'automotive_design', 1998, #1532 ) ;
#1577 = AXIS2_PLACEMENT_3D ( 'NONE', #528, #646, #945 ) ;
#1578 = CARTESIAN_POINT ( 'NONE',  ( 45.00000000000001421, 13.80000000000000071, -65.00000000000000000 ) ) ;
#1579 = ORIENTED_EDGE ( 'NONE', *, *, #77, .F. ) ;
#1580 = LINE ( 'NONE', #822, #977 ) ;
#1581 = ORIENTED_EDGE ( 'NONE', *, *, #202, .F. ) ;
#1582 = CARTESIAN_POINT ( 'NONE',  ( 40.99999999999999289, -2.000000000000000000, -59.00000000000000711 ) ) ;
#1583 = EDGE_CURVE ( 'NONE', #1225, #531, #208, .T. ) ;
#1584 = DIRECTION ( 'NONE',  ( 0.000000000000000000, 0.000000000000000000, 1.000000000000000000 ) ) ;
#1585 = ORIENTED_EDGE ( 'NONE', *, *, #459, .F. ) ;
#1586 = EDGE_CURVE ( 'NONE', #531, #1823, #1236, .T. ) ;
#1587 = ADVANCED_FACE ( 'NONE', ( #1672 ), #220, .F. ) ;
#1588 = CARTESIAN_POINT ( 'NONE',  ( 37.99999999999999289, -1.000000000000000000, -2.000000000000000000 ) ) ;
#1589 = AXIS2_PLACEMENT_3D ( 'NONE', #788, #928, #90 ) ;
#1590 = VERTEX_POINT ( 'NONE', #1266 ) ;
#1591 = CARTESIAN_POINT ( 'NONE',  ( -12.89888543819997757, 0.000000000000000000, -70.94386991009993437 ) ) ;
#1592 = VERTEX_POINT ( 'NONE', #37 ) ;
#1593 = LINE ( 'NONE', #1699, #219 ) ;
#1594 = LINE ( 'NONE', #562, #777 ) ;
#1595 = ORIENTED_EDGE ( 'NONE', *, *, #852, .T. ) ;
#1596 = FACE_OUTER_BOUND ( 'NONE', #1155, .T. ) ;
#1597 = DIRECTION ( 'NONE',  ( -0.000000000000000000, 0.000000000000000000, -1.000000000000000000 ) ) ;
#1598 = ORIENTED_EDGE ( 'NONE', *, *, #1510, .T. ) ;
#1599 = LINE ( 'NONE', #288, #1870 ) ;
#1600 = UNCERTAINTY_MEASURE_WITH_UNIT (LENGTH_MEASURE( 1.000000000000000082E-05 ), #497, 'distance_accuracy_value', 'NONE');
#1601 = VERTEX_POINT ( 'NONE', #1204 ) ;
#1602 = LINE ( 'NONE', #1758, #1408 ) ;
#1603 = ADVANCED_FACE ( 'NONE', ( #472 ), #116, .F. ) ;
#1604 = DIRECTION ( 'NONE',  ( 0.000000000000000000, 0.000000000000000000, -1.000000000000000000 ) ) ;
#1605 = EDGE_LOOP ( 'NONE', ( #1172, #479, #769, #763 ) ) ;
#1606 = DIRECTION ( 'NONE',  ( -1.000000000000000000, 0.000000000000000000, -0.000000000000000000 ) ) ;
#1607 = DIRECTION ( 'NONE',  ( 0.000000000000000000, 1.000000000000000000, 0.000000000000000000 ) ) ;
#1608 = CIRCLE ( 'NONE', #1765, 0.7499999999999988898 ) ;
#1609 = ORIENTED_EDGE ( 'NONE', *, *, #1517, .F. ) ;
#1610 = CYLINDRICAL_SURFACE ( 'NONE', #549, 0.7499999999999988898 ) ;
#1611 = VECTOR ( 'NONE', #1867, 1000.000000000000000 ) ;
#1612 = ORIENTED_EDGE ( 'NONE', *, *, #238, .F. ) ;
#1613 = CARTESIAN_POINT ( 'NONE',  ( 45.00000000000001421, -0.9999999999999991118, -65.00000000000000000 ) ) ;
#1614 = VECTOR ( 'NONE', #170, 1000.000000000000000 ) ;
#1615 = ADVANCED_FACE ( 'NONE', ( #1860 ), #1874, .F. ) ;
#1616 = CARTESIAN_POINT ( 'NONE',  ( 40.99999999999999289, -0.5000000000000000000, -4.000000000000000000 ) ) ;
#1617 = EDGE_LOOP ( 'NONE', ( #868, #1887, #1126, #1734 ) ) ;
#1618 = CARTESIAN_POINT ( 'NONE',  ( -41.00000000000000711, -0.5000000000000000000, -61.25000000000000000 ) ) ;
#1619 = EDGE_CURVE ( 'NONE', #1750, #541, #1028, .T. ) ;
#1620 = CARTESIAN_POINT ( 'NONE',  ( -40.99999999999999289, -10.48528137423857665, -4.000000000000000000 ) ) ;
#1621 = CARTESIAN_POINT ( 'NONE',  ( 44.00000000000000000, -1.000000000000000000, -3.999999999999996447 ) ) ;
#1622 = EDGE_CURVE ( 'NONE', #1048, #259, #1448, .T. ) ;
#1623 = AXIS2_PLACEMENT_3D ( 'NONE', #1380, #1533, #66 ) ;
#1624 = VECTOR ( 'NONE', #386, 1000.000000000000000 ) ;
#1625 = ORIENTED_EDGE ( 'NONE', *, *, #406, .F. ) ;
#1626 = DIRECTION ( 'NONE',  ( -0.000000000000000000, -1.000000000000000000, -0.000000000000000000 ) ) ;
#1627 = CARTESIAN_POINT ( 'NONE',  ( -40.99999999999999289, -0.5000000000000000000, -4.000000000000000000 ) ) ;
#1628 = VERTEX_POINT ( 'NONE', #1588 ) ;
#1629 = ADVANCED_FACE ( 'NONE', ( #1733 ), #708, .F. ) ;
#1630 = FACE_OUTER_BOUND ( 'NONE', #1851, .T. ) ;
#1631 = CIRCLE ( 'NONE', #1323, 0.7499999999999988898 ) ;
#1632 = ADVANCED_FACE ( 'NONE', ( #1295 ), #1419, .T. ) ;
#1633 = FACE_OUTER_BOUND ( 'NONE', #212, .T. ) ;
#1634 = LINE ( 'NONE', #1885, #1386 ) ;
#1635 = ORIENTED_EDGE ( 'NONE', *, *, #575, .F. ) ;
#1636 = CARTESIAN_POINT ( 'NONE',  ( 45.00000000000000000, 13.80000000000000071, 0.000000000000000000 ) ) ;
#1637 = PLANE ( 'NONE',  #877 ) ;
#1638 = ORIENTED_EDGE ( 'NONE', *, *, #354, .T. ) ;
#1639 = CARTESIAN_POINT ( 'NONE',  ( 41.00000000000000711, -0.5000000000000000000, -61.25000000000000000 ) ) ;
#1640 = CARTESIAN_POINT ( 'NONE',  ( 40.99999999999999289, -1.000000000000000000, -59.00000000000000711 ) ) ;
#1641 = LINE ( 'NONE', #1354, #961 ) ;
#1642 = VERTEX_POINT ( 'NONE', #275 ) ;
#1643 = AXIS2_PLACEMENT_3D ( 'NONE', #258, #1607, #1753 ) ;
#1644 = DIRECTION ( 'NONE',  ( 1.000000000000000000, 0.000000000000000000, 0.000000000000000000 ) ) ;
#1645 = ORIENTED_EDGE ( 'NONE', *, *, #929, .F. ) ;
#1646 = EDGE_CURVE ( 'NONE', #235, #1868, #411, .T. ) ;
#1647 = CARTESIAN_POINT ( 'NONE',  ( 40.99999999999999289, -0.5000000000000000000, -4.000000000000000000 ) ) ;
#1648 = EDGE_LOOP ( 'NONE', ( #1866, #731, #1112, #1068 ) ) ;
#1649 = DIRECTION ( 'NONE',  ( -0.000000000000000000, 1.000000000000000000, -0.000000000000000000 ) ) ;
#1650 = CARTESIAN_POINT ( 'NONE',  ( 43.00000000000000711, -2.000000000000000000, -2.000000000000000000 ) ) ;
#1651 = EDGE_CURVE ( 'NONE', #38, #1538, #1426, .T. ) ;
#1652 = EDGE_LOOP ( 'NONE', ( #62, #1595, #1302, #1678 ) ) ;
#1653 = LINE ( 'NONE', #480, #1769 ) ;
#1654 = EDGE_CURVE ( 'NONE', #821, #279, #561, .T. ) ;
#1655 = CARTESIAN_POINT ( 'NONE',  ( 26.00000000000002132, 11.89999999999999503, -77.00000000000000000 ) ) ;
#1656 = DIRECTION ( 'NONE',  ( -1.000000000000000000, 0.000000000000000000, 0.000000000000000000 ) ) ;
#1657 = ADVANCED_FACE ( 'NONE', ( #1301 ), #1139, .F. ) ;
#1658 = AXIS2_PLACEMENT_3D ( 'NONE', #229, #84, #1254 ) ;
#1659 = CARTESIAN_POINT ( 'NONE',  ( 40.99999999999999289, -2.000000000000000000, -7.000000000000000888 ) ) ;
#1660 = ORIENTED_EDGE ( 'NONE', *, *, #971, .T. ) ;
#1661 = AXIS2_PLACEMENT_3D ( 'NONE', #732, #583, #1766 ) ;
#1662 = CARTESIAN_POINT ( 'NONE',  ( 44.00000000000000000, -2.000000000000000000, -1.000000000000000000 ) ) ;
#1663 = ORIENTED_EDGE ( 'NONE', *, *, #1457, .F. ) ;
#1664 = LINE ( 'NONE', #937, #1799 ) ;
#1665 = PLANE ( 'NONE',  #820 ) ;
#1666 = ORIENTED_EDGE ( 'NONE', *, *, #1845, .T. ) ;
#1667 = CARTESIAN_POINT ( 'NONE',  ( 0.000000000000000000, 0.000000000000000000, 0.000000000000000000 ) ) ;
#1668 = LINE ( 'NONE', #1211, #1445 ) ;
#1669 = ORIENTED_EDGE ( 'NONE', *, *, #315, .F. ) ;
#1670 = CARTESIAN_POINT ( 'NONE',  ( 44.00000000000001421, -1.000000000000000000, -62.00000000000000000 ) ) ;
#1671 = VECTOR ( 'NONE', #655, 1000.000000000000000 ) ;
#1672 = FACE_OUTER_BOUND ( 'NONE', #1605, .T. ) ;
#1673 = DIRECTION ( 'NONE',  ( 0.000000000000000000, -0.000000000000000000, -1.000000000000000000 ) ) ;
#1674 = EDGE_CURVE ( 'NONE', #1628, #648, #837, .T. ) ;
#1675 = DIRECTION ( 'NONE',  ( 0.000000000000000000, -1.000000000000000000, 0.000000000000000000 ) ) ;
#1676 = ORIENTED_EDGE ( 'NONE', *, *, #49, .F. ) ;
#1677 =( NAMED_UNIT ( * ) PLANE_ANGLE_UNIT ( ) SI_UNIT ( $, .RADIAN. ) );
#1678 = ORIENTED_EDGE ( 'NONE', *, *, #2, .F. ) ;
#1679 = ADVANCED_FACE ( 'NONE', ( #565 ), #1156, .F. ) ;
#1680 = LINE ( 'NONE', #650, #1372 ) ;
#1681 = CIRCLE ( 'NONE', #1013, 0.7499999999999988898 ) ;
#1682 = EDGE_CURVE ( 'NONE', #1000, #1884, #286, .T. ) ;
#1683 = ORIENTED_EDGE ( 'NONE', *, *, #1689, .F. ) ;
#1684 = CIRCLE ( 'NONE', #1275, 0.7500000000000006661 ) ;
#1685 = AXIS2_PLACEMENT_3D ( 'NONE', #1142, #1261, #1720 ) ;
#1686 = PLANE ( 'NONE',  #1658 ) ;
#1687 = ORIENTED_EDGE ( 'NONE', *, *, #1283, .T. ) ;
#1688 = CARTESIAN_POINT ( 'NONE',  ( -45.00000000000001421, 14.80000000000000071, -66.00000000000000000 ) ) ;
#1689 = EDGE_CURVE ( 'NONE', #239, #1791, #1440, .T. ) ;
#1690 = APPLICATION_CONTEXT ( 'automotive_design' ) ;
#1691 = ORIENTED_EDGE ( 'NONE', *, *, #1132, .F. ) ;
#1692 = DIRECTION ( 'NONE',  ( -0.000000000000000000, 1.000000000000000000, -0.000000000000000000 ) ) ;
#1693 = DIRECTION ( 'NONE',  ( -0.000000000000000000, -1.000000000000000000, -0.000000000000000000 ) ) ;
#1694 = DIRECTION ( 'NONE',  ( 0.000000000000000000, 0.000000000000000000, 1.000000000000000000 ) ) ;
#1695 = EDGE_LOOP ( 'NONE', ( #1065, #1663, #640, #1371 ) ) ;
#1696 = PRODUCT_DEFINITION ( 'UNKNOWN', '', #535, #772 ) ;
#1697 = ORIENTED_EDGE ( 'NONE', *, *, #994, .T. ) ;
#1698 = CARTESIAN_POINT ( 'NONE',  ( 41.00000000000000711, -1.000000000000000000, -65.00000000000000000 ) ) ;
#1699 = CARTESIAN_POINT ( 'NONE',  ( -40.99999999999999289, -10.48528137423857665, -7.000000000000000888 ) ) ;
#1700 = CARTESIAN_POINT ( 'NONE',  ( 40.00000000000001421, 1.899999999999993916, -65.00000000000000000 ) ) ;
#1701 = ORIENTED_EDGE ( 'NONE', *, *, #238, .T. ) ;
#1702 = VECTOR ( 'NONE', #1724, 1000.000000000000000 ) ;
#1703 = AXIS2_PLACEMENT_3D ( 'NONE', #1627, #1770, #10 ) ;
#1704 = PRODUCT ( 'TP4056_Charging_Module_Type_C.step', 'TP4056_Charging_Module_Type_C.step', '', ( #422 ) ) ;
#1705 = DIRECTION ( 'NONE',  ( -0.9838699100999074298, 2.327375768669317315E-16, 0.1788854381999830379 ) ) ;
#1706 = ORIENTED_EDGE ( 'NONE', *, *, #683, .F. ) ;
#1707 = LINE ( 'NONE', #1402, #660 ) ;
#1708 = DIRECTION ( 'NONE',  ( 0.000000000000000000, 0.000000000000000000, 1.000000000000000000 ) ) ;
#1709 = EDGE_CURVE ( 'NONE', #1169, #563, #145, .T. ) ;
#1710 = CARTESIAN_POINT ( 'NONE',  ( 45.00000000000001421, 0.000000000000000000, -65.00000000000000000 ) ) ;
#1711 = EDGE_CURVE ( 'NONE', #192, #1746, #991, .T. ) ;
#1712 = ORIENTED_EDGE ( 'NONE', *, *, #153, .F. ) ;
#1713 = ADVANCED_FACE ( 'NONE', ( #407 ), #999, .F. ) ;
#1714 = EDGE_CURVE ( 'NONE', #733, #541, #1060, .T. ) ;
#1715 = CARTESIAN_POINT ( 'NONE',  ( -41.00000000000000711, -1.000000000000000000, -62.00000000000000000 ) ) ;
#1716 = VERTEX_POINT ( 'NONE', #626 ) ;
#1717 = DIRECTION ( 'NONE',  ( -2.168404344971008868E-16, 0.000000000000000000, 1.000000000000000000 ) ) ;
#1718 = ORIENTED_EDGE ( 'NONE', *, *, #1038, .F. ) ;
#1719 = AXIS2_PLACEMENT_3D ( 'NONE', #903, #741, #135 ) ;
#1720 = DIRECTION ( 'NONE',  ( 1.000000000000000000, 2.478176394252580463E-17, 0.000000000000000000 ) ) ;
#1721 = CARTESIAN_POINT ( 'NONE',  ( -40.09016994374961484, 0.000000000000000000, -66.00000000000000000 ) ) ;
#1722 = ORIENTED_EDGE ( 'NONE', *, *, #546, .T. ) ;
#1723 =( REPRESENTATION_RELATIONSHIP ('NONE','NONE', #1826, #876 ) REPRESENTATION_RELATIONSHIP_WITH_TRANSFORMATION ( #691 )SHAPE_REPRESENTATION_RELATIONSHIP( ) );
#1724 = DIRECTION ( 'NONE',  ( -0.000000000000000000, 1.000000000000000000, -0.000000000000000000 ) ) ;
#1725 = EDGE_LOOP ( 'NONE', ( #107, #968, #1562, #1271 ) ) ;
#1726 = CARTESIAN_POINT ( 'NONE',  ( 38.00000000000000000, 0.000000000000000000, -64.00000000000000000 ) ) ;
#1727 = ORIENTED_EDGE ( 'NONE', *, *, #350, .T. ) ;
#1728 = LINE ( 'NONE', #705, #1810 ) ;
#1729 = DIRECTION ( 'NONE',  ( 2.135044278125300850E-16, -0.000000000000000000, -1.000000000000000000 ) ) ;
#1730 = ORIENTED_EDGE ( 'NONE', *, *, #806, .T. ) ;
#1731 = EDGE_CURVE ( 'NONE', #235, #653, #1343, .T. ) ;
#1732 = VECTOR ( 'NONE', #857, 1000.000000000000000 ) ;
#1733 = FACE_OUTER_BOUND ( 'NONE', #157, .T. ) ;
#1734 = ORIENTED_EDGE ( 'NONE', *, *, #1350, .T. ) ;
#1735 = CARTESIAN_POINT ( 'NONE',  ( 43.00000000000000711, -2.000000000000000000, -7.000000000000000000 ) ) ;
#1736 = VECTOR ( 'NONE', #576, 1000.000000000000000 ) ;
#1737 = ORIENTED_EDGE ( 'NONE', *, *, #97, .T. ) ;
#1738 = DIRECTION ( 'NONE',  ( 0.000000000000000000, -0.000000000000000000, 1.000000000000000000 ) ) ;
#1739 = CARTESIAN_POINT ( 'NONE',  ( 36.00000000000001421, 1.899999999999993916, -77.00000000000000000 ) ) ;
#1740 = EDGE_LOOP ( 'NONE', ( #117, #1086, #1300, #1581 ) ) ;
#1741 = CIRCLE ( 'NONE', #759, 0.7500000000000006661 ) ;
#1742 = CARTESIAN_POINT ( 'NONE',  ( 37.99999999999999289, -10.48528137423857665, -4.000000000000000000 ) ) ;
#1743 = EDGE_LOOP ( 'NONE', ( #282, #693, #367, #1229 ) ) ;
#1744 = EDGE_CURVE ( 'NONE', #669, #330, #1066, .T. ) ;
#1745 = LINE ( 'NONE', #1200, #894 ) ;
#1746 = VERTEX_POINT ( 'NONE', #1640 ) ;
#1747 = CARTESIAN_POINT ( 'NONE',  ( 38.00000000000000711, 0.000000000000000000, -54.00000000000000000 ) ) ;
#1748 = DIRECTION ( 'NONE',  ( 0.000000000000000000, -0.000000000000000000, -1.000000000000000000 ) ) ;
#1749 = ADVANCED_FACE ( 'NONE', ( #1633 ), #1333, .T. ) ;
#1750 = VERTEX_POINT ( 'NONE', #174 ) ;
#1751 = ADVANCED_BREP_SHAPE_REPRESENTATION ( '', ( #1542, #685 ), #1118 ) ;
#1752 = CARTESIAN_POINT ( 'NONE',  ( -40.00000000000001421, 11.90000000000001101, -65.00000000000000000 ) ) ;
#1753 = DIRECTION ( 'NONE',  ( 0.000000000000000000, 0.000000000000000000, 1.000000000000000000 ) ) ;
#1754 = ORIENTED_EDGE ( 'NONE', *, *, #714, .T. ) ;
#1755 = LINE ( 'NONE', #1327, #1412 ) ;
#1756 = EDGE_CURVE ( 'NONE', #1079, #192, #234, .T. ) ;
#1757 = ORIENTED_EDGE ( 'NONE', *, *, #1855, .T. ) ;
#1758 = CARTESIAN_POINT ( 'NONE',  ( 38.00000000000000711, -1.000000000000000000, -54.00000000000000000 ) ) ;
#1759 = DIRECTION ( 'NONE',  ( 0.000000000000000000, 0.000000000000000000, -1.000000000000000000 ) ) ;
#1760 = ORIENTED_EDGE ( 'NONE', *, *, #289, .F. ) ;
#1761 = CYLINDRICAL_SURFACE ( 'NONE', #924, 3.000000000000002665 ) ;
#1762 = EDGE_CURVE ( 'NONE', #611, #1497, #811, .T. ) ;
#1763 = AXIS2_PLACEMENT_3D ( 'NONE', #863, #570, #281 ) ;
#1764 = DIRECTION ( 'NONE',  ( 0.000000000000000000, 0.000000000000000000, -1.000000000000000000 ) ) ;
#1765 = AXIS2_PLACEMENT_3D ( 'NONE', #1277, #16, #1315 ) ;
#1766 = DIRECTION ( 'NONE',  ( 0.000000000000000000, 0.000000000000000000, 1.000000000000000000 ) ) ;
#1767 = ORIENTED_EDGE ( 'NONE', *, *, #423, .F. ) ;
#1768 = LINE ( 'NONE', #596, #273 ) ;
#1769 = VECTOR ( 'NONE', #340, 1000.000000000000000 ) ;
#1770 = DIRECTION ( 'NONE',  ( -0.000000000000000000, -1.000000000000000000, -0.000000000000000000 ) ) ;
#1771 = ORIENTED_EDGE ( 'NONE', *, *, #428, .F. ) ;
#1772 = EDGE_CURVE ( 'NONE', #907, #235, #1501, .T. ) ;
#1773 = PLANE ( 'NONE',  #726 ) ;
#1774 = AXIS2_PLACEMENT_3D ( 'NONE', #1067, #1801, #663 ) ;
#1775 = CARTESIAN_POINT ( 'NONE',  ( -41.00000000000000711, -2.000000000000000000, -61.25000000000000000 ) ) ;
#1776 = CARTESIAN_POINT ( 'NONE',  ( 37.99999999999999289, -1.000000000000000000, -4.000000000000000000 ) ) ;
#1777 = EDGE_LOOP ( 'NONE', ( #836, #829, #1264, #1585 ) ) ;
#1778 = LINE ( 'NONE', #1307, #920 ) ;
#1779 = PLANE ( 'NONE',  #474 ) ;
#1780 = ORIENTED_EDGE ( 'NONE', *, *, #680, .F. ) ;
#1781 = VECTOR ( 'NONE', #337, 1000.000000000000000 ) ;
#1782 = CARTESIAN_POINT ( 'NONE',  ( 38.00000000000000000, -1.000000000000000000, -64.00000000000000000 ) ) ;
#1783 = DIRECTION ( 'NONE',  ( -0.9838699100999075409, 0.000000000000000000, 0.1788854381999830656 ) ) ;
#1784 = CARTESIAN_POINT ( 'NONE',  ( -41.00000000000000711, -0.5000000000000000000, -62.00000000000000000 ) ) ;
#1785 = EDGE_LOOP ( 'NONE', ( #476, #149 ) ) ;
#1786 = DIRECTION ( 'NONE',  ( 0.000000000000000000, -1.000000000000000000, 0.000000000000000000 ) ) ;
#1787 =( NAMED_UNIT ( * ) PLANE_ANGLE_UNIT ( ) SI_UNIT ( $, .RADIAN. ) );
#1788 = ORIENTED_EDGE ( 'NONE', *, *, #1069, .F. ) ;
#1789 = DIRECTION ( 'NONE',  ( -1.000000000000000000, 0.000000000000000000, -2.891205793294676354E-16 ) ) ;
#1790 = ADVANCED_FACE ( 'NONE', ( #1189 ), #1070, .T. ) ;
#1791 = VERTEX_POINT ( 'NONE', #879 ) ;
#1792 = FACE_OUTER_BOUND ( 'NONE', #1777, .T. ) ;
#1793 = CARTESIAN_POINT ( 'NONE',  ( -42.99999999999999289, -2.000000000000000000, -59.00000000000000711 ) ) ;
#1794 = EDGE_CURVE ( 'NONE', #648, #702, #604, .T. ) ;
#1795 = ORIENTED_EDGE ( 'NONE', *, *, #1491, .T. ) ;
#1796 = AXIS2_PLACEMENT_3D ( 'NONE', #540, #1148, #1284 ) ;
#1797 = DIRECTION ( 'NONE',  ( -0.000000000000000000, -1.000000000000000000, -0.000000000000000000 ) ) ;
#1798 = LINE ( 'NONE', #610, #1368 ) ;
#1799 = VECTOR ( 'NONE', #1522, 1000.000000000000000 ) ;
#1800 = CARTESIAN_POINT ( 'NONE',  ( 0.000000000000000000, -2.000000000000000000, 0.000000000000000000 ) ) ;
#1801 = DIRECTION ( 'NONE',  ( 0.000000000000000000, 1.000000000000000000, 0.000000000000000000 ) ) ;
#1802 = VERTEX_POINT ( 'NONE', #1775 ) ;
#1803 = EDGE_CURVE ( 'NONE', #506, #864, #1352, .T. ) ;
#1804 = CARTESIAN_POINT ( 'NONE',  ( -44.00000000000000000, -2.000000000000000000, -1.000000000000000000 ) ) ;
#1805 = LINE ( 'NONE', #1793, #312 ) ;
#1806 = VECTOR ( 'NONE', #39, 1000.000000000000227 ) ;
#1807 = EDGE_CURVE ( 'NONE', #1857, #541, #1040, .T. ) ;
#1808 = ORIENTED_EDGE ( 'NONE', *, *, #115, .F. ) ;
#1809 = DIRECTION ( 'NONE',  ( 0.000000000000000000, 0.000000000000000000, -1.000000000000000000 ) ) ;
#1810 = VECTOR ( 'NONE', #1289, 1000.000000000000000 ) ;
#1811 =( NAMED_UNIT ( * ) SI_UNIT ( $, .STERADIAN. ) SOLID_ANGLE_UNIT ( ) );
#1812 = DIRECTION ( 'NONE',  ( 0.000000000000000000, -0.000000000000000000, -1.000000000000000000 ) ) ;
#1813 = LINE ( 'NONE', #930, #543 ) ;
#1814 = ORIENTED_EDGE ( 'NONE', *, *, #958, .F. ) ;
#1815 = CARTESIAN_POINT ( 'NONE',  ( -44.00000000000001421, -2.000000000000000000, -62.00000000000000000 ) ) ;
#1816 = DIRECTION ( 'NONE',  ( -0.000000000000000000, -1.000000000000000000, -0.000000000000000000 ) ) ;
#1817 = VERTEX_POINT ( 'NONE', #50 ) ;
#1818 = ADVANCED_FACE ( 'NONE', ( #1511 ), #457, .F. ) ;
#1819 = CARTESIAN_POINT ( 'NONE',  ( 16.00000000000000711, 0.000000000000000000, -53.99999999999999289 ) ) ;
#1820 = CARTESIAN_POINT ( 'NONE',  ( 56.44868329805056106, 0.8999999999999958034, -18.81622776601690816 ) ) ;
#1821 = CARTESIAN_POINT ( 'NONE',  ( 37.99999999999999289, -10.48528137423857665, -4.000000000000000000 ) ) ;
#1822 = DIRECTION ( 'NONE',  ( -0.000000000000000000, -1.000000000000000000, -0.000000000000000000 ) ) ;
#1823 = VERTEX_POINT ( 'NONE', #615 ) ;
#1824 = LINE ( 'NONE', #1662, #462 ) ;
#1825 = ORIENTED_EDGE ( 'NONE', *, *, #1437, .F. ) ;
#1826 = SHAPE_REPRESENTATION ( 'Top', ( #947, #1577 ), #207 ) ;
#1827 = DIRECTION ( 'NONE',  ( 0.000000000000000000, 0.000000000000000000, 1.000000000000000000 ) ) ;
#1828 = FACE_OUTER_BOUND ( 'NONE', #1652, .T. ) ;
#1829 = LINE ( 'NONE', #191, #603 ) ;
#1830 = ADVANCED_FACE ( 'NONE', ( #1792 ), #770, .T. ) ;
#1831 = ORIENTED_EDGE ( 'NONE', *, *, #1709, .T. ) ;
#1832 = LINE ( 'NONE', #965, #1002 ) ;
#1833 = EDGE_CURVE ( 'NONE', #223, #276, #166, .T. ) ;
#1834 = EDGE_LOOP ( 'NONE', ( #932, #1757, #136, #1331, #1848, #264, #1116, #87, #382, #1507, #1795, #147, #299, #287, #1843, #1098, #1475, #1364 ) ) ;
#1835 = DIRECTION ( 'NONE',  ( 0.000000000000000000, 0.000000000000000000, -1.000000000000000000 ) ) ;
#1836 = VECTOR ( 'NONE', #483, 1000.000000000000000 ) ;
#1837 = ORIENTED_EDGE ( 'NONE', *, *, #354, .F. ) ;
#1838 = VECTOR ( 'NONE', #1063, 1000.000000000000000 ) ;
#1839 = CARTESIAN_POINT ( 'NONE',  ( -37.99999999999999289, -1.000000000000000000, -4.000000000000000000 ) ) ;
#1840 = VECTOR ( 'NONE', #662, 1000.000000000000000 ) ;
#1841 = ORIENTED_EDGE ( 'NONE', *, *, #452, .F. ) ;
#1842 = CARTESIAN_POINT ( 'NONE',  ( -44.00000000000001421, -1.000000000000000000, -62.00000000000000000 ) ) ;
#1843 = ORIENTED_EDGE ( 'NONE', *, *, #1046, .T. ) ;
#1844 = CARTESIAN_POINT ( 'NONE',  ( 44.00000000000001421, -2.000000000000000000, -65.00000000000000000 ) ) ;
#1845 = EDGE_CURVE ( 'NONE', #1184, #1868, #156, .T. ) ;
#1846 = CARTESIAN_POINT ( 'NONE',  ( 41.00000000000000711, -0.5000000000000000000, -62.75000000000000000 ) ) ;
#1847 = CARTESIAN_POINT ( 'NONE',  ( -3.196847548585828597E-16, 12.89999999999998970, -78.00000000000000000 ) ) ;
#1848 = ORIENTED_EDGE ( 'NONE', *, *, #1498, .F. ) ;
#1849 = CARTESIAN_POINT ( 'NONE',  ( 0.000000000000000000, 0.000000000000000000, 0.000000000000000000 ) ) ;
#1850 = DIRECTION ( 'NONE',  ( 2.135044278125301096E-16, 0.000000000000000000, -1.000000000000000000 ) ) ;
#1851 = EDGE_LOOP ( 'NONE', ( #1612, #1152, #700, #756 ) ) ;
#1852 = EDGE_CURVE ( 'NONE', #1079, #1397, #592, .T. ) ;
#1853 = FACE_OUTER_BOUND ( 'NONE', #415, .T. ) ;
#1854 = LINE ( 'NONE', #1846, #1624 ) ;
#1855 = EDGE_CURVE ( 'NONE', #1746, #854, #637, .T. ) ;
#1856 = DIRECTION ( 'NONE',  ( 0.000000000000000000, 1.000000000000000000, 0.000000000000000000 ) ) ;
#1857 = VERTEX_POINT ( 'NONE', #1688 ) ;
#1858 = AXIS2_PLACEMENT_3D ( 'NONE', #125, #266, #721 ) ;
#1859 = APPLICATION_CONTEXT ( 'automotive_design' ) ;
#1860 = FACE_OUTER_BOUND ( 'NONE', #1195, .T. ) ;
#1861 = EDGE_LOOP ( 'NONE', ( #642, #992, #1825, #880 ) ) ;
#1862 = FACE_OUTER_BOUND ( 'NONE', #1740, .T. ) ;
#1863 = CARTESIAN_POINT ( 'NONE',  ( -45.00000000000000000, 13.80000000000000071, 0.000000000000000000 ) ) ;
#1864 = AXIS2_PLACEMENT_3D ( 'NONE', #1647, #1822, #494 ) ;
#1865 = CARTESIAN_POINT ( 'NONE',  ( -41.00000000000000711, -0.5000000000000000000, -62.00000000000000000 ) ) ;
#1866 = ORIENTED_EDGE ( 'NONE', *, *, #1568, .F. ) ;
#1867 = DIRECTION ( 'NONE',  ( -2.168404344971008868E-16, 0.000000000000000000, -1.000000000000000000 ) ) ;
#1868 = VERTEX_POINT ( 'NONE', #1842 ) ;
#1869 = DIRECTION ( 'NONE',  ( -0.000000000000000000, 1.000000000000000000, -0.000000000000000000 ) ) ;
#1870 = VECTOR ( 'NONE', #869, 1000.000000000000000 ) ;
#1871 = DIRECTION ( 'NONE',  ( -0.000000000000000000, 1.000000000000000000, -0.000000000000000000 ) ) ;
#1872 = DIRECTION ( 'NONE',  ( 0.000000000000000000, 0.000000000000000000, -1.000000000000000000 ) ) ;
#1873 = VERTEX_POINT ( 'NONE', #1391 ) ;
#1874 = PLANE ( 'NONE',  #1151 ) ;
#1875 = EDGE_LOOP ( 'NONE', ( #1598, #1479, #1276, #1666 ) ) ;
#1876 = CARTESIAN_POINT ( 'NONE',  ( -40.99999999999999289, -10.48528137423857665, -7.000000000000000888 ) ) ;
#1877 = EDGE_CURVE ( 'NONE', #168, #854, #60, .T. ) ;
#1878 = LINE ( 'NONE', #525, #1129 ) ;
#1879 = DIRECTION ( 'NONE',  ( -0.000000000000000000, 1.000000000000000000, -0.000000000000000000 ) ) ;
#1880 = EDGE_LOOP ( 'NONE', ( #1521, #1760, #339, #997 ) ) ;
#1881 = EDGE_CURVE ( 'NONE', #1509, #1823, #1832, .T. ) ;
#1882 = CARTESIAN_POINT ( 'NONE',  ( 37.99999999999999289, -2.000000000000000000, -2.000000000000000000 ) ) ;
#1883 = AXIS2_PLACEMENT_3D ( 'NONE', #830, #967, #846 ) ;
#1884 = VERTEX_POINT ( 'NONE', #1815 ) ;
#1885 = CARTESIAN_POINT ( 'NONE',  ( -45.00000000000001421, 0.000000000000000000, -65.00000000000000000 ) ) ;
#1886 = UNCERTAINTY_MEASURE_WITH_UNIT (LENGTH_MEASURE( 1.000000000000000082E-05 ), #213, 'distance_accuracy_value', 'NONE');
#1887 = ORIENTED_EDGE ( 'NONE', *, *, #496, .T. ) ;
#1888 = CARTESIAN_POINT ( 'NONE',  ( 36.00000000000001421, 1.899999999999993916, -77.00000000000000000 ) ) ;
#1889 = CARTESIAN_POINT ( 'NONE',  ( 0.000000000000000000, 0.000000000000000000, -78.00000000000000000 ) ) ;
#1890 = VERTEX_POINT ( 'NONE', #78 ) ;
#1891 = CARTESIAN_POINT ( 'NONE',  ( 0.000000000000000000, -1.000000000000000000, 0.000000000000000000 ) ) ;
#1892 = NEXT_ASSEMBLY_USAGE_OCCURRENCE ( 'NAUO1', ' ', ' ', #341, #1696, $ ) ;
ENDSEC;
END-ISO-10303-21;
